ts_ms,ts_utc,open,high,low,close,base_vol,quote_vol
1786548900000,2026-08-12T15:35:00Z,193.09,193.09,192.47,192.47,0.71,136.6537
1786549200000,2026-08-12T15:40:00Z,192.47,192.47,192.47,192.47,0,0
1786549500000,2026-08-12T15:45:00Z,192.47,192.47,191.76,191.76,0.07,13.4571
1786549800000,2026-08-12T15:50:00Z,191.76,191.76,191.38,191.38,0.01,1.9138
1786550100000,2026-08-12T15:55:00Z,191.38,191.71,191.38,191.71,0.22,42.1762
1786550400000,2026-08-12T16:00:00Z,191.71,191.71,191.71,191.71,0,0
1786550700000,2026-08-12T16:05:00Z,191.71,192.15,191.71,192.15,0.24,46.0838
1786551000000,2026-08-12T16:10:00Z,192.15,192.15,192.15,192.15,0,0
1786551300000,2026-08-12T16:15:00Z,192.15,192.53,192.15,192.53,0.5,96.238
1786551600000,2026-08-12T16:20:00Z,192.53,192.92,192.53,192.92,0.01,1.9292
1786551900000,2026-08-12T16:25:00Z,192.92,192.92,192.92,192.92,0,0
1786552200000,2026-08-12T16:30:00Z,192.92,192.92,192.45,192.77,0.24,46.1976
1786552500000,2026-08-12T16:35:00Z,192.77,193.1,192.72,192.97,1.18,227.7471
1786552800000,2026-08-12T16:40:00Z,192.97,193.3,192.97,193.3,0.01,1.933
1786553100000,2026-08-12T16:45:00Z,193.3,194.08,193.3,194.08,0.02,3.8777
1786553400000,2026-08-12T16:50:00Z,194.08,194.41,193.94,193.94,0.3,58.2055
1786553700000,2026-08-12T16:55:00Z,193.94,193.94,193.3,193.3,0.25,48.349
1786554000000,2026-08-12T17:00:00Z,193.3,193.3,193.3,193.3,0,0
1786554300000,2026-08-12T17:05:00Z,193.3,193.3,193.12,193.12,0.1,19.312
1786554600000,2026-08-12T17:10:00Z,193.12,193.51,193.12,193.51,0.08,15.4808
1786554900000,2026-08-12T17:15:00Z,193.51,193.51,193.2,193.2,0.58,112.0712
1786555200000,2026-08-12T17:20:00Z,193.2,193.2,192.15,192.15,0.28,53.9535
1786555500000,2026-08-12T17:25:00Z,192.15,192.92,192.15,192.92,0.24,46.2962
1786555800000,2026-08-12T17:30:00Z,192.92,193.29,192.92,192.96,0.36,69.5151
1786556100000,2026-08-12T17:35:00Z,192.96,192.96,192.96,192.96,0,0
1786556400000,2026-08-12T17:40:00Z,192.96,192.96,192.85,192.85,0.21,40.4985
1786556700000,2026-08-12T17:45:00Z,192.85,193.69,192.85,193.69,0.49,94.6937
1786557000000,2026-08-12T17:50:00Z,193.69,194.4,193.5,193.8,2.2,426.585
1786557300000,2026-08-12T17:55:00Z,193.8,193.8,193.8,193.8,0,0
1786557600000,2026-08-12T18:00:00Z,193.8,193.8,192.92,192.92,0.02,3.8622
1786557900000,2026-08-12T18:05:00Z,192.92,192.92,192.92,192.92,0,0
1786558200000,2026-08-12T18:10:00Z,192.92,192.92,192.92,192.92,0,0
1786558500000,2026-08-12T18:15:00Z,192.92,192.92,192.92,192.92,0,0
1786558800000,2026-08-12T18:20:00Z,192.92,193,192.92,193,0.16,30.88
1786559100000,2026-08-12T18:25:00Z,193,193.29,193,193.29,0.24,46.3896
1786559400000,2026-08-12T18:30:00Z,193.29,193.69,193.29,193.69,0.26,50.3319
1786559700000,2026-08-12T18:35:00Z,193.69,193.69,193.69,193.69,0,0
1786560000000,2026-08-12T18:40:00Z,193.69,193.69,193.69,193.69,0,0
1786560300000,2026-08-12T18:45:00Z,193.69,193.69,193.28,193.28,0.19,36.7232
1786560600000,2026-08-12T18:50:00Z,193.28,193.28,192.98,192.98,0.17,32.8066
1786560900000,2026-08-12T18:55:00Z,192.98,192.98,192.98,192.98,0,0
1786561200000,2026-08-12T19:00:00Z,192.98,193.43,192.98,193.43,0.14,27.0802
1786561500000,2026-08-12T19:05:00Z,193.43,194.06,193.24,194.06,0.76,147.3253
1786561800000,2026-08-12T19:10:00Z,194.06,194.06,194.06,194.06,0,0
1786562100000,2026-08-12T19:15:00Z,194.06,194.06,193.44,193.44,0.46,88.9849
1786562400000,2026-08-12T19:20:00Z,193.44,193.44,193.44,193.44,0,0
1786562700000,2026-08-12T19:25:00Z,193.44,193.44,193.44,193.44,0,0
1786563000000,2026-08-12T19:30:00Z,193.44,193.44,193.44,193.44,0,0
1786563300000,2026-08-12T19:35:00Z,193.44,193.44,193.44,193.44,0,0
1786563600000,2026-08-12T19:40:00Z,193.44,193.44,192.92,192.92,0.01,1.9292
1786563900000,2026-08-12T19:45:00Z,192.92,192.92,192.92,192.92,0,0
1786564200000,2026-08-12T19:50:00Z,192.92,192.92,192.92,192.92,0,0
1786564500000,2026-08-12T19:55:00Z,192.92,193.69,192.92,193.69,0.48,92.909
1786564800000,2026-08-12T20:00:00Z,193.69,193.69,193.46,193.46,0.25,48.365
1786565100000,2026-08-12T20:05:00Z,193.46,193.46,193.46,193.46,0,0
1786565400000,2026-08-12T20:10:00Z,193.46,193.46,193.46,193.46,0,0
1786565700000,2026-08-12T20:15:00Z,193.46,193.46,193.17,193.17,0.15,28.9755
1786566000000,2026-08-12T20:20:00Z,193.17,193.36,193.17,193.36,0.08,15.4688
1786566300000,2026-08-12T20:25:00Z,193.36,193.36,193.36,193.36,0,0
1786566600000,2026-08-12T20:30:00Z,193.36,193.57,193.36,193.57,0.05,9.6785
1786566900000,2026-08-12T20:35:00Z,193.57,193.57,193.57,193.57,0,0
1786567200000,2026-08-12T20:40:00Z,193.57,193.57,193.57,193.57,0,0
1786567500000,2026-08-12T20:45:00Z,193.57,193.57,193.32,193.32,0.17,32.8644
1786567800000,2026-08-12T20:50:00Z,193.32,193.37,193.32,193.37,0.14,27.0718
1786568100000,2026-08-12T20:55:00Z,193.37,193.56,193.37,193.56,0.11,21.2916
1786568400000,2026-08-12T21:00:00Z,193.56,193.56,193.41,193.41,0.1,19.341
1786568700000,2026-08-12T21:05:00Z,193.41,193.45,193.41,193.44,0.37,71.5753
1786569000000,2026-08-12T21:10:00Z,193.44,193.44,193.44,193.44,0,0
1786569300000,2026-08-12T21:15:00Z,193.44,193.44,193.21,193.21,0.15,28.9815
1786569600000,2026-08-12T21:20:00Z,193.21,193.41,192.89,193.41,0.05,9.65
1786569900000,2026-08-12T21:25:00Z,193.41,193.41,192.48,192.48,0.94,180.9317
1786570200000,2026-08-12T21:30:00Z,192.48,192.48,192.48,192.48,0,0
1786570500000,2026-08-12T21:35:00Z,192.48,192.48,192.48,192.48,0,0
1786570800000,2026-08-12T21:40:00Z,192.48,194.1,192.48,193.75,0.27,52.2612
1786571100000,2026-08-12T21:45:00Z,193.75,193.75,193.75,193.75,0,0
1786571400000,2026-08-12T21:50:00Z,193.75,193.88,193.75,193.88,0.07,13.5716
1786571700000,2026-08-12T21:55:00Z,193.88,194.6,192.24,194.6,16.48,3194.1363
1786572000000,2026-08-12T22:00:00Z,194.6,194.6,194.08,194.08,10.58,2053.3664
1786572300000,2026-08-12T22:05:00Z,194.08,194.08,194.08,194.08,0,0
1786572600000,2026-08-12T22:10:00Z,194.08,194.08,194.08,194.08,0,0
1786572900000,2026-08-12T22:15:00Z,194.08,194.08,194.08,194.08,0,0
1786573200000,2026-08-12T22:20:00Z,194.08,194.08,194.08,194.08,0,0
1786573500000,2026-08-12T22:25:00Z,194.08,194.08,193.44,193.44,0.5,96.7849
1786573800000,2026-08-12T22:30:00Z,193.44,193.9,193.44,193.9,0.13,25.207
1786574100000,2026-08-12T22:35:00Z,193.9,193.9,193.78,193.78,0.12,23.2536
1786574400000,2026-08-12T22:40:00Z,193.78,193.78,193.69,193.69,0.11,21.3059
1786574700000,2026-08-12T22:45:00Z,193.69,193.7,193.69,193.7,0.2,38.74
1786575000000,2026-08-12T22:50:00Z,193.7,193.7,193.7,193.7,0,0
1786575300000,2026-08-12T22:55:00Z,193.7,193.7,193.7,193.7,0,0
1786575600000,2026-08-12T23:00:00Z,193.7,193.7,193.64,193.64,0.18,34.8552
1786575900000,2026-08-12T23:05:00Z,193.64,193.64,193.52,193.52,0.2,38.704
1786576200000,2026-08-12T23:10:00Z,193.52,193.52,193.51,193.51,0.2,38.702
1786576500000,2026-08-12T23:15:00Z,193.51,193.51,193.5,193.5,0.08,15.48
1786576800000,2026-08-12T23:20:00Z,193.5,193.5,193.5,193.5,0,0
1786577100000,2026-08-12T23:25:00Z,193.5,193.5,193.5,193.5,0,0
1786577400000,2026-08-12T23:30:00Z,193.5,193.5,193.5,193.5,0,0
1786577700000,2026-08-12T23:35:00Z,193.5,193.52,193.5,193.52,0.05,9.676
1786578000000,2026-08-12T23:40:00Z,193.52,193.52,193.52,193.52,0,0
1786578300000,2026-08-12T23:45:00Z,193.52,193.55,193.52,193.55,0.19,36.7745
1786578600000,2026-08-12T23:50:00Z,193.55,193.55,193.48,193.48,0.14,27.0872
1786578900000,2026-08-12T23:55:00Z,193.48,193.56,193.48,193.56,0.13,25.1628
1786579200000,2026-08-13T00:00:00Z,193.56,193.56,193.44,193.44,0.37,71.5728
1786579500000,2026-08-13T00:05:00Z,193.44,193.44,193.44,193.44,0,0
1786579800000,2026-08-13T00:10:00Z,193.44,193.44,193.3,193.3,0.01,1.933
1786580100000,2026-08-13T00:15:00Z,193.3,193.3,192.92,192.92,0.01,1.9292
1786580400000,2026-08-13T00:20:00Z,192.92,192.92,186.68,190.98,17.75,3380.12
1786580700000,2026-08-13T00:25:00Z,190.98,192.24,189.45,190.24,7.28,1387.9258
1786581000000,2026-08-13T00:30:00Z,190.24,190.24,190.24,190.24,0,0
1786581300000,2026-08-13T00:35:00Z,190.24,192.52,190.23,190.23,3.18,608.7476
1786581600000,2026-08-13T00:40:00Z,190.23,190.99,190.23,190.99,0.04,7.6393
1786581900000,2026-08-13T00:45:00Z,190.99,192.15,190.99,192.15,0.03,5.7529
1786582200000,2026-08-13T00:50:00Z,192.15,192.15,192.15,192.15,0,0
1786582500000,2026-08-13T00:55:00Z,192.15,193.29,192.15,193.29,0.14,27.0169
1786582800000,2026-08-13T01:00:00Z,193.29,193.29,193.29,193.29,0,0
1786583100000,2026-08-13T01:05:00Z,193.29,193.3,193.29,193.3,0.01,1.933
1786583400000,2026-08-13T01:10:00Z,193.3,193.69,193.3,193.69,0.01,1.9369
1786583700000,2026-08-13T01:15:00Z,193.69,193.69,193.69,193.69,0,0
1786584000000,2026-08-13T01:20:00Z,193.69,193.69,193.37,193.69,0.21,40.6365
1786584300000,2026-08-13T01:25:00Z,193.69,193.78,193.69,193.78,3.73,722.7994
1786584600000,2026-08-13T01:30:00Z,193.78,194.08,193.78,194.08,0.01,1.9408
1786584900000,2026-08-13T01:35:00Z,194.08,194.08,194.08,194.08,0,0
1786585200000,2026-08-13T01:40:00Z,194.08,194.08,194.08,194.08,0,0
1786585500000,2026-08-13T01:45:00Z,194.08,194.08,194.08,194.08,0,0
1786585800000,2026-08-13T01:50:00Z,194.08,194.08,194.08,194.08,0,0
1786586100000,2026-08-13T01:55:00Z,194.08,194.15,193.96,193.96,1.12,217.4026
1786586400000,2026-08-13T02:00:00Z,193.96,194.25,193.96,194.25,0.19,36.9075
1786586700000,2026-08-13T02:05:00Z,194.25,194.25,194.17,194.17,0.17,33.0089
1786587000000,2026-08-13T02:10:00Z,194.17,194.17,194.17,194.17,0,0
1786587300000,2026-08-13T02:15:00Z,194.17,194.17,194.17,194.17,0,0
1786587600000,2026-08-13T02:20:00Z,194.17,194.17,194.16,194.16,0.11,21.3576
1786587900000,2026-08-13T02:25:00Z,194.16,194.16,194.09,194.09,0.05,9.7045
1786588200000,2026-08-13T02:30:00Z,194.09,194.09,194.08,194.08,0.05,9.704
1786588500000,2026-08-13T02:35:00Z,194.08,194.12,194.08,194.12,0.04,7.7648
1786588800000,2026-08-13T02:40:00Z,194.12,194.12,194.02,194.02,0.2,38.804
1786589100000,2026-08-13T02:45:00Z,194.02,194.02,194.02,194.02,0,0
1786589400000,2026-08-13T02:50:00Z,194.02,194.02,194.02,194.02,0,0
1786589700000,2026-08-13T02:55:00Z,194.02,194.02,194.02,194.02,0,0
1786590000000,2026-08-13T03:00:00Z,194.02,194.02,194.02,194.02,0,0
1786590300000,2026-08-13T03:05:00Z,194.02,194.02,193.83,193.83,0.19,36.8277
1786590600000,2026-08-13T03:10:00Z,193.83,193.86,193.83,193.86,0.08,15.5088
1786590900000,2026-08-13T03:15:00Z,193.86,193.88,193.86,193.88,0.1,19.388
1786591200000,2026-08-13T03:20:00Z,193.88,193.88,193.88,193.88,0,0
1786591500000,2026-08-13T03:25:00Z,193.88,193.9,193.88,193.9,0.09,17.451
1786591800000,2026-08-13T03:30:00Z,193.9,193.9,193.9,193.9,0,0
1786592100000,2026-08-13T03:35:00Z,193.9,193.93,193.9,193.93,0.08,15.5144
1786592400000,2026-08-13T03:40:00Z,193.93,193.93,193.93,193.93,0.15,29.0895
1786592700000,2026-08-13T03:45:00Z,193.93,194.38,193.93,194.38,0.14,27.1824
1786593000000,2026-08-13T03:50:00Z,194.38,194.38,194.38,194.38,0,0
1786593300000,2026-08-13T03:55:00Z,194.38,194.38,194.38,194.38,0,0
1786593600000,2026-08-13T04:00:00Z,194.38,194.38,194.38,194.38,0,0
1786593900000,2026-08-13T04:05:00Z,194.38,194.38,193.93,193.93,0.14,27.1502
1786594200000,2026-08-13T04:10:00Z,193.93,193.93,193.93,193.93,0,0
1786594500000,2026-08-13T04:15:00Z,193.93,194.28,193.44,193.44,0.06,11.6316
1786594800000,2026-08-13T04:20:00Z,193.44,193.44,193.44,193.44,0,0
1786595100000,2026-08-13T04:25:00Z,193.44,193.44,193.44,193.44,0,0
1786595400000,2026-08-13T04:30:00Z,193.44,194.16,193.35,193.35,0.06,11.6253
1786595700000,2026-08-13T04:35:00Z,193.35,193.35,193.35,193.35,0,0
1786596000000,2026-08-13T04:40:00Z,193.35,193.35,193.35,193.35,0,0
1786596300000,2026-08-13T04:45:00Z,193.35,193.91,193.3,193.3,0.44,85.1757
1786596600000,2026-08-13T04:50:00Z,193.3,193.3,193.3,193.3,0,0
1786596900000,2026-08-13T04:55:00Z,193.3,193.34,193.3,193.34,0.15,29.001
1786597200000,2026-08-13T05:00:00Z,193.34,193.34,193.34,193.34,0,0
1786597500000,2026-08-13T05:05:00Z,193.34,193.34,193.34,193.34,0,0
1786597800000,2026-08-13T05:10:00Z,193.34,193.78,193.22,193.22,0.36,69.66
1786598100000,2026-08-13T05:15:00Z,193.22,193.5,193.22,193.5,0.15,29.025
1786598400000,2026-08-13T05:20:00Z,193.5,193.75,193.5,193.66,0.24,46.4892
1786598700000,2026-08-13T05:25:00Z,193.66,193.66,193.66,193.66,0,0
1786599000000,2026-08-13T05:30:00Z,193.66,193.66,193.66,193.66,0,0
1786599300000,2026-08-13T05:35:00Z,193.66,193.77,193.66,193.77,0.05,9.6885
1786599600000,2026-08-13T05:40:00Z,193.77,193.77,193.77,193.77,0,0
1786599900000,2026-08-13T05:45:00Z,193.77,193.77,193.77,193.77,0,0
1786600200000,2026-08-13T05:50:00Z,193.77,193.77,193.77,193.77,0,0
1786600500000,2026-08-13T05:55:00Z,193.77,193.77,193.32,193.58,0.18,34.821
1786600800000,2026-08-13T06:00:00Z,193.58,193.58,193.58,193.58,0,0
1786601100000,2026-08-13T06:05:00Z,193.58,193.58,193.42,193.42,0.19,36.7498
1786601400000,2026-08-13T06:10:00Z,193.42,193.42,193.42,193.42,0,0
1786601700000,2026-08-13T06:15:00Z,193.42,193.42,193.42,193.42,0,0
1786602000000,2026-08-13T06:20:00Z,193.42,193.42,193.42,193.42,0,0
1786602300000,2026-08-13T06:25:00Z,193.42,193.74,193.39,193.39,0.42,81.2833
1786602600000,2026-08-13T06:30:00Z,193.39,193.47,193.11,193.11,0.06,11.5974
1786602900000,2026-08-13T06:35:00Z,193.11,194.04,193.11,193.34,0.62,119.9519
1786603200000,2026-08-13T06:40:00Z,193.34,193.34,193.34,193.34,0,0
1786603500000,2026-08-13T06:45:00Z,193.34,193.34,193.34,193.34,0,0
1786603800000,2026-08-13T06:50:00Z,193.34,193.34,193.34,193.34,0,0
1786604100000,2026-08-13T06:55:00Z,193.34,193.65,193.34,193.61,0.34,65.8314
1786604400000,2026-08-13T07:00:00Z,193.61,193.61,193.61,193.61,0,0
1786604700000,2026-08-13T07:05:00Z,193.61,193.61,193.61,193.61,0,0
1786605000000,2026-08-13T07:10:00Z,193.61,193.61,193.61,193.61,0,0
1786605300000,2026-08-13T07:15:00Z,193.61,193.62,193.61,193.62,0.07,13.5534
1786605600000,2026-08-13T07:20:00Z,193.62,193.62,193.62,193.62,0,0
1786605900000,2026-08-13T07:25:00Z,193.62,193.68,193.62,193.68,0.14,27.1152
1786606200000,2026-08-13T07:30:00Z,193.68,193.73,193.68,193.73,0.1,19.373
1786606500000,2026-08-13T07:35:00Z,193.73,193.8,193.73,193.8,0.11,21.318
1786606800000,2026-08-13T07:40:00Z,193.8,193.8,193.8,193.8,0,0
1786607100000,2026-08-13T07:45:00Z,193.8,193.8,193.67,193.67,0.18,34.8606
1786607400000,2026-08-13T07:50:00Z,193.67,193.73,193.54,193.73,0.34,65.8359
1786607700000,2026-08-13T07:55:00Z,193.73,193.98,193.73,193.98,0.1,19.398
1786608000000,2026-08-13T08:00:00Z,193.98,193.98,192.92,192.92,0.06,11.5837
1786608300000,2026-08-13T08:05:00Z,192.92,193.08,192.92,193.08,0.11,21.2388
1786608600000,2026-08-13T08:10:00Z,193.08,193.08,192.9,192.9,0.18,34.722
1786608900000,2026-08-13T08:15:00Z,192.9,192.9,192.53,192.53,0.31,59.7078
1786609200000,2026-08-13T08:20:00Z,192.53,192.53,192.53,192.53,0,0
1786609500000,2026-08-13T08:25:00Z,192.53,192.96,192.24,192.24,0.06,11.556
1786609800000,2026-08-13T08:30:00Z,192.24,192.24,192.24,192.24,0,0
1786610100000,2026-08-13T08:35:00Z,192.24,192.78,192.24,192.78,0.16,30.8448
1786610400000,2026-08-13T08:40:00Z,192.78,192.78,192.34,192.34,2.5,480.97
1786610700000,2026-08-13T08:45:00Z,192.34,192.72,192.34,192.72,0.14,26.9808
1786611000000,2026-08-13T08:50:00Z,192.72,192.72,192.72,192.72,0,0
1786611300000,2026-08-13T08:55:00Z,192.72,193.1,192.18,193.1,0.26,50.0864
1786611600000,2026-08-13T09:00:00Z,193.1,193.35,191.42,192.18,10.39,2001.2295
1786611900000,2026-08-13T09:05:00Z,192.18,192.18,192.15,192.15,1.08,207.5338
1786612200000,2026-08-13T09:10:00Z,192.15,192.15,191.77,191.77,0.14,26.8478
1786612500000,2026-08-13T09:15:00Z,191.77,191.77,191.77,191.77,0,0
1786612800000,2026-08-13T09:20:00Z,191.77,191.77,191.77,191.77,0,0
1786613100000,2026-08-13T09:25:00Z,191.77,192.24,191.77,191.78,0.26,49.9226
1786613400000,2026-08-13T09:30:00Z,191.78,192.23,191.78,192.23,0.15,28.8345
1786613700000,2026-08-13T09:35:00Z,192.23,192.23,192.23,192.23,0.05,9.6115
1786614000000,2026-08-13T09:40:00Z,192.23,192.23,192.23,192.23,0,0
1786614300000,2026-08-13T09:45:00Z,192.23,192.23,192.23,192.23,0,0
1786614600000,2026-08-13T09:50:00Z,192.23,192.23,192.23,192.23,0,0
1786614900000,2026-08-13T09:55:00Z,192.23,192.63,192.23,192.63,0.06,11.5578
1786615200000,2026-08-13T10:00:00Z,192.63,192.63,192.18,192.18,0.18,34.5924
1786615500000,2026-08-13T10:05:00Z,192.18,192.47,192.18,192.47,0.07,13.4729
1786615800000,2026-08-13T10:10:00Z,192.47,192.59,192.47,192.59,0.12,23.1108
1786616100000,2026-08-13T10:15:00Z,192.59,192.59,192.24,192.52,0.14,26.9332
1786616400000,2026-08-13T10:20:00Z,192.52,192.52,192.52,192.52,0,0
1786616700000,2026-08-13T10:25:00Z,192.52,192.52,192.52,192.52,0,0
1786617000000,2026-08-13T10:30:00Z,192.52,192.52,192.52,192.52,0,0
1786617300000,2026-08-13T10:35:00Z,192.52,192.62,192.52,192.62,0.72,138.6792
1786617600000,2026-08-13T10:40:00Z,192.62,192.62,192.62,192.62,0,0
1786617900000,2026-08-13T10:45:00Z,192.62,192.89,192.38,192.89,0.28,53.9378
1786618200000,2026-08-13T10:50:00Z,192.89,192.89,192.69,192.69,0.05,9.6345
1786618500000,2026-08-13T10:55:00Z,192.69,192.69,192.69,192.69,0,0
1786618800000,2026-08-13T11:00:00Z,192.69,192.87,192.69,192.87,0.69,133.0735
1786619100000,2026-08-13T11:05:00Z,192.87,192.87,192.69,192.77,0.28,53.9644
1786619400000,2026-08-13T11:10:00Z,192.77,192.79,192.77,192.79,0.16,30.8464
1786619700000,2026-08-13T11:15:00Z,192.79,192.79,192.63,192.63,0.07,13.4841
1786620000000,2026-08-13T11:20:00Z,192.63,192.63,192.63,192.63,0,0
1786620300000,2026-08-13T11:25:00Z,192.63,192.63,192.61,192.61,0.05,9.6305
1786620600000,2026-08-13T11:30:00Z,192.61,192.61,192.61,192.61,0,0
1786620900000,2026-08-13T11:35:00Z,192.61,192.68,192.61,192.68,0.14,26.9752
1786621200000,2026-08-13T11:40:00Z,192.68,192.68,192.68,192.68,0,0
1786621500000,2026-08-13T11:45:00Z,192.68,192.68,192.15,192.15,0.18,34.587
1786621800000,2026-08-13T11:50:00Z,192.15,192.15,192.15,192.15,0,0
1786622100000,2026-08-13T11:55:00Z,192.15,192.15,192.15,192.15,0,0
1786622400000,2026-08-13T12:00:00Z,192.15,192.15,192.15,192.15,0,0
1786622700000,2026-08-13T12:05:00Z,192.15,192.29,192.15,192.29,0.12,23.0748
1786623000000,2026-08-13T12:10:00Z,192.29,192.29,192.29,192.29,0,0
1786623300000,2026-08-13T12:15:00Z,192.29,192.29,192.01,192.01,0.16,30.7216
1786623600000,2026-08-13T12:20:00Z,192.01,192.01,191.95,191.95,0.18,34.551
1786623900000,2026-08-13T12:25:00Z,191.95,192.27,191.95,192.27,0.25,48.0675
1786624200000,2026-08-13T12:30:00Z,192.27,192.5,192.27,192.5,0.13,25.025
1786624500000,2026-08-13T12:35:00Z,192.5,192.5,192.5,192.5,0,0
1786624800000,2026-08-13T12:40:00Z,192.5,192.5,192.5,192.5,0,0
1786625100000,2026-08-13T12:45:00Z,192.5,192.5,192.44,192.44,0.05,9.622
1786625400000,2026-08-13T12:50:00Z,192.44,192.44,191.84,191.84,0.18,34.5672
1786625700000,2026-08-13T12:55:00Z,191.84,191.84,191.84,191.84,0,0
1786626000000,2026-08-13T13:00:00Z,191.84,191.84,191.84,191.84,0,0
1786626300000,2026-08-13T13:05:00Z,191.84,193.28,191.84,193.28,1.48,285.5971
1786626600000,2026-08-13T13:10:00Z,193.28,193.28,193.28,193.28,0,0
1786626900000,2026-08-13T13:15:00Z,193.28,193.28,192.24,192.94,1.3,250.5265
1786627200000,2026-08-13T13:20:00Z,192.94,193.25,192.94,193.25,0.12,23.19
1786627500000,2026-08-13T13:25:00Z,193.25,193.25,190.3,190.3,2.4,459.545
1786627800000,2026-08-13T13:30:00Z,190.3,193.45,189.03,190.61,15.53,2983.4539
1786628100000,2026-08-13T13:35:00Z,190.61,191.38,190.61,191.38,0.24,45.8393
1786628400000,2026-08-13T13:40:00Z,191.38,191.76,191.38,191.76,0.01,1.9176
1786628700000,2026-08-13T13:45:00Z,191.76,191.76,190.98,190.98,0.48,91.8016
1786629000000,2026-08-13T13:50:00Z,190.98,190.98,189.84,189.84,1.02,193.9561
1786629300000,2026-08-13T13:55:00Z,189.84,190.59,189.47,189.47,0.51,96.9597
1786629600000,2026-08-13T14:00:00Z,189.47,190.99,189.47,190.99,0.97,184.7142
1786629900000,2026-08-13T14:05:00Z,190.99,192.15,190.99,192.15,0.32,61.2692
1786630200000,2026-08-13T14:10:00Z,192.15,192.92,192.15,192.68,0.75,144.6309
1786630500000,2026-08-13T14:15:00Z,192.68,192.68,192.45,192.45,2.67,513.9097
1786630800000,2026-08-13T14:20:00Z,192.45,193.69,192.45,193.69,0.74,142.9844
1786631100000,2026-08-13T14:25:00Z,193.69,193.69,192.92,192.92,1.68,324.2273
1786631400000,2026-08-13T14:30:00Z,192.92,192.92,191.76,191.76,0.24,46.1864
1786631700000,2026-08-13T14:35:00Z,191.76,191.76,190.23,190.23,0.04,7.6321
1786632000000,2026-08-13T14:40:00Z,190.23,190.23,189.69,189.69,0.3,56.9086
1786632300000,2026-08-13T14:45:00Z,189.69,189.69,189.69,189.69,0,0
1786632600000,2026-08-13T14:50:00Z,189.69,190.09,189.69,190.09,0.21,39.9189
1786632900000,2026-08-13T14:55:00Z,190.09,190.61,190.09,190.61,0.18,34.2588
1786633200000,2026-08-13T15:00:00Z,190.61,191.01,189.85,189.85,0.66,125.8383
1786633500000,2026-08-13T15:05:00Z,189.85,189.85,189.85,189.85,0,0
1786633800000,2026-08-13T15:10:00Z,189.85,189.85,189.09,189.09,0.02,3.7856
1786634100000,2026-08-13T15:15:00Z,189.09,189.09,188.33,188.33,0.02,3.7704
1786634400000,2026-08-13T15:20:00Z,188.33,188.33,188.33,188.33,0,0
1786634700000,2026-08-13T15:25:00Z,188.33,188.33,187.21,187.21,0.03,5.6275
1786635000000,2026-08-13T15:30:00Z,187.21,187.57,187.21,187.57,0.25,46.8925
1786635300000,2026-08-13T15:35:00Z,187.57,188.33,187.57,188.33,0.02,3.7629
1786635600000,2026-08-13T15:40:00Z,188.33,188.33,188.33,188.33,0,0
1786635900000,2026-08-13T15:45:00Z,188.33,188.33,187.94,187.94,0.48,90.2904
1786636200000,2026-08-13T15:50:00Z,187.94,187.94,187.21,187.21,0.02,3.7479
1786636500000,2026-08-13T15:55:00Z,187.21,187.21,186.83,186.83,0.01,1.8683
1786636800000,2026-08-13T16:00:00Z,186.83,186.83,186.46,186.46,0.25,46.6246
1786637100000,2026-08-13T16:05:00Z,186.46,187.13,186.08,186.08,0.16,29.9303
1786637400000,2026-08-13T16:10:00Z,186.08,186.08,186.08,186.08,0,0
1786637700000,2026-08-13T16:15:00Z,186.08,186.36,186.08,186.36,0.64,119.2681
1786638000000,2026-08-13T16:20:00Z,186.36,186.36,186.36,186.36,0,0
1786638300000,2026-08-13T16:25:00Z,186.36,186.83,186.36,186.83,0.93,173.5033
1786638600000,2026-08-13T16:30:00Z,186.83,187.26,186.83,186.83,1.31,245.0021
1786638900000,2026-08-13T16:35:00Z,186.83,186.83,186.83,186.83,0,0
1786639200000,2026-08-13T16:40:00Z,186.83,186.97,186.83,186.97,0.14,26.1758
1786639500000,2026-08-13T16:45:00Z,186.97,187.28,186.97,187.28,0.46,86.1464
1786639800000,2026-08-13T16:50:00Z,187.28,187.96,187.28,187.96,0.02,3.7554
1786640100000,2026-08-13T16:55:00Z,187.96,188.05,187.96,188.05,0.16,30.088
1786640400000,2026-08-13T17:00:00Z,188.05,188.05,188.05,188.05,0,0
1786640700000,2026-08-13T17:05:00Z,188.05,188.33,187.93,188.33,0.25,46.9889
1786641000000,2026-08-13T17:10:00Z,188.33,188.33,188.33,188.33,0,0
1786641300000,2026-08-13T17:15:00Z,188.33,188.48,188.33,188.47,0.49,92.3527
1786641600000,2026-08-13T17:20:00Z,188.47,188.47,188.47,188.47,0,0
1786641900000,2026-08-13T17:25:00Z,188.47,188.47,188.47,188.47,0,0
1786642200000,2026-08-13T17:30:00Z,188.47,188.47,187.85,187.85,0.46,86.4134
1786642500000,2026-08-13T17:35:00Z,187.85,187.85,187.69,187.69,0.24,45.0456
1786642800000,2026-08-13T17:40:00Z,187.69,187.69,187.58,187.58,0.13,24.3854
1786643100000,2026-08-13T17:45:00Z,187.58,187.76,187.58,187.76,0.47,88.2448
1786643400000,2026-08-13T17:50:00Z,187.76,187.83,187.76,187.83,0.04,7.5132
1786643700000,2026-08-13T17:55:00Z,187.83,188.33,187.83,188.33,0.01,1.8833
1786644000000,2026-08-13T18:00:00Z,188.33,188.35,188.33,188.35,0.22,41.437
1786644300000,2026-08-13T18:05:00Z,188.35,188.35,188.35,188.35,0,0
1786644600000,2026-08-13T18:10:00Z,188.35,188.35,188.33,188.33,0.07,13.1831
1786644900000,2026-08-13T18:15:00Z,188.33,188.33,188.22,188.22,0.11,20.7042
1786645200000,2026-08-13T18:20:00Z,188.22,188.22,188.22,188.22,0,0
1786645500000,2026-08-13T18:25:00Z,188.22,188.22,188.22,188.22,0,0
1786645800000,2026-08-13T18:30:00Z,188.22,188.22,188.22,188.22,0,0
1786646100000,2026-08-13T18:35:00Z,188.22,188.54,188.22,188.54,0.44,82.9536
1786646400000,2026-08-13T18:40:00Z,188.54,188.71,188.54,188.71,0.01,1.8871
1786646700000,2026-08-13T18:45:00Z,188.71,189.09,188.71,189.09,0.01,1.8909
1786647000000,2026-08-13T18:50:00Z,189.09,189.85,189.09,189.85,0.02,3.7932
1786647300000,2026-08-13T18:55:00Z,189.85,190.23,189.85,190.23,0.18,34.2414
1786647600000,2026-08-13T19:00:00Z,190.23,190.23,190.23,190.23,0,0
1786647900000,2026-08-13T19:05:00Z,190.23,190.23,190.23,190.23,0,0
1786648200000,2026-08-13T19:10:00Z,190.23,190.23,190.23,190.23,0,0
1786648500000,2026-08-13T19:15:00Z,190.23,190.23,189.94,189.94,0.07,13.2958
1786648800000,2026-08-13T19:20:00Z,189.94,190.48,189.94,190.48,0.14,26.6672
1786649100000,2026-08-13T19:25:00Z,190.48,190.48,190.03,190.03,0.14,26.6042
1786649400000,2026-08-13T19:30:00Z,190.03,190.03,190.03,190.03,0,0
1786649700000,2026-08-13T19:35:00Z,190.03,190.03,189.47,189.47,0.01,1.8947
1786650000000,2026-08-13T19:40:00Z,189.47,189.47,189.47,189.47,0,0
1786650300000,2026-08-13T19:45:00Z,189.47,189.47,189.47,189.47,0,0
1786650600000,2026-08-13T19:50:00Z,189.47,189.47,189.47,189.47,0,0
1786650900000,2026-08-13T19:55:00Z,189.47,189.47,189.09,189.09,0.01,1.8909
1786651200000,2026-08-13T20:00:00Z,189.09,189.09,187.77,188.9,8.64,1622.7556
1786651500000,2026-08-13T20:05:00Z,188.9,189.33,188.58,188.82,0.81,152.9567
1786651800000,2026-08-13T20:10:00Z,188.82,188.82,188.82,188.82,0,0
1786652100000,2026-08-13T20:15:00Z,188.82,189.17,188.82,189.11,0.29,54.8449
1786652400000,2026-08-13T20:20:00Z,189.11,189.11,189.11,189.11,0,0
1786652700000,2026-08-13T20:25:00Z,189.11,189.11,189.11,189.11,0,0
1786653000000,2026-08-13T20:30:00Z,189.11,189.38,188.4,189.38,0.4,75.5332
1786653300000,2026-08-13T20:35:00Z,189.38,189.38,189.38,189.38,0,0
1786653600000,2026-08-13T20:40:00Z,189.38,189.38,189.38,189.38,0,0
1786653900000,2026-08-13T20:45:00Z,189.38,189.38,189.02,189.09,1.17,221.1835
1786654200000,2026-08-13T20:50:00Z,189.09,189.09,189.09,189.09,0,0
1786654500000,2026-08-13T20:55:00Z,189.09,189.09,189.09,189.09,0,0
1786654800000,2026-08-13T21:00:00Z,189.09,189.09,189.09,189.09,0,0
1786655100000,2026-08-13T21:05:00Z,189.09,189.19,189.09,189.19,0.09,17.0271
1786655400000,2026-08-13T21:10:00Z,189.19,189.19,188.63,188.63,0.13,24.5219
1786655700000,2026-08-13T21:15:00Z,188.63,189.46,188.63,189.46,0.08,15.1404
1786656000000,2026-08-13T21:20:00Z,189.46,190.9,189.46,189.94,1.38,262.814
1786656300000,2026-08-13T21:25:00Z,189.94,192.68,186.1,191.38,12.06,2294.561
1786656600000,2026-08-13T21:30:00Z,191.38,194,191.38,193.93,2.72,525.5014
1786656900000,2026-08-13T21:35:00Z,193.93,193.93,193.29,193.29,0.06,11.5974
1786657200000,2026-08-13T21:40:00Z,193.29,195.21,193.29,195.16,3.88,757.1308
1786657500000,2026-08-13T21:45:00Z,195.16,195.16,192.92,194.56,2.87,558.3772
1786657800000,2026-08-13T21:50:00Z,194.56,195.24,190.8,192.16,4.6,887.2325
1786658100000,2026-08-13T21:55:00Z,192.16,192.59,190.2,192.3,3.9,746.6584
1786658400000,2026-08-13T22:00:00Z,192.3,193.1,191.76,192.7,2.97,571.7424
1786658700000,2026-08-13T22:05:00Z,192.7,192.91,189.2,191.6,3.12,595.593
1786659000000,2026-08-13T22:10:00Z,191.6,191.6,191.2,191.2,1.37,262.0708
1786659300000,2026-08-13T22:15:00Z,191.2,191.4,190.61,190.61,0.71,135.5523
1786659600000,2026-08-13T22:20:00Z,190.61,190.61,190.61,190.61,0,0
1786659900000,2026-08-13T22:25:00Z,190.61,191.32,190.37,190.37,6.01,1146.8152
1786660200000,2026-08-13T22:30:00Z,190.37,190.37,190.37,190.37,0,0
1786660500000,2026-08-13T22:35:00Z,190.37,191.47,190.37,191.47,4.97,950.5458
1786660800000,2026-08-13T22:40:00Z,191.47,191.47,191.47,191.47,0,0
1786661100000,2026-08-13T22:45:00Z,191.47,191.51,191.47,191.51,0.04,7.6604
1786661400000,2026-08-13T22:50:00Z,191.51,191.51,191.51,191.51,0,0
1786661700000,2026-08-13T22:55:00Z,191.51,191.51,191.21,191.25,0.5,95.6158
1786662000000,2026-08-13T23:00:00Z,191.25,191.25,191.25,191.25,0,0
1786662300000,2026-08-13T23:05:00Z,191.25,191.25,191.18,191.18,0.05,9.559
1786662600000,2026-08-13T23:10:00Z,191.18,191.32,190.23,190.23,5.46,1042.6477
1786662900000,2026-08-13T23:15:00Z,190.23,190.99,190.23,190.99,0.71,135.5489
1786663200000,2026-08-13T23:20:00Z,190.99,190.99,190.99,190.99,0,0
1786663500000,2026-08-13T23:25:00Z,190.99,191.24,190.99,191.24,0.94,179.7582
1786663800000,2026-08-13T23:30:00Z,191.24,191.24,190.54,190.54,0.7,133.4596
1786664100000,2026-08-13T23:35:00Z,190.54,191.75,190.3,190.99,14.28,2731.318
1786664400000,2026-08-13T23:40:00Z,190.99,191.49,190.76,191.49,1.19,227.5831
1786664700000,2026-08-13T23:45:00Z,191.49,191.49,191.49,191.49,0,0
1786665000000,2026-08-13T23:50:00Z,191.49,191.49,191.49,191.49,0,0
1786665300000,2026-08-13T23:55:00Z,191.49,191.53,191.49,191.53,0.24,45.9672
1786665600000,2026-08-14T00:00:00Z,191.53,191.53,191.53,191.53,0,0
1786665900000,2026-08-14T00:05:00Z,191.53,191.53,191.53,191.53,0,0
1786666200000,2026-08-14T00:10:00Z,191.53,191.53,189.92,190.04,13.89,2640.768
1786666500000,2026-08-14T00:15:00Z,190.04,190.04,190.04,190.04,0,0
1786666800000,2026-08-14T00:20:00Z,190.04,190.3,190.04,190.3,0.2,38.06
1786667100000,2026-08-14T00:25:00Z,190.3,190.8,190.3,190.73,14.78,2817.2893
1786667400000,2026-08-14T00:30:00Z,190.73,190.73,190.73,190.73,0,0
1786667700000,2026-08-14T00:35:00Z,190.73,190.73,190.35,190.35,0.5,95.175
1786668000000,2026-08-14T00:40:00Z,190.35,190.35,189.96,189.96,4.82,916.3548
1786668300000,2026-08-14T00:45:00Z,189.96,190.85,189.96,190.85,0.04,7.634
1786668600000,2026-08-14T00:50:00Z,190.85,190.85,190.1,190.1,0.24,45.6732
1786668900000,2026-08-14T00:55:00Z,190.1,190.41,190.1,190.41,0.2,38.082
1786669200000,2026-08-14T01:00:00Z,190.41,190.41,190.41,190.41,0,0
1786669500000,2026-08-14T01:05:00Z,190.41,190.41,190.41,190.41,0,0
1786669800000,2026-08-14T01:10:00Z,190.41,190.99,190.41,190.99,2.01,383.6949
1786670100000,2026-08-14T01:15:00Z,190.99,190.99,190.26,190.26,2.49,474.7182
1786670400000,2026-08-14T01:20:00Z,190.26,190.93,189.92,190.74,9.65,1840.4477
1786670700000,2026-08-14T01:25:00Z,190.74,191.37,190.74,191.37,3.23,617.9283
1786671000000,2026-08-14T01:30:00Z,191.37,191.37,191.29,191.32,0.91,174.089
1786671300000,2026-08-14T01:35:00Z,191.32,191.32,191.32,191.32,0,0
1786671600000,2026-08-14T01:40:00Z,191.32,191.32,191.32,191.32,0,0
1786671900000,2026-08-14T01:45:00Z,191.32,191.32,191.32,191.32,0,0
1786672200000,2026-08-14T01:50:00Z,191.32,191.35,191.32,191.35,0.11,21.0485
1786672500000,2026-08-14T01:55:00Z,191.35,191.35,191.32,191.32,0.05,9.566
1786672800000,2026-08-14T02:00:00Z,191.32,191.32,191.32,191.32,0,0
1786673100000,2026-08-14T02:05:00Z,191.32,191.32,191.28,191.28,0.1,19.128
1786673400000,2026-08-14T02:10:00Z,191.28,191.38,191.28,191.38,0.01,1.9138
1786673700000,2026-08-14T02:15:00Z,191.38,191.38,191.38,191.38,0,0
1786674000000,2026-08-14T02:20:00Z,191.38,191.38,191.38,191.38,0,0
1786674300000,2026-08-14T02:25:00Z,191.38,191.38,191.38,191.38,0,0
1786674600000,2026-08-14T02:30:00Z,191.38,191.76,191.38,191.76,0.01,1.9176
1786674900000,2026-08-14T02:35:00Z,191.76,191.76,191.76,191.76,0,0
1786675200000,2026-08-14T02:40:00Z,191.76,191.76,191.76,191.76,0,0
1786675500000,2026-08-14T02:45:00Z,191.76,191.76,191.76,191.76,0,0
1786675800000,2026-08-14T02:50:00Z,191.76,192.08,191.76,192.08,0.14,26.8912
1786676100000,2026-08-14T02:55:00Z,192.08,192.08,192.08,192.08,0,0
1786676400000,2026-08-14T03:00:00Z,192.08,192.08,192.08,192.08,0,0
1786676700000,2026-08-14T03:05:00Z,192.08,192.08,192.02,192.02,0.08,15.3616
1786677000000,2026-08-14T03:10:00Z,192.02,192.02,192,192,0.07,13.44
1786677300000,2026-08-14T03:15:00Z,192,192,192,192,0,0
1786677600000,2026-08-14T03:20:00Z,192,192,192,192,0,0
1786677900000,2026-08-14T03:25:00Z,192,192.12,192,192.12,0.16,30.7392
1786678200000,2026-08-14T03:30:00Z,192.12,192.12,192.12,192.12,0,0
1786678500000,2026-08-14T03:35:00Z,192.12,192.12,192.12,192.12,0,0
1786678800000,2026-08-14T03:40:00Z,192.12,192.12,192.01,192.01,0.06,11.5206
1786679100000,2026-08-14T03:45:00Z,192.01,192.14,192.01,192.14,0.18,34.5852
1786679400000,2026-08-14T03:50:00Z,192.14,192.14,192.14,192.14,0,0
1786679700000,2026-08-14T03:55:00Z,192.14,192.14,192,192,0.11,21.12
1786680000000,2026-08-14T04:00:00Z,192,192,192,192,0,0
1786680300000,2026-08-14T04:05:00Z,192,192,191.97,191.97,0.14,26.8758
1786680600000,2026-08-14T04:10:00Z,191.97,191.97,191.97,191.97,0,0
1786680900000,2026-08-14T04:15:00Z,191.97,192.11,191.97,192.11,0.11,21.1321
1786681200000,2026-08-14T04:20:00Z,192.11,192.11,192.11,192.11,0,0
1786681500000,2026-08-14T04:25:00Z,192.11,192.11,192.11,192.11,0,0
1786681800000,2026-08-14T04:30:00Z,192.11,192.11,192.11,192.11,0,0
1786682100000,2026-08-14T04:35:00Z,192.11,192.14,192.11,192.14,0.12,23.0568
1786682400000,2026-08-14T04:40:00Z,192.14,192.14,192.14,192.14,0,0
1786682700000,2026-08-14T04:45:00Z,192.14,192.15,192.14,192.15,0.01,1.9215
1786683000000,2026-08-14T04:50:00Z,192.15,192.15,192.15,192.15,0,0
1786683300000,2026-08-14T04:55:00Z,192.15,192.15,192.15,192.15,0,0
1786683600000,2026-08-14T05:00:00Z,192.15,192.15,192.09,192.09,0.14,26.8926
1786683900000,2026-08-14T05:05:00Z,192.09,192.09,191.93,191.93,0.13,24.9509
1786684200000,2026-08-14T05:10:00Z,191.93,192.06,191.86,192.06,0.12,23.0352
1786684500000,2026-08-14T05:15:00Z,192.06,192.06,191.84,191.84,0.07,13.4288
1786684800000,2026-08-14T05:20:00Z,191.84,191.87,191.84,191.87,0.11,21.1057
1786685100000,2026-08-14T05:25:00Z,191.87,192.11,191.87,192.11,0.34,65.2834
1786685400000,2026-08-14T05:30:00Z,192.11,192.4,192.11,192.4,0.12,23.088
1786685700000,2026-08-14T05:35:00Z,192.4,192.4,192.3,192.3,0.13,24.999
1786686000000,2026-08-14T05:40:00Z,192.3,192.3,192.3,192.3,0.06,11.538
1786686300000,2026-08-14T05:45:00Z,192.3,192.3,192.3,192.3,0,0
1786686600000,2026-08-14T05:50:00Z,192.3,192.3,192.3,192.3,0,0
1786686900000,2026-08-14T05:55:00Z,192.3,192.3,192.3,192.3,0,0
1786687200000,2026-08-14T06:00:00Z,192.3,192.32,192.3,192.32,0.4,76.9256
1786687500000,2026-08-14T06:05:00Z,192.32,192.32,192.32,192.32,0,0
1786687800000,2026-08-14T06:10:00Z,192.32,192.48,192.32,192.48,0.19,36.5712
1786688100000,2026-08-14T06:15:00Z,192.48,192.48,192.36,192.36,0.11,21.1596
1786688400000,2026-08-14T06:20:00Z,192.36,192.36,192.36,192.36,0,0
1786688700000,2026-08-14T06:25:00Z,192.36,192.36,192.36,192.36,0,0
1786689000000,2026-08-14T06:30:00Z,192.36,192.36,192.36,192.36,0.15,28.854
1786689300000,2026-08-14T06:35:00Z,192.36,192.36,192.36,192.36,0,0
1786689600000,2026-08-14T06:40:00Z,192.36,192.36,192.36,192.36,0,0
1786689900000,2026-08-14T06:45:00Z,192.36,192.36,192.36,192.36,0,0
1786690200000,2026-08-14T06:50:00Z,192.36,192.43,192.36,192.43,0.15,28.8645
1786690500000,2026-08-14T06:55:00Z,192.43,192.43,192.43,192.43,0,0
1786690800000,2026-08-14T07:00:00Z,192.43,192.5,192.43,192.5,0.14,26.95
1786691100000,2026-08-14T07:05:00Z,192.5,192.53,192.48,192.53,0.21,40.4213
1786691400000,2026-08-14T07:10:00Z,192.53,192.53,192.53,192.53,0,0
1786691700000,2026-08-14T07:15:00Z,192.53,192.53,192.53,192.53,0,0
1786692000000,2026-08-14T07:20:00Z,192.53,192.53,192.53,192.53,0,0
1786692300000,2026-08-14T07:25:00Z,192.53,192.53,192.53,192.53,0,0
1786692600000,2026-08-14T07:30:00Z,192.53,192.72,192.53,192.72,0.75,144.535
1786692900000,2026-08-14T07:35:00Z,192.72,192.83,192.72,192.83,0.17,32.7811
1786693200000,2026-08-14T07:40:00Z,192.83,192.83,192.83,192.83,0,0
1786693500000,2026-08-14T07:45:00Z,192.83,192.83,192.83,192.83,0,0
1786693800000,2026-08-14T07:50:00Z,192.83,192.83,192.44,192.65,0.26,50.0617
1786694100000,2026-08-14T07:55:00Z,192.65,192.65,192.43,192.43,0.17,32.7131
1786694400000,2026-08-14T08:00:00Z,192.43,192.66,192.43,192.66,0.2,38.532
1786694700000,2026-08-14T08:05:00Z,192.66,192.66,192.44,192.44,0.11,21.1684
1786695000000,2026-08-14T08:10:00Z,192.44,193.29,192.44,193.29,0.27,52.0949
1786695300000,2026-08-14T08:15:00Z,193.29,193.29,193.29,193.29,0,0
1786695600000,2026-08-14T08:20:00Z,193.29,193.29,193.21,193.24,0.47,90.8156
1786695900000,2026-08-14T08:25:00Z,193.24,193.69,193.24,193.69,0.26,50.2667
1786696200000,2026-08-14T08:30:00Z,193.69,193.69,193.69,193.69,0,0
1786696500000,2026-08-14T08:35:00Z,193.69,194.47,193.69,194.47,0.49,95.103
1786696800000,2026-08-14T08:40:00Z,194.47,194.47,194.47,194.47,0,0
1786697100000,2026-08-14T08:45:00Z,194.47,194.86,194.47,194.86,0.15,29.208
1786697400000,2026-08-14T08:50:00Z,194.86,194.86,194.86,194.86,0,0
1786697700000,2026-08-14T08:55:00Z,194.86,194.86,194.86,194.86,0,0
1786698000000,2026-08-14T09:00:00Z,194.86,195,194.86,195,0.08,15.6
1786698300000,2026-08-14T09:05:00Z,195,195.06,195,195.06,0.06,11.7036
1786698600000,2026-08-14T09:10:00Z,195.06,195.06,195.03,195.03,0.19,37.0557
1786698900000,2026-08-14T09:15:00Z,195.03,195.4,195.03,195.4,4.04,789.2167
1786699200000,2026-08-14T09:20:00Z,195.4,195.4,195.4,195.4,0,0
1786699500000,2026-08-14T09:25:00Z,195.4,195.4,195.4,195.4,0,0
1786699800000,2026-08-14T09:30:00Z,195.4,195.4,195.4,195.4,0,0
1786700100000,2026-08-14T09:35:00Z,195.4,195.57,195.4,195.57,0.07,13.6899
1786700400000,2026-08-14T09:40:00Z,195.57,195.57,195.57,195.57,0,0
1786700700000,2026-08-14T09:45:00Z,195.57,195.6,194.71,194.71,0.85,165.733
1786701000000,2026-08-14T09:50:00Z,194.71,194.85,193.75,194.85,8.36,1621.2364
1786701300000,2026-08-14T09:55:00Z,194.85,194.85,194.85,194.85,0,0
1786701600000,2026-08-14T10:00:00Z,194.85,194.85,194.66,194.66,0.09,17.5194
1786701900000,2026-08-14T10:05:00Z,194.66,194.88,194.49,194.64,1.55,301.7018
1786702200000,2026-08-14T10:10:00Z,194.64,195.12,194.64,195.12,0.46,89.7528
1786702500000,2026-08-14T10:15:00Z,195.12,195.12,194.78,194.78,0.44,85.7056
1786702800000,2026-08-14T10:20:00Z,194.78,194.78,194.78,194.78,0,0
1786703100000,2026-08-14T10:25:00Z,194.78,194.78,194.78,194.78,0,0
1786703400000,2026-08-14T10:30:00Z,194.78,195.1,194.78,195.1,0.05,9.755
1786703700000,2026-08-14T10:35:00Z,195.1,195.1,194.88,194.9,0.56,109.1442
1786704000000,2026-08-14T10:40:00Z,194.9,194.9,194.9,194.9,0,0
1786704300000,2026-08-14T10:45:00Z,194.9,194.9,194.9,194.9,0,0
1786704600000,2026-08-14T10:50:00Z,194.9,194.9,194.81,194.81,0.48,93.5112
1786704900000,2026-08-14T10:55:00Z,194.81,194.81,194.81,194.81,0,0
1786705200000,2026-08-14T11:00:00Z,194.81,194.81,194.16,194.18,1.86,361.357
1786705500000,2026-08-14T11:05:00Z,194.18,194.18,194.18,194.18,0,0
1786705800000,2026-08-14T11:10:00Z,194.18,195.25,194.18,195.25,1.45,283.0234
1786706100000,2026-08-14T11:15:00Z,195.25,195.64,195.25,195.64,0.23,44.995
1786706400000,2026-08-14T11:20:00Z,195.64,195.64,195.64,195.64,0,0
1786706700000,2026-08-14T11:25:00Z,195.64,195.68,195.64,195.68,0.14,27.3952
1786707000000,2026-08-14T11:30:00Z,195.68,196.1,195.68,196.1,0.21,41.1715
1786707300000,2026-08-14T11:35:00Z,196.1,196.4,196.1,196.4,0.24,47.136
1786707600000,2026-08-14T11:40:00Z,196.4,196.43,196.4,196.43,0.24,47.1409
1786707900000,2026-08-14T11:45:00Z,196.43,196.43,196.43,196.43,0,0
1786708200000,2026-08-14T11:50:00Z,196.43,196.5,196.43,196.5,0.15,29.475
1786708500000,2026-08-14T11:55:00Z,196.5,196.5,196.18,196.18,0.25,49.045
1786708800000,2026-08-14T12:00:00Z,196.18,197.21,196.18,197.21,0.27,53.1753
1786709100000,2026-08-14T12:05:00Z,197.21,197.21,197.21,197.21,0,0
1786709400000,2026-08-14T12:10:00Z,197.21,197.26,197.21,197.26,0.24,47.3424
1786709700000,2026-08-14T12:15:00Z,197.26,197.26,197.26,197.26,0,0
1786710000000,2026-08-14T12:20:00Z,197.26,197.26,197.26,197.26,0,0
1786710300000,2026-08-14T12:25:00Z,197.26,198.01,197.26,198.01,0.29,57.4111
1786710600000,2026-08-14T12:30:00Z,198.01,199.2,198.01,199.2,0.03,5.964
1786710900000,2026-08-14T12:35:00Z,199.2,199.6,199.2,199.6,0.01,1.996
1786711200000,2026-08-14T12:40:00Z,199.6,200,199.6,200,0.01,2
1786711500000,2026-08-14T12:45:00Z,200,200,200,200,0,0
1786711800000,2026-08-14T12:50:00Z,200,200.58,199.95,199.95,1.59,318.1521
1786712100000,2026-08-14T12:55:00Z,199.95,201.24,199.95,201.24,0.08,16.0992
1786712400000,2026-08-14T13:00:00Z,201.24,201.24,200.62,201.07,0.3,60.231
1786712700000,2026-08-14T13:05:00Z,201.07,201.07,200.34,200.34,15.02,3009.5482
1786713000000,2026-08-14T13:10:00Z,200.34,200.34,199.28,199.28,0.06,11.9568
1786713300000,2026-08-14T13:15:00Z,199.28,199.28,199.28,199.28,0,0
1786713600000,2026-08-14T13:20:00Z,199.28,199.28,199.28,199.28,0,0
1786713900000,2026-08-14T13:25:00Z,199.28,202.32,199.28,200.35,3.74,752.0893
1786714200000,2026-08-14T13:30:00Z,200.35,208.8,194.69,197.76,172.43,35222.4017
1786714500000,2026-08-14T13:35:00Z,197.76,197.76,189,194.59,145.81,28219.0659
1786714800000,2026-08-14T13:40:00Z,194.59,196.92,191.04,192.81,97.57,18916.2692
1786715100000,2026-08-14T13:45:00Z,192.81,195.45,191.06,193.1,16.05,3104.2427
1786715400000,2026-08-14T13:50:00Z,193.1,195.2,190.02,190.02,21.99,4230.817
1786715700000,2026-08-14T13:55:00Z,190.02,194.28,188.1,192.94,24.26,4620.392
1786716000000,2026-08-14T14:00:00Z,192.94,196.09,192.15,193.92,45.06,8764.4845
1786716300000,2026-08-14T14:05:00Z,193.92,193.92,189.42,190.97,8.57,1640.2116
1786716600000,2026-08-14T14:10:00Z,190.97,194,190.35,191.71,16.2,3101.317
1786716900000,2026-08-14T14:15:00Z,191.71,194.04,190.97,191.16,2.32,445.5635
1786717200000,2026-08-14T14:20:00Z,191.16,192.8,190.8,192.56,3.81,731.0533
1786717500000,2026-08-14T14:25:00Z,192.56,193.9,191.56,192.55,16.94,3262.7498
1786717800000,2026-08-14T14:30:00Z,192.55,193.47,192.53,192.53,2.72,526.0346
1786718100000,2026-08-14T14:35:00Z,192.53,193.85,192.53,193.71,4.03,780.1451
1786718400000,2026-08-14T14:40:00Z,193.71,194.05,193.1,193.1,0.79,152.7639
1786718700000,2026-08-14T14:45:00Z,193.1,193.1,193.04,193.04,2,386.08
1786719000000,2026-08-14T14:50:00Z,193.04,193.3,192.45,192.86,2.82,544.5699
1786719300000,2026-08-14T14:55:00Z,192.86,194.61,192.86,193.57,5.13,993.8921
1786719600000,2026-08-14T15:00:00Z,193.57,193.82,193.57,193.82,0.23,44.5786
1786719900000,2026-08-14T15:05:00Z,193.82,193.82,192.73,192.73,2.66,514.433
1786720200000,2026-08-14T15:10:00Z,192.73,192.73,192.73,192.73,0,0
1786720500000,2026-08-14T15:15:00Z,192.73,193.1,192.3,192.91,0.12,23.1213
1786720800000,2026-08-14T15:20:00Z,192.91,194.3,192.91,193.39,38.53,7461.2808
1786721100000,2026-08-14T15:25:00Z,193.39,193.39,193.08,193.39,9.55,1844.2933
1786721400000,2026-08-14T15:30:00Z,193.39,193.72,192.28,192.28,0.52,100.1708
1786721700000,2026-08-14T15:35:00Z,192.28,192.54,192.28,192.54,0.11,21.1794
1786722000000,2026-08-14T15:40:00Z,192.54,192.54,192.54,192.54,0,0
1786722300000,2026-08-14T15:45:00Z,192.54,192.87,192.54,192.87,0.24,46.2888
1786722600000,2026-08-14T15:50:00Z,192.87,192.87,192.87,192.87,0,0
1786722900000,2026-08-14T15:55:00Z,192.87,192.87,192.87,192.87,0,0
1786723200000,2026-08-14T16:00:00Z,192.87,193.96,192.87,193.96,0.25,48.49
1786723500000,2026-08-14T16:05:00Z,193.96,193.96,193.96,193.96,0,0
1786723800000,2026-08-14T16:10:00Z,193.96,194.15,193.71,193.71,3.16,612.2208
1786724100000,2026-08-14T16:15:00Z,193.71,193.9,192.7,193.6,0.12,23.19
1786724400000,2026-08-14T16:20:00Z,193.6,193.6,193.44,193.44,1.98,383.2562
1786724700000,2026-08-14T16:25:00Z,193.44,193.44,193.44,193.44,0,0
1786725000000,2026-08-14T16:30:00Z,193.44,193.59,192.24,192.24,0.94,181.3413
1786725300000,2026-08-14T16:35:00Z,192.24,192.71,191.58,191.58,1.6,308.297
1786725600000,2026-08-14T16:40:00Z,191.58,192.31,191.58,192.31,0.07,13.4617
1786725900000,2026-08-14T16:45:00Z,192.31,192.31,191.66,191.66,0.17,32.5822
1786726200000,2026-08-14T16:50:00Z,191.66,192.56,191.66,192.56,0.18,34.596
1786726500000,2026-08-14T16:55:00Z,192.56,192.56,192.43,192.43,0.05,9.6215
1786726800000,2026-08-14T17:00:00Z,192.43,192.43,192.43,192.43,0,0
1786727100000,2026-08-14T17:05:00Z,192.43,192.43,192.25,192.25,0.22,42.295
1786727400000,2026-08-14T17:10:00Z,192.25,193.1,192.25,193.1,30.38,5862.1458
1786727700000,2026-08-14T17:15:00Z,193.1,193.67,193.1,193.67,0.14,27.1138
1786728000000,2026-08-14T17:20:00Z,193.67,193.67,193.67,193.67,0,0
1786728300000,2026-08-14T17:25:00Z,193.67,193.81,193.67,193.81,0.21,40.7001
1786728600000,2026-08-14T17:30:00Z,193.81,193.81,193.81,193.81,0,0
1786728900000,2026-08-14T17:35:00Z,193.81,193.81,193.81,193.81,0,0
1786729200000,2026-08-14T17:40:00Z,193.81,193.81,192.95,192.95,0.11,21.2245
1786729500000,2026-08-14T17:45:00Z,192.95,193.11,192.95,193.11,1.9,366.909
1786729800000,2026-08-14T17:50:00Z,193.11,193.11,192.6,192.6,0.2,38.52
1786730100000,2026-08-14T17:55:00Z,192.6,192.6,192.05,192.34,0.75,144.1887
1786730400000,2026-08-14T18:00:00Z,192.34,192.5,192.34,192.5,2,385
1786730700000,2026-08-14T18:05:00Z,192.5,192.5,192.5,192.5,0,0
1786731000000,2026-08-14T18:10:00Z,192.5,192.5,191.95,191.95,2,383.9
1786731300000,2026-08-14T18:15:00Z,191.95,191.95,191.95,191.95,0,0
1786731600000,2026-08-14T18:20:00Z,191.95,191.95,191.63,191.63,0.24,45.9912
1786731900000,2026-08-14T18:25:00Z,191.63,191.63,191.63,191.63,0,0
1786732200000,2026-08-14T18:30:00Z,191.63,191.9,191.63,191.9,0.2,38.38
1786732500000,2026-08-14T18:35:00Z,191.9,191.9,191.9,191.9,0,0
1786732800000,2026-08-14T18:40:00Z,191.9,191.9,191.9,191.9,0,0
1786733100000,2026-08-14T18:45:00Z,191.9,191.9,191.9,191.9,0,0
1786733400000,2026-08-14T18:50:00Z,191.9,191.9,191.35,191.35,0.1,19.135
1786733700000,2026-08-14T18:55:00Z,191.35,191.82,191.35,191.82,0.11,21.1002
1786734000000,2026-08-14T19:00:00Z,191.82,191.82,191.66,191.66,0.37,70.9212
1786734300000,2026-08-14T19:05:00Z,191.66,191.66,191.57,191.57,0.24,45.9768
1786734600000,2026-08-14T19:10:00Z,191.57,191.93,191.57,191.59,7.29,1398.0522
1786734900000,2026-08-14T19:15:00Z,191.59,191.59,191.59,191.59,0,0
1786735200000,2026-08-14T19:20:00Z,191.59,191.59,191.45,191.45,0.69,132.1051
1786735500000,2026-08-14T19:25:00Z,191.45,191.7,191.45,191.7,0.23,44.091
1786735800000,2026-08-14T19:30:00Z,191.7,191.74,191.7,191.74,0.23,44.1002
1786736100000,2026-08-14T19:35:00Z,191.74,191.74,191.74,191.74,0,0
1786736400000,2026-08-14T19:40:00Z,191.74,192.49,191.74,192.49,0.22,42.3478
1786736700000,2026-08-14T19:45:00Z,192.49,192.49,192.49,192.49,0,0
1786737000000,2026-08-14T19:50:00Z,192.49,193.15,192.49,193.15,0.24,46.356
1786737300000,2026-08-14T19:55:00Z,193.15,193.15,191.97,192.36,0.63,121.1946
1786737600000,2026-08-14T20:00:00Z,192.36,192.36,192.36,192.36,0,0
1786737900000,2026-08-14T20:05:00Z,192.36,192.36,192.36,192.36,0,0
1786738200000,2026-08-14T20:10:00Z,192.36,192.36,192.36,192.36,0,0
1786738500000,2026-08-14T20:15:00Z,192.36,192.36,192.36,192.36,0,0
1786738800000,2026-08-14T20:20:00Z,192.36,192.61,192.36,192.61,0.11,21.1871
1786739100000,2026-08-14T20:25:00Z,192.61,192.77,192.61,192.77,0.15,28.9155
1786739400000,2026-08-14T20:30:00Z,192.77,192.77,192.77,192.77,0,0
1786739700000,2026-08-14T20:35:00Z,192.77,193.11,192.77,192.87,0.34,65.6166
1786740000000,2026-08-14T20:40:00Z,192.87,193.1,192.87,193.1,0.2,38.62
1786740300000,2026-08-14T20:45:00Z,193.1,193.1,193.1,193.1,0,0
1786740600000,2026-08-14T20:50:00Z,193.1,193.1,193.1,193.1,0,0
1786740900000,2026-08-14T20:55:00Z,193.1,193.1,193.1,193.1,0,0
1786741200000,2026-08-14T21:00:00Z,193.1,193.1,192.85,192.85,0.05,9.6425
1786741500000,2026-08-14T21:05:00Z,192.85,192.85,192.85,192.85,0,0
1786741800000,2026-08-14T21:10:00Z,192.85,192.98,192.85,192.98,0.08,15.4384
1786742100000,2026-08-14T21:15:00Z,192.98,192.98,192.89,192.89,0.19,36.6491
1786742400000,2026-08-14T21:20:00Z,192.89,192.89,192.89,192.89,0,0
1786742700000,2026-08-14T21:25:00Z,192.89,192.93,192.44,192.44,0.25,48.1639
1786743000000,2026-08-14T21:30:00Z,192.44,193.61,192.44,193.61,0.45,87.1245
1786743300000,2026-08-14T21:35:00Z,193.61,193.61,193.11,193.11,0.12,23.1732
1786743600000,2026-08-14T21:40:00Z,193.11,193.76,191.68,193.22,2.28,440.5596
1786743900000,2026-08-14T21:45:00Z,193.22,193.84,191.6,192.06,1.13,217.7077
1786744200000,2026-08-14T21:50:00Z,192.06,192.06,192.06,192.06,0,0
1786744500000,2026-08-14T21:55:00Z,192.06,192.06,192.06,192.06,0,0
1786744800000,2026-08-14T22:00:00Z,192.06,193.28,192.06,192.16,0.36,69.4136
1786745100000,2026-08-14T22:05:00Z,192.16,192.16,192.16,192.16,0,0
1786745400000,2026-08-14T22:10:00Z,192.16,193.37,192.16,192.78,0.54,104.1519
1786745700000,2026-08-14T22:15:00Z,192.78,192.78,192.78,192.78,0,0
1786746000000,2026-08-14T22:20:00Z,192.78,192.78,192.78,192.78,0,0
1786746300000,2026-08-14T22:25:00Z,192.78,192.78,192.55,192.55,0.06,11.553
1786746600000,2026-08-14T22:30:00Z,192.55,192.91,192.55,192.91,0.17,32.7947
1786746900000,2026-08-14T22:35:00Z,192.91,192.91,192.81,192.81,0.06,11.5686
1786747200000,2026-08-14T22:40:00Z,192.81,192.81,192.75,192.75,0.2,38.55
1786747500000,2026-08-14T22:45:00Z,192.75,192.75,192.75,192.75,0,0
1786747800000,2026-08-14T22:50:00Z,192.75,192.75,192.75,192.75,0,0
1786748100000,2026-08-14T22:55:00Z,192.75,192.75,192.75,192.75,0,0
1786748400000,2026-08-14T23:00:00Z,192.75,192.75,192.75,192.75,0,0
1786748700000,2026-08-14T23:05:00Z,192.75,192.75,192.55,192.55,0.12,23.106
1786749000000,2026-08-14T23:10:00Z,192.55,192.55,192.41,192.41,0.14,26.9374
1786749300000,2026-08-14T23:15:00Z,192.41,192.41,192.41,192.41,0,0
1786749600000,2026-08-14T23:20:00Z,192.41,192.41,192.41,192.41,0,0
1786749900000,2026-08-14T23:25:00Z,192.41,192.41,192.41,192.41,0,0
1786750200000,2026-08-14T23:30:00Z,192.41,192.53,192.41,192.53,0.1,19.253
1786750500000,2026-08-14T23:35:00Z,192.53,192.53,192.26,192.26,0.24,46.1824
1786750800000,2026-08-14T23:40:00Z,192.26,192.26,192.26,192.26,0,0
1786751100000,2026-08-14T23:45:00Z,192.26,192.49,192.26,192.49,0.09,17.3241
1786751400000,2026-08-14T23:50:00Z,192.49,192.49,192.48,192.48,0.1,19.248
1786751700000,2026-08-14T23:55:00Z,192.48,192.48,192.48,192.48,0,0
1786752000000,2026-08-15T00:00:00Z,192.48,192.48,192.41,192.41,0.18,34.6338
1786752300000,2026-08-15T00:05:00Z,192.41,192.41,192.4,192.4,0.07,13.468
1786752600000,2026-08-15T00:10:00Z,192.4,192.4,192.4,192.4,0,0
1786752900000,2026-08-15T00:15:00Z,192.4,192.4,192.4,192.4,0,0
1786753200000,2026-08-15T00:20:00Z,192.4,192.4,192.38,192.38,0.07,13.4666
1786753500000,2026-08-15T00:25:00Z,192.38,192.54,192.31,192.31,0.4,76.97
1786753800000,2026-08-15T00:30:00Z,192.31,192.44,192.31,192.44,0.11,21.1684
1786754100000,2026-08-15T00:35:00Z,192.44,192.44,192.44,192.44,0,0
1786754400000,2026-08-15T00:40:00Z,192.44,192.44,192.44,192.44,0,0
1786754700000,2026-08-15T00:45:00Z,192.44,192.44,192.44,192.44,0,0
1786755000000,2026-08-15T00:50:00Z,192.44,192.44,192.39,192.39,0.18,34.6302
1786755300000,2026-08-15T00:55:00Z,192.39,192.53,192.34,192.34,0.14,26.9409
1786755600000,2026-08-15T01:00:00Z,192.34,192.34,192.34,192.34,0,0
1786755900000,2026-08-15T01:05:00Z,192.34,192.34,192.34,192.34,0,0
1786756200000,2026-08-15T01:10:00Z,192.34,192.34,192.34,192.34,0,0
1786756500000,2026-08-15T01:15:00Z,192.34,192.46,192.34,192.46,0.14,26.9444
1786756800000,2026-08-15T01:20:00Z,192.46,192.46,192.37,192.37,0.08,15.3896
1786757100000,2026-08-15T01:25:00Z,192.37,192.37,192.37,192.37,0,0
1786757400000,2026-08-15T01:30:00Z,192.37,192.37,192.37,192.37,0,0
1786757700000,2026-08-15T01:35:00Z,192.37,192.37,192.37,192.37,0,0
1786758000000,2026-08-15T01:40:00Z,192.37,192.47,192.37,192.47,0.18,34.6446
1786758300000,2026-08-15T01:45:00Z,192.47,192.47,192.47,192.47,0,0
1786758600000,2026-08-15T01:50:00Z,192.47,192.47,192.47,192.47,0,0
1786758900000,2026-08-15T01:55:00Z,192.47,192.47,192.47,192.47,0,0
1786759200000,2026-08-15T02:00:00Z,192.47,192.47,192.36,192.36,0.12,23.0832
1786759500000,2026-08-15T02:05:00Z,192.36,192.36,192.36,192.36,0,0
1786759800000,2026-08-15T02:10:00Z,192.36,192.52,192.36,192.52,0.19,36.5788
1786760100000,2026-08-15T02:15:00Z,192.52,192.52,192.38,192.38,0.07,13.4666
1786760400000,2026-08-15T02:20:00Z,192.38,192.38,192.34,192.34,0.13,25.0042
1786760700000,2026-08-15T02:25:00Z,192.34,192.34,192.34,192.34,0,0
1786761000000,2026-08-15T02:30:00Z,192.34,192.34,192.34,192.34,0,0
1786761300000,2026-08-15T02:35:00Z,192.34,192.34,192.24,192.24,0.12,23.0688
1786761600000,2026-08-15T02:40:00Z,192.24,192.24,192.24,192.24,0,0
1786761900000,2026-08-15T02:45:00Z,192.24,192.24,192.24,192.24,0,0
1786762200000,2026-08-15T02:50:00Z,192.24,192.24,192.24,192.24,0,0
1786762500000,2026-08-15T02:55:00Z,192.24,192.24,192.21,192.21,0.14,26.9094
1786762800000,2026-08-15T03:00:00Z,192.21,192.21,191.91,191.91,0.09,17.2719
1786763100000,2026-08-15T03:05:00Z,191.91,192.29,191.91,192.01,0.4,76.86
1786763400000,2026-08-15T03:10:00Z,192.01,192.24,192.01,192.24,0.08,15.3792
1786763700000,2026-08-15T03:15:00Z,192.24,192.24,192.24,192.24,0,0
1786764000000,2026-08-15T03:20:00Z,192.24,192.24,192.24,192.24,0,0
1786764300000,2026-08-15T03:25:00Z,192.24,192.24,192.24,192.24,0,0
1786764600000,2026-08-15T03:30:00Z,192.24,192.26,192.24,192.26,0.15,28.839
1786764900000,2026-08-15T03:35:00Z,192.26,192.27,192.26,192.27,0.2,38.454
1786765200000,2026-08-15T03:40:00Z,192.27,192.27,192.27,192.27,0.12,23.0724
1786765500000,2026-08-15T03:45:00Z,192.27,192.27,191.84,191.84,0.89,170.86
1786765800000,2026-08-15T03:50:00Z,191.84,192.29,191.84,192.29,0.14,26.9206
1786766100000,2026-08-15T03:55:00Z,192.29,192.29,192.27,192.27,0.06,11.5362
1786766400000,2026-08-15T04:00:00Z,192.27,192.27,192.27,192.27,0,0
1786766700000,2026-08-15T04:05:00Z,192.27,192.27,192.27,192.27,0,0
1786767000000,2026-08-15T04:10:00Z,192.27,192.27,192.27,192.27,0,0
1786767300000,2026-08-15T04:15:00Z,192.27,192.27,192.02,192.02,0.14,26.8828
1786767600000,2026-08-15T04:20:00Z,192.02,192.02,192.02,192.02,0,0
1786767900000,2026-08-15T04:25:00Z,192.02,192.02,192.02,192.02,0,0
1786768200000,2026-08-15T04:30:00Z,192.02,192.02,192.02,192.02,0,0
1786768500000,2026-08-15T04:35:00Z,192.02,192.08,192.02,192.08,0.19,36.4952
1786768800000,2026-08-15T04:40:00Z,192.08,192.08,192.08,192.08,0,0
1786769100000,2026-08-15T04:45:00Z,192.08,192.08,192.08,192.08,0,0
1786769400000,2026-08-15T04:50:00Z,192.08,192.08,192.08,192.08,0,0
1786769700000,2026-08-15T04:55:00Z,192.08,192.22,192.08,192.22,0.17,32.6774
1786770000000,2026-08-15T05:00:00Z,192.22,192.22,192.22,192.22,0,0
1786770300000,2026-08-15T05:05:00Z,192.22,192.22,192.22,192.22,0,0
1786770600000,2026-08-15T05:10:00Z,192.22,192.22,192.22,192.22,0,0
1786770900000,2026-08-15T05:15:00Z,192.22,192.29,192.07,192.07,0.3,57.654
1786771200000,2026-08-15T05:20:00Z,192.07,192.07,192.07,192.07,0.08,15.3656
1786771500000,2026-08-15T05:25:00Z,192.07,192.07,192.07,192.07,0,0
1786771800000,2026-08-15T05:30:00Z,192.07,192.28,192.07,192.28,0.17,32.6876
1786772100000,2026-08-15T05:35:00Z,192.28,192.28,192.28,192.28,0.05,9.614
1786772400000,2026-08-15T05:40:00Z,192.28,192.28,192.28,192.28,0,0
1786772700000,2026-08-15T05:45:00Z,192.28,192.28,192.28,192.28,0,0
1786773000000,2026-08-15T05:50:00Z,192.28,192.28,192.28,192.28,0,0
1786773300000,2026-08-15T05:55:00Z,192.28,192.28,192.06,192.06,0.15,28.809
1786773600000,2026-08-15T06:00:00Z,192.06,192.24,192.06,192.24,0.06,11.5344
1786773900000,2026-08-15T06:05:00Z,192.24,192.24,192.24,192.24,0,0
1786774200000,2026-08-15T06:10:00Z,192.24,192.24,191.96,191.96,0.1,19.196
1786774500000,2026-08-15T06:15:00Z,191.96,192.29,191.96,192.29,0.1,19.229
1786774800000,2026-08-15T06:20:00Z,192.29,192.29,192.28,192.28,0.11,21.1508
1786775100000,2026-08-15T06:25:00Z,192.28,192.28,192.28,192.28,0.17,32.6876
1786775400000,2026-08-15T06:30:00Z,192.28,192.28,192.28,192.28,0,0
1786775700000,2026-08-15T06:35:00Z,192.28,192.28,192.28,192.28,0,0
1786776000000,2026-08-15T06:40:00Z,192.28,192.29,192.28,192.29,0.12,23.0748
1786776300000,2026-08-15T06:45:00Z,192.29,192.29,192.29,192.29,0,0
1786776600000,2026-08-15T06:50:00Z,192.29,192.29,192.28,192.28,0.08,15.3824
1786776900000,2026-08-15T06:55:00Z,192.28,192.28,192.28,192.28,0,0
1786777200000,2026-08-15T07:00:00Z,192.28,192.28,192.26,192.26,0.14,26.9164
1786777500000,2026-08-15T07:05:00Z,192.26,192.26,192.26,192.26,0,0
1786777800000,2026-08-15T07:10:00Z,192.26,192.26,192,192,0.18,34.56
1786778100000,2026-08-15T07:15:00Z,192,192,192,192,0,0
1786778400000,2026-08-15T07:20:00Z,192,192,192,192,0,0
1786778700000,2026-08-15T07:25:00Z,192,192.21,192,192.21,0.12,23.0652
1786779000000,2026-08-15T07:30:00Z,192.21,192.21,192.21,192.21,0.11,21.1431
1786779300000,2026-08-15T07:35:00Z,192.21,192.21,192.21,192.21,0,0
1786779600000,2026-08-15T07:40:00Z,192.21,192.21,192.21,192.21,0,0
1786779900000,2026-08-15T07:45:00Z,192.21,192.21,192.21,192.21,0,0
1786780200000,2026-08-15T07:50:00Z,192.21,192.21,192.21,192.21,0.17,32.6757
1786780500000,2026-08-15T07:55:00Z,192.21,192.21,191.93,191.93,0.9,172.7508
1786780800000,2026-08-15T08:00:00Z,191.93,191.93,191.93,191.93,0,0
1786781100000,2026-08-15T08:05:00Z,191.93,192.19,191.93,192.19,0.09,17.2971
1786781400000,2026-08-15T08:10:00Z,192.19,192.19,192.17,192.17,0.13,24.9821
1786781700000,2026-08-15T08:15:00Z,192.17,192.18,192.17,192.18,0.14,26.9052
1786782000000,2026-08-15T08:20:00Z,192.18,192.3,192.18,192.3,0.13,24.999
1786782300000,2026-08-15T08:25:00Z,192.3,192.3,192.16,192.16,0.17,32.6672
1786782600000,2026-08-15T08:30:00Z,192.16,192.17,192.16,192.17,0.07,13.4519
1786782900000,2026-08-15T08:35:00Z,192.17,192.17,192.17,192.17,0,0
1786783200000,2026-08-15T08:40:00Z,192.17,192.17,192.17,192.17,0,0
1786783500000,2026-08-15T08:45:00Z,192.17,192.17,192.17,192.17,0,0
1786783800000,2026-08-15T08:50:00Z,192.17,192.17,192.15,192.15,0.14,26.901
1786784100000,2026-08-15T08:55:00Z,192.15,192.16,192.15,192.16,0.09,17.2944
1786784400000,2026-08-15T09:00:00Z,192.16,192.19,192.16,192.19,0.2,38.4335
1786784700000,2026-08-15T09:05:00Z,192.19,192.19,192.15,192.15,0.18,34.587
1786785000000,2026-08-15T09:10:00Z,192.15,192.15,192.15,192.15,0,0
1786785300000,2026-08-15T09:15:00Z,192.15,192.15,192.15,192.15,0,0
1786785600000,2026-08-15T09:20:00Z,192.15,192.15,192.15,192.15,0,0
1786785900000,2026-08-15T09:25:00Z,192.15,192.15,191.93,191.93,1.01,193.8517
1786786200000,2026-08-15T09:30:00Z,191.93,192.12,191.93,192.12,0.16,30.7392
1786786500000,2026-08-15T09:35:00Z,192.12,192.12,192.11,192.11,0.12,23.0532
1786786800000,2026-08-15T09:40:00Z,192.11,192.11,192.11,192.11,0,0
1786787100000,2026-08-15T09:45:00Z,192.11,192.11,192.11,192.11,0.14,26.8954
1786787400000,2026-08-15T09:50:00Z,192.11,192.11,192.1,192.1,0.1,19.21
1786787700000,2026-08-15T09:55:00Z,192.1,192.1,192.08,192.08,0.11,21.1288
1786788000000,2026-08-15T10:00:00Z,192.08,192.08,192.08,192.08,0,0
1786788300000,2026-08-15T10:05:00Z,192.08,192.08,192.08,192.08,0,0
1786788600000,2026-08-15T10:10:00Z,192.08,192.08,192.08,192.08,0,0
1786788900000,2026-08-15T10:15:00Z,192.08,192.08,192.08,192.08,0.16,30.7328
1786789200000,2026-08-15T10:20:00Z,192.08,192.08,192.08,192.08,0.19,36.4952
1786789500000,2026-08-15T10:25:00Z,192.08,192.08,191.93,191.93,0.98,188.0938
1786789800000,2026-08-15T10:30:00Z,191.93,191.93,191.93,191.93,0,0
1786790100000,2026-08-15T10:35:00Z,191.93,192.08,191.93,192.08,0.13,24.9704
1786790400000,2026-08-15T10:40:00Z,192.08,192.08,192.08,192.08,0,0
1786790700000,2026-08-15T10:45:00Z,192.08,192.08,191.94,191.94,0.17,32.6298
1786791000000,2026-08-15T10:50:00Z,191.94,191.94,191.94,191.94,0,0
1786791300000,2026-08-15T10:55:00Z,191.94,191.98,191.94,191.98,1.05,201.579
1786791600000,2026-08-15T11:00:00Z,191.98,192.2,191.98,192.2,0.08,15.376
1786791900000,2026-08-15T11:05:00Z,192.2,192.2,192.2,192.2,0.1,19.22
1786792200000,2026-08-15T11:10:00Z,192.2,192.2,192.2,192.2,0.09,17.298
1786792500000,2026-08-15T11:15:00Z,192.2,192.2,192.2,192.2,0,0
1786792800000,2026-08-15T11:20:00Z,192.2,192.2,192.2,192.2,0.17,32.674
1786793100000,2026-08-15T11:25:00Z,192.2,192.2,192.2,192.2,0.11,21.142
1786793400000,2026-08-15T11:30:00Z,192.2,192.2,192.19,192.19,0.15,28.8285
1786793700000,2026-08-15T11:35:00Z,192.19,192.19,192.19,192.19,0.07,13.4533
1786794000000,2026-08-15T11:40:00Z,192.19,192.21,192.19,192.21,0.1,19.221
1786794300000,2026-08-15T11:45:00Z,192.21,192.21,192.21,192.21,0.1,19.221
1786794600000,2026-08-15T11:50:00Z,192.21,192.21,192.21,192.21,0,0
1786794900000,2026-08-15T11:55:00Z,192.21,192.21,192.21,192.21,0,0
1786795200000,2026-08-15T12:00:00Z,192.21,192.21,192.21,192.21,0,0
1786795500000,2026-08-15T12:05:00Z,192.21,192.21,192.21,192.21,0.11,21.1431
1786795800000,2026-08-15T12:10:00Z,192.21,192.21,191.98,191.98,0.88,168.956
1786796100000,2026-08-15T12:15:00Z,191.98,191.98,191.98,191.98,0,0
1786796400000,2026-08-15T12:20:00Z,191.98,192.2,191.98,192.2,0.14,26.908
1786796700000,2026-08-15T12:25:00Z,192.2,192.2,192.2,192.2,0,0
1786797000000,2026-08-15T12:30:00Z,192.2,192.2,192.2,192.2,0,0
1786797300000,2026-08-15T12:35:00Z,192.2,192.2,192.2,192.2,0,0
1786797600000,2026-08-15T12:40:00Z,192.2,192.2,192.2,192.2,0.05,9.61
1786797900000,2026-08-15T12:45:00Z,192.2,192.22,191.99,191.99,0.28,53.7894
1786798200000,2026-08-15T12:50:00Z,191.99,192.19,191.99,192.19,0.07,13.4533
1786798500000,2026-08-15T12:55:00Z,192.19,192.19,192.19,192.19,0,0
1786798800000,2026-08-15T13:00:00Z,192.19,192.19,192.19,192.19,0,0
1786799100000,2026-08-15T13:05:00Z,192.19,192.2,192.19,192.2,0.11,21.142
1786799400000,2026-08-15T13:10:00Z,192.2,192.2,192.2,192.2,0,0
1786799700000,2026-08-15T13:15:00Z,192.2,192.21,192.2,192.21,0.07,13.4547
1786800000000,2026-08-15T13:20:00Z,192.21,192.21,192.21,192.21,0,0
1786800300000,2026-08-15T13:25:00Z,192.21,192.21,192.21,192.21,0.06,11.5326
1786800600000,2026-08-15T13:30:00Z,192.21,192.21,192.21,192.21,0,0
1786800900000,2026-08-15T13:35:00Z,192.21,192.21,192.21,192.21,0,0
1786801200000,2026-08-15T13:40:00Z,192.21,192.21,192.19,192.19,0.08,15.3752
1786801500000,2026-08-15T13:45:00Z,192.19,192.2,192.19,192.2,0.07,13.454
1786801800000,2026-08-15T13:50:00Z,192.2,192.21,192.2,192.21,0.09,17.2989
1786802100000,2026-08-15T13:55:00Z,192.21,192.23,192.21,192.23,0.22,42.2906
1786802400000,2026-08-15T14:00:00Z,192.23,192.23,192.23,192.23,0,0
1786802700000,2026-08-15T14:05:00Z,192.23,192.23,192.23,192.23,0,0
1786803000000,2026-08-15T14:10:00Z,192.23,192.23,192.23,192.23,0,0
1786803300000,2026-08-15T14:15:00Z,192.23,192.6,192.22,192.6,0.74,142.332
1786803600000,2026-08-15T14:20:00Z,192.6,192.6,192.6,192.6,0,0
1786803900000,2026-08-15T14:25:00Z,192.6,192.61,192.6,192.61,0.22,42.3742
1786804200000,2026-08-15T14:30:00Z,192.61,192.61,192.61,192.61,0,0
1786804500000,2026-08-15T14:35:00Z,192.61,192.61,192.61,192.61,0,0
1786804800000,2026-08-15T14:40:00Z,192.61,192.61,192.61,192.61,0,0
1786805100000,2026-08-15T14:45:00Z,192.61,192.62,192.61,192.62,0.12,23.1144
1786805400000,2026-08-15T14:50:00Z,192.62,192.76,192.62,192.76,0.15,28.914
1786805700000,2026-08-15T14:55:00Z,192.76,193.03,192.76,193.03,0.13,25.0939
1786806000000,2026-08-15T15:00:00Z,193.03,193.03,192.75,192.75,0.15,28.9125
1786806300000,2026-08-15T15:05:00Z,192.75,192.76,192.75,192.76,0.08,15.4208
1786806600000,2026-08-15T15:10:00Z,192.76,192.79,192.76,192.79,0.17,32.7743
1786806900000,2026-08-15T15:15:00Z,192.79,192.79,192.79,192.79,0,0
1786807200000,2026-08-15T15:20:00Z,192.79,192.79,192.79,192.79,0,0
1786807500000,2026-08-15T15:25:00Z,192.79,192.79,192.79,192.79,0,0
1786807800000,2026-08-15T15:30:00Z,192.79,193.02,192.79,193.02,0.14,27.0228
1786808100000,2026-08-15T15:35:00Z,193.02,193.02,193.02,193.02,0,0
1786808400000,2026-08-15T15:40:00Z,193.02,193.02,193.02,193.02,0,0
1786808700000,2026-08-15T15:45:00Z,193.02,193.02,193.02,193.02,0,0
1786809000000,2026-08-15T15:50:00Z,193.02,193.02,193.02,193.02,0.1,19.302
1786809300000,2026-08-15T15:55:00Z,193.02,193.02,193.02,193.02,0,0
1786809600000,2026-08-15T16:00:00Z,193.02,193.02,193.02,193.02,0,0
1786809900000,2026-08-15T16:05:00Z,193.02,193.03,193.02,193.03,0.11,21.2333
1786810200000,2026-08-15T16:10:00Z,193.03,193.03,192.74,192.74,0.1,19.274
1786810500000,2026-08-15T16:15:00Z,192.74,192.74,192.74,192.74,0,0
1786810800000,2026-08-15T16:20:00Z,192.74,193.03,192.73,193.03,0.1,19.288
1786811100000,2026-08-15T16:25:00Z,193.03,193.03,193.03,193.03,0,0
1786811400000,2026-08-15T16:30:00Z,193.03,193.03,192.77,192.77,0.09,17.3493
1786811700000,2026-08-15T16:35:00Z,192.77,192.78,192.77,192.78,0.29,55.9047
1786812000000,2026-08-15T16:40:00Z,192.78,192.78,192.78,192.78,0,0
1786812300000,2026-08-15T16:45:00Z,192.78,192.78,192.78,192.78,0,0
1786812600000,2026-08-15T16:50:00Z,192.78,192.78,192.74,192.74,0.15,28.911
1786812900000,2026-08-15T16:55:00Z,192.74,192.74,192.74,192.74,0,0
1786813200000,2026-08-15T17:00:00Z,192.74,192.74,192.73,192.73,0.06,11.5638
1786813500000,2026-08-15T17:05:00Z,192.73,193.04,192.73,193.04,0.16,30.8856
1786813800000,2026-08-15T17:10:00Z,193.04,193.04,192.74,192.74,0.16,30.8384
1786814100000,2026-08-15T17:15:00Z,192.74,192.76,192.74,192.76,0.14,26.9864
1786814400000,2026-08-15T17:20:00Z,192.76,192.76,192.76,192.76,0,0
1786814700000,2026-08-15T17:25:00Z,192.76,192.76,192.76,192.76,0,0
1786815000000,2026-08-15T17:30:00Z,192.76,192.76,192.76,192.76,0,0
1786815300000,2026-08-15T17:35:00Z,192.76,192.76,192.76,192.76,0.11,21.2036
1786815600000,2026-08-15T17:40:00Z,192.76,192.76,192.76,192.76,0.06,11.5656
1786815900000,2026-08-15T17:45:00Z,192.76,192.76,192.76,192.76,0,0
1786816200000,2026-08-15T17:50:00Z,192.76,192.76,192.76,192.76,0,0
1786816500000,2026-08-15T17:55:00Z,192.76,192.76,192.76,192.76,0,0
1786816800000,2026-08-15T18:00:00Z,192.76,193.01,192.75,193.01,0.26,50.1488
1786817100000,2026-08-15T18:05:00Z,193.01,193.01,193.01,193.01,0,0
1786817400000,2026-08-15T18:10:00Z,193.01,193.01,192.75,192.75,0.07,13.4925
1786817700000,2026-08-15T18:15:00Z,192.75,192.76,192.75,192.76,0.1,19.276
1786818000000,2026-08-15T18:20:00Z,192.76,192.77,192.76,192.77,0.1,19.277
1786818300000,2026-08-15T18:25:00Z,192.77,192.78,192.77,192.78,0.11,21.2058
1786818600000,2026-08-15T18:30:00Z,192.78,192.79,192.78,192.79,0.12,23.1348
1786818900000,2026-08-15T18:35:00Z,192.79,193.03,192.79,193.03,0.2,38.606
1786819200000,2026-08-15T18:40:00Z,193.03,193.04,193.03,193.04,0.19,36.6772
1786819500000,2026-08-15T18:45:00Z,193.04,193.04,193.02,193.02,0.12,23.1624
1786819800000,2026-08-15T18:50:00Z,193.02,193.02,193.02,193.02,0,0
1786820100000,2026-08-15T18:55:00Z,193.02,193.02,193.02,193.02,0,0
1786820400000,2026-08-15T19:00:00Z,193.02,193.02,193.02,193.02,0,0
1786820700000,2026-08-15T19:05:00Z,193.02,193.05,193.02,193.05,0.17,32.8185
1786821000000,2026-08-15T19:10:00Z,193.05,193.05,193.04,193.04,0.2,38.608
1786821300000,2026-08-15T19:15:00Z,193.04,193.04,193.04,193.04,0,0
1786821600000,2026-08-15T19:20:00Z,193.04,193.04,193.02,193.02,0.82,158.2788
1786821900000,2026-08-15T19:25:00Z,193.02,193.02,193.02,193.02,0,0
1786822200000,2026-08-15T19:30:00Z,193.02,193.02,193.02,193.02,0,0
1786822500000,2026-08-15T19:35:00Z,193.02,193.06,192.87,192.87,0.38,73.3267
1786822800000,2026-08-15T19:40:00Z,192.87,192.87,192.87,192.87,0,0
1786823100000,2026-08-15T19:45:00Z,192.87,193.03,192.87,193.03,0.19,36.6757
1786823400000,2026-08-15T19:50:00Z,193.03,193.03,193.03,193.03,0,0
1786823700000,2026-08-15T19:55:00Z,193.03,193.03,193.03,193.03,0,0
1786824000000,2026-08-15T20:00:00Z,193.03,193.03,193.03,193.03,0,0
1786824300000,2026-08-15T20:05:00Z,193.03,193.03,192.83,192.83,0.26,50.1618
1786824600000,2026-08-15T20:10:00Z,192.83,192.83,192.83,192.83,0,0
1786824900000,2026-08-15T20:15:00Z,192.83,192.83,192.83,192.83,0,0
1786825200000,2026-08-15T20:20:00Z,192.83,192.83,192.83,192.83,0,0
1786825500000,2026-08-15T20:25:00Z,192.83,193.06,192.83,192.93,0.32,61.7584
1786825800000,2026-08-15T20:30:00Z,192.93,192.93,192.93,192.93,0,0
1786826100000,2026-08-15T20:35:00Z,192.93,193.02,192.93,193.02,0.19,36.6738
1786826400000,2026-08-15T20:40:00Z,193.02,193.02,193.02,193.02,0.11,21.2322
1786826700000,2026-08-15T20:45:00Z,193.02,193.02,193.02,193.02,0.12,23.1624
1786827000000,2026-08-15T20:50:00Z,193.02,193.02,193.02,193.02,0,0
1786827300000,2026-08-15T20:55:00Z,193.02,193.02,193.02,193.02,0,0
1786827600000,2026-08-15T21:00:00Z,193.02,193.06,192.92,192.92,0.38,73.3362
1786827900000,2026-08-15T21:05:00Z,192.92,192.92,192.92,192.92,0,0
1786828200000,2026-08-15T21:10:00Z,192.92,193.05,192.92,193.05,0.16,30.888
1786828500000,2026-08-15T21:15:00Z,193.05,193.05,193.05,193.05,0,0
1786828800000,2026-08-15T21:20:00Z,193.05,193.05,193.05,193.05,0,0
1786829100000,2026-08-15T21:25:00Z,193.05,193.23,193.03,193.23,0.68,131.3804
1786829400000,2026-08-15T21:30:00Z,193.23,193.23,193.23,193.23,0,0
1786829700000,2026-08-15T21:35:00Z,193.23,193.23,193.23,193.23,0,0
1786830000000,2026-08-15T21:40:00Z,193.23,193.25,193.23,193.25,0.06,11.595
1786830300000,2026-08-15T21:45:00Z,193.25,193.25,193.2,193.2,0.14,27.048
1786830600000,2026-08-15T21:50:00Z,193.2,193.2,193.2,193.2,0,0
1786830900000,2026-08-15T21:55:00Z,193.2,193.25,193.2,193.25,0.18,34.785
1786831200000,2026-08-15T22:00:00Z,193.25,193.25,193.15,193.15,0.45,86.9405
1786831500000,2026-08-15T22:05:00Z,193.15,193.15,193.15,193.15,0,0
1786831800000,2026-08-15T22:10:00Z,193.15,193.2,193.15,193.2,0.07,13.524
1786832100000,2026-08-15T22:15:00Z,193.2,193.25,193.2,193.25,0.08,15.46
1786832400000,2026-08-15T22:20:00Z,193.25,193.25,193.25,193.25,0,0
1786832700000,2026-08-15T22:25:00Z,193.25,193.25,193.22,193.22,0.1,19.322
1786833000000,2026-08-15T22:30:00Z,193.22,193.22,193.22,193.22,0.15,28.983
1786833300000,2026-08-15T22:35:00Z,193.22,193.22,193.22,193.22,0,0
1786833600000,2026-08-15T22:40:00Z,193.22,193.22,193.22,193.22,0,0
1786833900000,2026-08-15T22:45:00Z,193.22,193.22,193.2,193.2,0.07,13.524
1786834200000,2026-08-15T22:50:00Z,193.2,193.21,193.2,193.21,0.07,13.5247
1786834500000,2026-08-15T22:55:00Z,193.21,193.21,193.11,193.11,0.13,25.1043
1786834800000,2026-08-15T23:00:00Z,193.11,193.11,193.11,193.11,0,0
1786835100000,2026-08-15T23:05:00Z,193.11,193.11,193.11,193.11,0,0
1786835400000,2026-08-15T23:10:00Z,193.11,193.11,192.76,192.76,0.83,160.0604
1786835700000,2026-08-15T23:15:00Z,192.76,193.04,192.76,193.04,0.1,19.304
1786836000000,2026-08-15T23:20:00Z,193.04,193.04,193.04,193.04,0,0
1786836300000,2026-08-15T23:25:00Z,193.04,193.04,193.04,193.04,0,0
1786836600000,2026-08-15T23:30:00Z,193.04,193.04,193.02,193.02,0.08,15.4416
1786836900000,2026-08-15T23:35:00Z,193.02,193.02,193.02,193.02,0,0
1786837200000,2026-08-15T23:40:00Z,193.02,193.02,193.02,193.02,0,0
1786837500000,2026-08-15T23:45:00Z,193.02,193.02,193.02,193.02,0,0
1786837800000,2026-08-15T23:50:00Z,193.02,193.02,192.92,192.92,0.14,27.0088
1786838100000,2026-08-15T23:55:00Z,192.92,192.92,192.92,192.92,0,0
1786838400000,2026-08-16T00:00:00Z,192.92,192.92,192.91,192.91,0.19,36.6529
1786838700000,2026-08-16T00:05:00Z,192.91,193.13,192.91,193.13,0.05,9.6565
1786839000000,2026-08-16T00:10:00Z,193.13,193.13,193.13,193.13,0,0
1786839300000,2026-08-16T00:15:00Z,193.13,193.13,193.13,193.13,0,0
1786839600000,2026-08-16T00:20:00Z,193.13,193.13,193.13,193.13,0,0
1786839900000,2026-08-16T00:25:00Z,193.13,193.13,193.11,193.11,0.17,32.8287
1786840200000,2026-08-16T00:30:00Z,193.11,193.11,193.11,193.11,0,0
1786840500000,2026-08-16T00:35:00Z,193.11,193.11,193.11,193.11,0,0
1786840800000,2026-08-16T00:40:00Z,193.11,193.11,193.11,193.11,0,0
1786841100000,2026-08-16T00:45:00Z,193.11,193.11,192.88,192.88,0.05,9.644
1786841400000,2026-08-16T00:50:00Z,192.88,192.88,192.79,192.79,0.16,30.8464
1786841700000,2026-08-16T00:55:00Z,192.79,192.79,192.79,192.79,0,0
1786842000000,2026-08-16T01:00:00Z,192.79,192.79,192.79,192.79,0,0
1786842300000,2026-08-16T01:05:00Z,192.79,192.79,192.79,192.79,0,0
1786842600000,2026-08-16T01:10:00Z,192.79,192.81,192.79,192.81,0.15,28.9215
1786842900000,2026-08-16T01:15:00Z,192.81,192.81,192.81,192.81,0,0
1786843200000,2026-08-16T01:20:00Z,192.81,192.81,192.81,192.81,0,0
1786843500000,2026-08-16T01:25:00Z,192.81,192.81,192.81,192.81,0,0
1786843800000,2026-08-16T01:30:00Z,192.81,192.87,192.81,192.87,0.13,25.0731
1786844100000,2026-08-16T01:35:00Z,192.87,192.87,192.87,192.87,0,0
1786844400000,2026-08-16T01:40:00Z,192.87,192.87,192.87,192.87,0,0
1786844700000,2026-08-16T01:45:00Z,192.87,192.88,192.87,192.88,0.1,19.288
1786845000000,2026-08-16T01:50:00Z,192.88,192.88,192.88,192.88,0,0
1786845300000,2026-08-16T01:55:00Z,192.88,192.88,192.88,192.88,0,0
1786845600000,2026-08-16T02:00:00Z,192.88,192.98,192.88,192.98,0.19,36.6662
1786845900000,2026-08-16T02:05:00Z,192.98,192.98,192.89,192.89,0.05,9.6445
1786846200000,2026-08-16T02:10:00Z,192.89,192.89,192.79,192.79,0.18,34.7022
1786846500000,2026-08-16T02:15:00Z,192.79,192.96,192.79,192.96,0.18,34.7328
1786846800000,2026-08-16T02:20:00Z,192.96,192.96,192.96,192.96,0,0
1786847100000,2026-08-16T02:25:00Z,192.96,192.96,192.96,192.96,0,0
1786847400000,2026-08-16T02:30:00Z,192.96,192.96,192.96,192.96,0,0
1786847700000,2026-08-16T02:35:00Z,192.96,192.96,192.96,192.96,0,0
1786848000000,2026-08-16T02:40:00Z,192.96,192.96,192.88,192.88,0.07,13.5016
1786848300000,2026-08-16T02:45:00Z,192.88,192.88,192.88,192.88,0.11,21.2168
1786848600000,2026-08-16T02:50:00Z,192.88,192.88,192.88,192.88,0,0
1786848900000,2026-08-16T02:55:00Z,192.88,192.88,192.88,192.88,0,0
1786849200000,2026-08-16T03:00:00Z,192.88,192.9,192.88,192.9,0.05,9.645
1786849500000,2026-08-16T03:05:00Z,192.9,192.9,192.9,192.9,0,0
1786849800000,2026-08-16T03:10:00Z,192.9,192.9,192.81,192.81,0.15,28.9215
1786850100000,2026-08-16T03:15:00Z,192.81,192.91,192.81,192.91,0.1,19.291
1786850400000,2026-08-16T03:20:00Z,192.91,192.91,192.91,192.91,0,0
1786850700000,2026-08-16T03:25:00Z,192.91,192.91,192.91,192.91,0,0
1786851000000,2026-08-16T03:30:00Z,192.91,192.91,192.91,192.91,0,0
1786851300000,2026-08-16T03:35:00Z,192.91,193.2,192.91,193.2,0.18,34.776
1786851600000,2026-08-16T03:40:00Z,193.2,193.2,193.2,193.2,0,0
1786851900000,2026-08-16T03:45:00Z,193.2,193.2,193.15,193.15,0.05,9.6575
1786852200000,2026-08-16T03:50:00Z,193.15,193.15,193.07,193.07,0.13,25.0991
1786852500000,2026-08-16T03:55:00Z,193.07,193.07,193.07,193.07,0,0
1786852800000,2026-08-16T04:00:00Z,193.07,193.07,193.07,193.07,0,0
1786853100000,2026-08-16T04:05:00Z,193.07,193.07,193.07,193.07,0,0
1786853400000,2026-08-16T04:10:00Z,193.07,193.07,193.06,193.06,0.18,34.7508
1786853700000,2026-08-16T04:15:00Z,193.06,193.07,193.06,193.07,0.09,17.3763
1786854000000,2026-08-16T04:20:00Z,193.07,193.07,193.07,193.07,0,0
1786854300000,2026-08-16T04:25:00Z,193.07,193.07,193.07,193.07,0,0
1786854600000,2026-08-16T04:30:00Z,193.07,193.07,193.05,193.05,0.06,11.583
1786854900000,2026-08-16T04:35:00Z,193.05,193.05,193.05,193.05,0,0
1786855200000,2026-08-16T04:40:00Z,193.05,193.05,193.01,193.01,0.2,38.602
1786855500000,2026-08-16T04:45:00Z,193.01,193.01,193,193,0.19,36.67
1786855800000,2026-08-16T04:50:00Z,193,193.07,193,193.07,0.07,13.5149
1786856100000,2026-08-16T04:55:00Z,193.07,193.07,192.78,192.78,0.89,171.6338
1786856400000,2026-08-16T05:00:00Z,192.78,193,192.78,193,0.06,11.58
1786856700000,2026-08-16T05:05:00Z,193,193,193,193,0,0
1786857000000,2026-08-16T05:10:00Z,193,193,192.66,192.84,0.34,65.535
1786857300000,2026-08-16T05:15:00Z,192.84,192.84,192.84,192.84,0,0
1786857600000,2026-08-16T05:20:00Z,192.84,192.95,192.84,192.95,0.06,11.577
1786857900000,2026-08-16T05:25:00Z,192.95,192.95,192.95,192.95,0,0
1786858200000,2026-08-16T05:30:00Z,192.95,192.95,192.95,192.95,0,0
1786858500000,2026-08-16T05:35:00Z,192.95,192.95,192.95,192.95,0,0
1786858800000,2026-08-16T05:40:00Z,192.95,192.95,192.95,192.95,0.11,21.2245
1786859100000,2026-08-16T05:45:00Z,192.95,192.95,192.67,192.67,0.08,15.4136
1786859400000,2026-08-16T05:50:00Z,192.67,192.68,192.67,192.68,0.14,26.9752
1786859700000,2026-08-16T05:55:00Z,192.68,192.68,192.67,192.67,0.18,34.6806
1786860000000,2026-08-16T06:00:00Z,192.67,192.94,192.66,192.94,0.3,57.84
1786860300000,2026-08-16T06:05:00Z,192.94,192.94,192.66,192.88,0.14,26.9878
1786860600000,2026-08-16T06:10:00Z,192.88,192.88,192.88,192.88,0,0
1786860900000,2026-08-16T06:15:00Z,192.88,192.88,192.88,192.88,0,0
1786861200000,2026-08-16T06:20:00Z,192.88,192.88,192.88,192.88,0,0
1786861500000,2026-08-16T06:25:00Z,192.88,192.94,192.88,192.94,0.07,13.5058
1786861800000,2026-08-16T06:30:00Z,192.94,192.98,192.94,192.98,0.13,25.0874
1786862100000,2026-08-16T06:35:00Z,192.98,192.98,192.79,192.79,0.05,9.6395
1786862400000,2026-08-16T06:40:00Z,192.79,192.79,192.79,192.79,0,0
1786862700000,2026-08-16T06:45:00Z,192.79,192.98,192.79,192.98,0.06,11.5788
1786863000000,2026-08-16T06:50:00Z,192.98,192.98,192.98,192.98,0,0
1786863300000,2026-08-16T06:55:00Z,192.98,192.98,192.98,192.98,0,0
1786863600000,2026-08-16T07:00:00Z,192.98,192.98,192.98,192.98,0,0
1786863900000,2026-08-16T07:05:00Z,192.98,192.98,192.83,192.83,0.15,28.9245
1786864200000,2026-08-16T07:10:00Z,192.83,192.83,192.77,192.77,0.2,38.554
1786864500000,2026-08-16T07:15:00Z,192.77,192.77,192.77,192.77,0,0
1786864800000,2026-08-16T07:20:00Z,192.77,192.77,192.67,192.67,0.18,34.6806
1786865100000,2026-08-16T07:25:00Z,192.67,192.67,192.67,192.67,0,0
1786865400000,2026-08-16T07:30:00Z,192.67,192.93,192.67,192.93,0.05,9.6465
1786865700000,2026-08-16T07:35:00Z,192.93,192.93,192.93,192.93,0,0
1786866000000,2026-08-16T07:40:00Z,192.93,192.93,192.72,192.72,0.05,9.636
1786866300000,2026-08-16T07:45:00Z,192.72,192.72,192.72,192.72,0,0
1786866600000,2026-08-16T07:50:00Z,192.72,192.74,192.72,192.74,0.19,36.6206
1786866900000,2026-08-16T07:55:00Z,192.74,192.74,192.74,192.74,0,0
1786867200000,2026-08-16T08:00:00Z,192.74,192.74,192.74,192.74,0,0
1786867500000,2026-08-16T08:05:00Z,192.74,192.74,192.74,192.74,0.17,32.7658
1786867800000,2026-08-16T08:10:00Z,192.74,192.74,192.74,192.74,0,0
1786868100000,2026-08-16T08:15:00Z,192.74,192.75,192.74,192.75,0.19,36.6225
1786868400000,2026-08-16T08:20:00Z,192.75,192.75,192.75,192.75,0,0
1786868700000,2026-08-16T08:25:00Z,192.75,192.75,192.75,192.75,0,0
1786869000000,2026-08-16T08:30:00Z,192.75,192.75,192.75,192.75,0,0
1786869300000,2026-08-16T08:35:00Z,192.75,192.77,192.75,192.77,0.14,26.9878
1786869600000,2026-08-16T08:40:00Z,192.77,192.77,192.77,192.77,0,0
1786869900000,2026-08-16T08:45:00Z,192.77,192.77,192.77,192.77,0,0
1786870200000,2026-08-16T08:50:00Z,192.77,192.77,192.77,192.77,0,0
1786870500000,2026-08-16T08:55:00Z,192.77,192.9,192.77,192.9,0.18,34.722
1786870800000,2026-08-16T09:00:00Z,192.9,193.07,192.9,193.07,0.06,11.5842
1786871100000,2026-08-16T09:05:00Z,193.07,193.07,193.07,193.07,0,0
1786871400000,2026-08-16T09:10:00Z,193.07,193.07,193.07,193.07,0,0
1786871700000,2026-08-16T09:15:00Z,193.07,193.07,193.07,193.07,0,0
1786872000000,2026-08-16T09:20:00Z,193.07,193.07,192.74,192.74,0.07,13.4918
1786872300000,2026-08-16T09:25:00Z,192.74,192.74,192.74,192.74,0.08,15.4192
1786872600000,2026-08-16T09:30:00Z,192.74,192.74,192.74,192.74,0.15,28.911
1786872900000,2026-08-16T09:35:00Z,192.74,193.08,192.74,193.08,0.19,36.6834
1786873200000,2026-08-16T09:40:00Z,193.08,193.08,193.08,193.08,0,0
1786873500000,2026-08-16T09:45:00Z,193.08,193.08,193.08,193.08,0,0
1786873800000,2026-08-16T09:50:00Z,193.08,193.08,193.08,193.08,0,0
1786874100000,2026-08-16T09:55:00Z,193.08,193.08,192.76,193.06,0.18,34.7238
1786874400000,2026-08-16T10:00:00Z,193.06,193.06,193.06,193.06,0,0
1786874700000,2026-08-16T10:05:00Z,193.06,193.06,192.83,192.83,0.14,26.9962
1786875000000,2026-08-16T10:10:00Z,192.83,192.83,192.83,192.83,0,0
1786875300000,2026-08-16T10:15:00Z,192.83,192.83,192.74,192.74,0.11,21.2014
1786875600000,2026-08-16T10:20:00Z,192.74,192.75,192.74,192.75,0.14,26.985
1786875900000,2026-08-16T10:25:00Z,192.75,192.75,192.75,192.75,0,0
1786876200000,2026-08-16T10:30:00Z,192.75,192.95,192.75,192.95,0.13,25.0835
1786876500000,2026-08-16T10:35:00Z,192.95,192.95,192.95,192.95,0,0
1786876800000,2026-08-16T10:40:00Z,192.95,192.95,192.94,192.94,0.17,32.7998
1786877100000,2026-08-16T10:45:00Z,192.94,192.96,192.94,192.96,0.12,23.154
1786877400000,2026-08-16T10:50:00Z,192.96,192.96,192.96,192.96,0,0
1786877700000,2026-08-16T10:55:00Z,192.96,192.96,192.96,192.96,0,0
1786878000000,2026-08-16T11:00:00Z,192.96,192.96,192.96,192.96,0,0
1786878300000,2026-08-16T11:05:00Z,192.96,192.96,192.8,192.8,0.18,34.704
1786878600000,2026-08-16T11:10:00Z,192.8,192.8,192.8,192.8,0,0
1786878900000,2026-08-16T11:15:00Z,192.8,192.8,192.8,192.8,0,0
1786879200000,2026-08-16T11:20:00Z,192.8,192.8,192.8,192.8,0,0
1786879500000,2026-08-16T11:25:00Z,192.8,193.04,192.8,193.04,0.2,38.608
1786879800000,2026-08-16T11:30:00Z,193.04,193.04,192.81,192.81,0.17,32.7777
1786880100000,2026-08-16T11:35:00Z,192.81,192.81,192.81,192.81,0,0
1786880400000,2026-08-16T11:40:00Z,192.81,192.82,192.81,192.82,0.06,11.5692
1786880700000,2026-08-16T11:45:00Z,192.82,192.82,192.82,192.82,0,0
1786881000000,2026-08-16T11:50:00Z,192.82,193.03,192.82,193.03,0.18,34.7454
1786881300000,2026-08-16T11:55:00Z,193.03,193.03,193.03,193.03,0,0
1786881600000,2026-08-16T12:00:00Z,193.03,193.03,193.03,193.03,0,0
1786881900000,2026-08-16T12:05:00Z,193.03,193.03,193.03,193.03,0,0
1786882200000,2026-08-16T12:10:00Z,193.03,193.03,192.83,192.83,0.12,23.1396
1786882500000,2026-08-16T12:15:00Z,192.83,192.85,192.83,192.85,0.19,36.6415
1786882800000,2026-08-16T12:20:00Z,192.85,192.85,192.85,192.85,0.12,23.142
1786883100000,2026-08-16T12:25:00Z,192.85,193.06,192.85,193.06,0.39,75.2893
1786883400000,2026-08-16T12:30:00Z,193.06,193.06,193.06,193.06,0,0
1786883700000,2026-08-16T12:35:00Z,193.06,193.06,193.06,193.06,0,0
1786884000000,2026-08-16T12:40:00Z,193.06,193.06,193.06,193.06,0,0
1786884300000,2026-08-16T12:45:00Z,193.06,193.06,193.06,193.06,0,0
1786884600000,2026-08-16T12:50:00Z,193.06,193.06,193.06,193.06,0,0
1786884900000,2026-08-16T12:55:00Z,193.06,193.06,192.85,192.85,0.11,21.2135
1786885200000,2026-08-16T13:00:00Z,192.85,192.85,192.85,192.85,0.05,9.6425
1786885500000,2026-08-16T13:05:00Z,192.85,192.85,192.85,192.85,0,0
1786885800000,2026-08-16T13:10:00Z,192.85,192.85,192.85,192.85,0,0
1786886100000,2026-08-16T13:15:00Z,192.85,192.85,192.85,192.85,0,0
1786886400000,2026-08-16T13:20:00Z,192.85,193.02,192.85,193.02,0.15,28.953
1786886700000,2026-08-16T13:25:00Z,193.02,193.02,192.87,192.87,0.19,36.6453
1786887000000,2026-08-16T13:30:00Z,192.87,192.87,192.87,192.87,0,0
1786887300000,2026-08-16T13:35:00Z,192.87,193.02,192.82,193.02,0.12,23.1504
1786887600000,2026-08-16T13:40:00Z,193.02,193.02,193.02,193.02,0,0
1786887900000,2026-08-16T13:45:00Z,193.02,193.03,193.02,193.03,0.09,17.3724
1786888200000,2026-08-16T13:50:00Z,193.03,193.03,193.03,193.03,0,0
1786888500000,2026-08-16T13:55:00Z,193.03,193.03,192.82,192.82,0.15,28.923
1786888800000,2026-08-16T14:00:00Z,192.82,192.82,192.82,192.82,0.18,34.7076
1786889100000,2026-08-16T14:05:00Z,192.82,192.96,192.82,192.96,0.16,30.8736
1786889400000,2026-08-16T14:10:00Z,192.96,193,192.96,193,0.1,19.3
1786889700000,2026-08-16T14:15:00Z,193,193,192.82,192.82,0.3,57.8484
1786890000000,2026-08-16T14:20:00Z,192.82,192.82,192.82,192.82,0,0
1786890300000,2026-08-16T14:25:00Z,192.82,192.82,192.82,192.82,0,0
1786890600000,2026-08-16T14:30:00Z,192.82,192.9,192.65,192.9,0.2,38.555
1786890900000,2026-08-16T14:35:00Z,192.9,193.04,192.9,193.04,0.14,27.0256
1786891200000,2026-08-16T14:40:00Z,193.04,193.04,193.04,193.04,0,0
1786891500000,2026-08-16T14:45:00Z,193.04,193.04,193.04,193.04,0,0
1786891800000,2026-08-16T14:50:00Z,193.04,193.04,193.04,193.04,0,0
1786892100000,2026-08-16T14:55:00Z,193.04,193.04,193.02,193.02,0.08,15.4416
1786892400000,2026-08-16T15:00:00Z,193.02,193.02,193.02,193.02,0,0
1786892700000,2026-08-16T15:05:00Z,193.02,193.02,193.02,193.02,0,0
1786893000000,2026-08-16T15:10:00Z,193.02,193.04,193.02,193.04,0.08,15.4432
1786893300000,2026-08-16T15:15:00Z,193.04,193.04,193.04,193.04,0,0
1786893600000,2026-08-16T15:20:00Z,193.04,193.04,193.02,193.02,0.14,27.0228
1786893900000,2026-08-16T15:25:00Z,193.02,193.02,192.7,192.7,0.16,30.832
1786894200000,2026-08-16T15:30:00Z,192.7,193.04,192.7,193.04,0.15,28.956
1786894500000,2026-08-16T15:35:00Z,193.04,193.04,193.04,193.04,0,0
1786894800000,2026-08-16T15:40:00Z,193.04,193.04,193.04,193.04,0,0
1786895100000,2026-08-16T15:45:00Z,193.04,193.04,193.04,193.04,0,0
1786895400000,2026-08-16T15:50:00Z,193.04,193.04,192.7,192.7,0.17,32.759
1786895700000,2026-08-16T15:55:00Z,192.7,192.83,192.67,192.83,0.22,42.405
1786896000000,2026-08-16T16:00:00Z,192.83,192.83,192.67,192.67,0.15,28.9005
1786896300000,2026-08-16T16:05:00Z,192.67,192.67,192.67,192.67,0,0
1786896600000,2026-08-16T16:10:00Z,192.67,192.67,192.67,192.67,0,0
1786896900000,2026-08-16T16:15:00Z,192.67,192.67,192.67,192.67,0,0
1786897200000,2026-08-16T16:20:00Z,192.67,192.96,192.67,192.96,0.11,21.2256
1786897500000,2026-08-16T16:25:00Z,192.96,192.96,192.96,192.96,0.07,13.5072
1786897800000,2026-08-16T16:30:00Z,192.96,192.96,192.96,192.96,0,0
1786898100000,2026-08-16T16:35:00Z,192.96,192.96,192.96,192.96,0,0
1786898400000,2026-08-16T16:40:00Z,192.96,192.96,192.68,192.68,0.08,15.4144
1786898700000,2026-08-16T16:45:00Z,192.68,192.71,192.68,192.71,0.19,36.6149
1786899000000,2026-08-16T16:50:00Z,192.71,192.71,192.71,192.71,0,0
1786899300000,2026-08-16T16:55:00Z,192.71,192.71,192.71,192.71,0,0
1786899600000,2026-08-16T17:00:00Z,192.71,192.71,192.71,192.71,0,0
1786899900000,2026-08-16T17:05:00Z,192.71,192.71,192.71,192.71,0.12,23.1252
1786900200000,2026-08-16T17:10:00Z,192.71,192.71,192.71,192.71,0,0
1786900500000,2026-08-16T17:15:00Z,192.71,192.71,192.71,192.71,0,0
1786900800000,2026-08-16T17:20:00Z,192.71,192.71,192.71,192.71,0,0
1786901100000,2026-08-16T17:25:00Z,192.71,192.73,192.71,192.73,0.09,17.3457
1786901400000,2026-08-16T17:30:00Z,192.73,192.73,192.73,192.73,0,0
1786901700000,2026-08-16T17:35:00Z,192.73,192.74,192.73,192.74,0.24,46.2576
1786902000000,2026-08-16T17:40:00Z,192.74,192.74,192.74,192.74,0,0
1786902300000,2026-08-16T17:45:00Z,192.74,192.83,192.74,192.83,0.24,46.2792
1786902600000,2026-08-16T17:50:00Z,192.83,192.91,192.83,192.91,0.11,21.2201
1786902900000,2026-08-16T17:55:00Z,192.91,192.91,192.91,192.91,0,0
1786903200000,2026-08-16T18:00:00Z,192.91,192.91,192.91,192.91,0,0
1786903500000,2026-08-16T18:05:00Z,192.91,192.91,192.91,192.91,0,0
1786903800000,2026-08-16T18:10:00Z,192.91,192.91,192.71,192.71,0.17,32.7607
1786904100000,2026-08-16T18:15:00Z,192.71,192.8,192.64,192.64,0.76,146.471
1786904400000,2026-08-16T18:20:00Z,192.64,192.64,192.64,192.64,0,0
1786904700000,2026-08-16T18:25:00Z,192.64,192.64,192.64,192.64,0,0
1786905000000,2026-08-16T18:30:00Z,192.64,192.64,192.64,192.64,0,0
1786905300000,2026-08-16T18:35:00Z,192.64,192.64,192.64,192.64,0,0
1786905600000,2026-08-16T18:40:00Z,192.64,192.64,192.64,192.64,0,0
1786905900000,2026-08-16T18:45:00Z,192.64,192.65,192.64,192.65,0.16,30.824
1786906200000,2026-08-16T18:50:00Z,192.65,192.65,192.65,192.65,0,0
1786906500000,2026-08-16T18:55:00Z,192.65,192.65,192.65,192.65,0,0
1786906800000,2026-08-16T19:00:00Z,192.65,192.65,192.63,192.63,0.42,80.909
1786907100000,2026-08-16T19:05:00Z,192.63,192.63,192.62,192.62,0.09,17.3358
1786907400000,2026-08-16T19:10:00Z,192.62,192.62,192.62,192.62,0,0
1786907700000,2026-08-16T19:15:00Z,192.62,192.66,192.62,192.66,0.09,17.3394
1786908000000,2026-08-16T19:20:00Z,192.66,192.66,192.66,192.66,0,0
1786908300000,2026-08-16T19:25:00Z,192.66,192.66,192.6,192.6,0.19,36.5987
1786908600000,2026-08-16T19:30:00Z,192.6,192.66,192.44,192.64,3.55,683.6668
1786908900000,2026-08-16T19:35:00Z,192.64,192.64,192.64,192.64,0,0
1786909200000,2026-08-16T19:40:00Z,192.64,192.64,192.46,192.46,0.2,38.492
1786909500000,2026-08-16T19:45:00Z,192.46,192.58,192.46,192.58,0.12,23.1096
1786909800000,2026-08-16T19:50:00Z,192.58,192.58,192.45,192.45,0.18,34.641
1786910100000,2026-08-16T19:55:00Z,192.45,192.45,192.45,192.45,0,0
1786910400000,2026-08-16T20:00:00Z,192.45,192.45,192.45,192.45,0,0
1786910700000,2026-08-16T20:05:00Z,192.45,192.45,192.36,192.36,0.16,30.7776
1786911000000,2026-08-16T20:10:00Z,192.36,192.36,192.36,192.36,0,0
1786911300000,2026-08-16T20:15:00Z,192.36,192.36,192.36,192.36,0,0
1786911600000,2026-08-16T20:20:00Z,192.36,192.36,192.36,192.36,0,0
1786911900000,2026-08-16T20:25:00Z,192.36,192.5,192.36,192.5,0.14,26.95
1786912200000,2026-08-16T20:30:00Z,192.5,192.5,192.37,192.37,0.19,36.5503
1786912500000,2026-08-16T20:35:00Z,192.37,192.37,192.37,192.37,0,0
1786912800000,2026-08-16T20:40:00Z,192.37,192.37,192.37,192.37,0,0
1786913100000,2026-08-16T20:45:00Z,192.37,192.37,192.37,192.37,0,0
1786913400000,2026-08-16T20:50:00Z,192.37,192.37,192.01,192.01,0.34,65.3446
1786913700000,2026-08-16T20:55:00Z,192.01,192.01,192.01,192.01,0,0
1786914000000,2026-08-16T21:00:00Z,192.01,192.01,192.01,192.01,0,0
1786914300000,2026-08-16T21:05:00Z,192.01,192.36,192.01,192.36,0.16,30.7776
1786914600000,2026-08-16T21:10:00Z,192.36,192.36,192.36,192.36,0,0
1786914900000,2026-08-16T21:15:00Z,192.36,192.36,192.36,192.36,0,0
1786915200000,2026-08-16T21:20:00Z,192.36,192.99,192.36,192.99,0.36,69.3648
1786915500000,2026-08-16T21:25:00Z,192.99,193.18,192.99,193.18,0.81,156.4758
1786915800000,2026-08-16T21:30:00Z,193.18,193.18,193.18,193.18,0,0
1786916100000,2026-08-16T21:35:00Z,193.18,193.18,193.18,193.18,0,0
1786916400000,2026-08-16T21:40:00Z,193.18,193.18,193.18,193.18,0,0
1786916700000,2026-08-16T21:45:00Z,193.18,193.18,193.12,193.12,0.09,17.3808
1786917000000,2026-08-16T21:50:00Z,193.12,193.12,193.12,193.12,0,0
1786917300000,2026-08-16T21:55:00Z,193.12,193.17,193.12,193.17,0.14,27.0438
1786917600000,2026-08-16T22:00:00Z,193.17,193.39,193.16,193.39,3.34,645.8881
1786917900000,2026-08-16T22:05:00Z,193.39,193.39,193.39,193.39,0,0
1786918200000,2026-08-16T22:10:00Z,193.39,193.39,193.39,193.39,0,0
1786918500000,2026-08-16T22:15:00Z,193.39,193.39,193.39,193.39,0,0
1786918800000,2026-08-16T22:20:00Z,193.39,193.39,193.39,193.39,0,0
1786919100000,2026-08-16T22:25:00Z,193.39,193.39,193.39,193.39,0,0
1786919400000,2026-08-16T22:30:00Z,193.39,193.39,193.38,193.38,0.17,32.8746
1786919700000,2026-08-16T22:35:00Z,193.38,193.38,193.38,193.38,0,0
1786920000000,2026-08-16T22:40:00Z,193.38,193.38,193.38,193.38,0,0
1786920300000,2026-08-16T22:45:00Z,193.38,193.38,193.33,193.35,0.37,71.5355
1786920600000,2026-08-16T22:50:00Z,193.35,193.35,193.35,193.35,0,0
1786920900000,2026-08-16T22:55:00Z,193.35,193.35,193.35,193.35,0,0
1786921200000,2026-08-16T23:00:00Z,193.35,193.35,192.97,192.97,0.24,46.3404
1786921500000,2026-08-16T23:05:00Z,192.97,193.12,192.97,193.12,0.29,56.0048
1786921800000,2026-08-16T23:10:00Z,193.12,193.12,193.12,193.12,0,0
1786922100000,2026-08-16T23:15:00Z,193.12,193.12,193.12,193.12,0,0
1786922400000,2026-08-16T23:20:00Z,193.12,193.32,193.12,193.32,0.06,11.5992
1786922700000,2026-08-16T23:25:00Z,193.32,193.32,193.32,193.32,0,0
1786923000000,2026-08-16T23:30:00Z,193.32,193.32,192.98,192.98,0.1,19.298
1786923300000,2026-08-16T23:35:00Z,192.98,193.33,192.98,193.33,0.19,36.7327
1786923600000,2026-08-16T23:40:00Z,193.33,193.33,193.33,193.33,0,0
1786923900000,2026-08-16T23:45:00Z,193.33,193.33,192.97,192.97,0.22,42.4787
1786924200000,2026-08-16T23:50:00Z,192.97,192.97,192.97,192.97,0,0
1786924500000,2026-08-16T23:55:00Z,192.97,192.97,192.97,192.97,0.12,23.1564
1786924800000,2026-08-17T00:00:00Z,192.97,193.61,192.94,192.94,2.38,459.8085
1786925100000,2026-08-17T00:05:00Z,192.94,192.94,192.94,192.94,0,0
1786925400000,2026-08-17T00:10:00Z,192.94,192.94,192.94,192.94,0,0
1786925700000,2026-08-17T00:15:00Z,192.94,192.94,192.94,192.94,0,0
1786926000000,2026-08-17T00:20:00Z,192.94,193.94,191.36,193.83,3.54,682.7141
1786926300000,2026-08-17T00:25:00Z,193.83,193.83,191.88,191.88,0.06,11.5518
1786926600000,2026-08-17T00:30:00Z,191.88,193.34,190.35,192.04,7.16,1373.1057
1786926900000,2026-08-17T00:35:00Z,192.04,192.3,192.04,192.3,0.04,7.692
1786927200000,2026-08-17T00:40:00Z,192.3,193.83,190.95,191.88,0.69,132.7217
1786927500000,2026-08-17T00:45:00Z,191.88,192.29,190.8,192.29,1.23,236.2131
1786927800000,2026-08-17T00:50:00Z,192.29,193.95,192.29,192.3,0.06,11.5875
1786928100000,2026-08-17T00:55:00Z,192.3,193.8,189.9,192.03,3.87,741.4679
1786928400000,2026-08-17T01:00:00Z,192.03,193.76,192.03,193.21,0.58,111.8032
1786928700000,2026-08-17T01:05:00Z,193.21,193.21,193.21,193.21,0,0
1786929000000,2026-08-17T01:10:00Z,193.21,193.21,192.27,192.27,0.06,11.5596
1786929300000,2026-08-17T01:15:00Z,192.27,192.27,192.27,192.27,0.04,7.6908
1786929600000,2026-08-17T01:20:00Z,192.27,192.79,192.27,192.79,0.12,23.1348
1786929900000,2026-08-17T01:25:00Z,192.79,192.79,192.79,192.79,0,0
1786930200000,2026-08-17T01:30:00Z,192.79,192.79,192.79,192.79,0,0
1786930500000,2026-08-17T01:35:00Z,192.79,192.89,192.79,192.89,0.14,27.0046
1786930800000,2026-08-17T01:40:00Z,192.89,192.89,192.65,192.65,0.18,34.677
1786931100000,2026-08-17T01:45:00Z,192.65,192.66,192.65,192.66,0.05,9.633
1786931400000,2026-08-17T01:50:00Z,192.66,192.71,192.66,192.71,0.48,92.5008
1786931700000,2026-08-17T01:55:00Z,192.71,192.83,192.71,192.83,0.11,21.2113
1786932000000,2026-08-17T02:00:00Z,192.83,192.83,192.83,192.83,0,0
1786932300000,2026-08-17T02:05:00Z,192.83,192.83,192.83,192.83,0,0
1786932600000,2026-08-17T02:10:00Z,192.83,193.01,192.83,193.01,0.15,28.9515
1786932900000,2026-08-17T02:15:00Z,193.01,193.01,193.01,193.01,0,0
1786933200000,2026-08-17T02:20:00Z,193.01,193.17,192.77,192.77,0.3,57.891
1786933500000,2026-08-17T02:25:00Z,192.77,192.79,192.77,192.79,0.19,36.6301
1786933800000,2026-08-17T02:30:00Z,192.79,192.79,191.99,192.02,0.52,99.9278
1786934100000,2026-08-17T02:35:00Z,192.02,192.42,192.02,192.42,0.01,1.9242
1786934400000,2026-08-17T02:40:00Z,192.42,192.42,192.42,192.42,0,0
1786934700000,2026-08-17T02:45:00Z,192.42,192.42,192.42,192.42,0,0
1786935000000,2026-08-17T02:50:00Z,192.42,193.03,192.42,193.03,1.04,200.4483
1786935300000,2026-08-17T02:55:00Z,193.03,193.03,193.03,193.03,0,0
1786935600000,2026-08-17T03:00:00Z,193.03,193.03,193.03,193.03,0,0
1786935900000,2026-08-17T03:05:00Z,193.03,193.03,193.03,193.03,0,0
1786936200000,2026-08-17T03:10:00Z,193.03,193.03,193.03,193.03,0,0
1786936500000,2026-08-17T03:15:00Z,193.03,193.03,192.43,192.43,0.09,17.3187
1786936800000,2026-08-17T03:20:00Z,192.43,192.68,192.43,192.68,0.1,19.2644
1786937100000,2026-08-17T03:25:00Z,192.68,192.68,192.68,192.68,0,0
1786937400000,2026-08-17T03:30:00Z,192.68,192.68,192.68,192.68,0,0
1786937700000,2026-08-17T03:35:00Z,192.68,192.68,192.68,192.68,0,0
1786938000000,2026-08-17T03:40:00Z,192.68,192.68,192.41,192.41,0.4,77.014
1786938300000,2026-08-17T03:45:00Z,192.41,192.41,192.41,192.41,0,0
1786938600000,2026-08-17T03:50:00Z,192.41,192.41,192.41,192.41,0,0
1786938900000,2026-08-17T03:55:00Z,192.41,192.41,192.41,192.41,0,0
1786939200000,2026-08-17T04:00:00Z,192.41,192.53,192.41,192.53,0.14,26.9542
1786939500000,2026-08-17T04:05:00Z,192.53,192.73,192.53,192.72,0.23,44.3121
1786939800000,2026-08-17T04:10:00Z,192.72,192.72,192.72,192.72,0,0
1786940100000,2026-08-17T04:15:00Z,192.72,192.72,192.72,192.72,0,0
1786940400000,2026-08-17T04:20:00Z,192.72,192.72,192.72,192.72,0,0
1786940700000,2026-08-17T04:25:00Z,192.72,192.72,192.66,192.66,0.13,25.0458
1786941000000,2026-08-17T04:30:00Z,192.66,192.66,192.66,192.66,0,0
1786941300000,2026-08-17T04:35:00Z,192.66,192.66,192.66,192.66,0,0
1786941600000,2026-08-17T04:40:00Z,192.66,192.86,192.55,192.55,0.31,59.7386
1786941900000,2026-08-17T04:45:00Z,192.55,192.61,192.55,192.56,0.27,51.9972
1786942200000,2026-08-17T04:50:00Z,192.56,192.67,192.56,192.67,0.24,46.2408
1786942500000,2026-08-17T04:55:00Z,192.67,192.67,192.4,192.41,0.17,32.7218
1786942800000,2026-08-17T05:00:00Z,192.41,192.41,192.41,192.41,0,0
1786943100000,2026-08-17T05:05:00Z,192.41,192.41,192.37,192.37,0.26,50.0186
1786943400000,2026-08-17T05:10:00Z,192.37,192.37,192.37,192.37,0,0
1786943700000,2026-08-17T05:15:00Z,192.37,192.46,192.11,192.11,0.18,34.6113
1786944000000,2026-08-17T05:20:00Z,192.11,192.11,192.11,192.11,0,0
1786944300000,2026-08-17T05:25:00Z,192.11,192.11,192.11,192.11,0,0
1786944600000,2026-08-17T05:30:00Z,192.11,192.52,192.11,192.52,0.11,21.1772
1786944900000,2026-08-17T05:35:00Z,192.52,192.52,192.52,192.52,0,0
1786945200000,2026-08-17T05:40:00Z,192.52,192.52,192.49,192.49,0.2,38.499
1786945500000,2026-08-17T05:45:00Z,192.49,192.49,192.46,192.46,0.08,15.3968
1786945800000,2026-08-17T05:50:00Z,192.46,192.46,192.11,192.11,0.19,36.5009
1786946100000,2026-08-17T05:55:00Z,192.11,192.11,192.11,192.11,0,0
1786946400000,2026-08-17T06:00:00Z,192.11,192.11,192.11,192.11,0,0
1786946700000,2026-08-17T06:05:00Z,192.11,192.11,192.11,192.11,0,0
1786947000000,2026-08-17T06:10:00Z,192.11,192.6,192.11,192.6,0.44,84.7392
1786947300000,2026-08-17T06:15:00Z,192.6,192.6,192.6,192.6,0,0
1786947600000,2026-08-17T06:20:00Z,192.6,192.6,192.6,192.6,0,0
1786947900000,2026-08-17T06:25:00Z,192.6,192.6,192.6,192.6,0,0
1786948200000,2026-08-17T06:30:00Z,192.6,192.81,192.6,192.81,0.17,32.7777
1786948500000,2026-08-17T06:35:00Z,192.81,192.81,192.48,192.48,2.56,492.8386
1786948800000,2026-08-17T06:40:00Z,192.48,192.48,192.48,192.48,0,0
1786949100000,2026-08-17T06:45:00Z,192.48,192.6,192.48,192.6,0.11,21.186
1786949400000,2026-08-17T06:50:00Z,192.6,192.6,192.6,192.6,0,0
1786949700000,2026-08-17T06:55:00Z,192.6,192.6,192.6,192.6,0,0
1786950000000,2026-08-17T07:00:00Z,192.6,192.6,192.22,192.22,0.12,23.0664
1786950300000,2026-08-17T07:05:00Z,192.22,192.4,192.22,192.4,0.11,21.164
1786950600000,2026-08-17T07:10:00Z,192.4,192.4,192.2,192.2,0.2,38.452
1786950900000,2026-08-17T07:15:00Z,192.2,192.2,192.2,192.2,0,0
1786951200000,2026-08-17T07:20:00Z,192.2,192.2,191.98,191.98,0.02,3.8396
1786951500000,2026-08-17T07:25:00Z,191.98,191.98,191.98,191.98,0,0
1786951800000,2026-08-17T07:30:00Z,191.98,191.98,191.98,191.98,0,0
1786952100000,2026-08-17T07:35:00Z,191.98,192.05,191.98,192.05,0.09,17.2845
1786952400000,2026-08-17T07:40:00Z,192.05,192.05,191.84,191.84,0.16,30.708
1786952700000,2026-08-17T07:45:00Z,191.84,191.84,191.81,191.83,0.77,147.7053
1786953000000,2026-08-17T07:50:00Z,191.83,191.83,191.83,191.83,0,0
1786953300000,2026-08-17T07:55:00Z,191.83,191.88,191.78,191.88,2.07,397.0836
1786953600000,2026-08-17T08:00:00Z,191.88,192.64,191.88,192.59,3.3,635.0817
1786953900000,2026-08-17T08:05:00Z,192.59,192.59,192.59,192.59,0,0
1786954200000,2026-08-17T08:10:00Z,192.59,192.75,192.22,192.75,2.05,394.3789
1786954500000,2026-08-17T08:15:00Z,192.75,193.08,192.75,193.08,0.09,17.3772
1786954800000,2026-08-17T08:20:00Z,193.08,193.08,193.08,193.08,0,0
1786955100000,2026-08-17T08:25:00Z,193.08,193.08,193.08,193.08,0,0
1786955400000,2026-08-17T08:30:00Z,193.08,193.08,193.08,193.08,0,0
1786955700000,2026-08-17T08:35:00Z,193.08,193.08,192.54,193.08,0.28,53.9868
1786956000000,2026-08-17T08:40:00Z,193.08,193.08,192.15,192.8,0.32,61.6242
1786956300000,2026-08-17T08:45:00Z,192.8,192.8,192.8,192.8,0,0
1786956600000,2026-08-17T08:50:00Z,192.8,193.04,192.08,192.08,0.06,11.5536
1786956900000,2026-08-17T08:55:00Z,192.08,192.08,192.08,192.08,0,0
1786957200000,2026-08-17T09:00:00Z,192.08,192.08,192.08,192.08,0,0
1786957500000,2026-08-17T09:05:00Z,192.08,193,192.08,192.62,0.3,57.843
1786957800000,2026-08-17T09:10:00Z,192.62,192.99,192.62,192.99,0.13,25.0887
1786958100000,2026-08-17T09:15:00Z,192.99,193.08,192.61,192.61,0.34,65.5682
1786958400000,2026-08-17T09:20:00Z,192.61,193.14,192.61,193.14,0.5,96.5404
1786958700000,2026-08-17T09:25:00Z,193.14,193.14,193.06,193.06,0.17,32.8202
1786959000000,2026-08-17T09:30:00Z,193.06,193.06,193.06,193.06,0,0
1786959300000,2026-08-17T09:35:00Z,193.06,193.38,192.56,192.99,0.72,139.1417
1786959600000,2026-08-17T09:40:00Z,192.99,192.99,192.99,192.99,0,0
1786959900000,2026-08-17T09:45:00Z,192.99,193.04,192.78,192.78,0.32,61.7312
1786960200000,2026-08-17T09:50:00Z,192.78,193.02,192.78,193.02,0.1,19.302
1786960500000,2026-08-17T09:55:00Z,193.02,193.02,192.99,192.99,0.17,32.8083
1786960800000,2026-08-17T10:00:00Z,192.99,193.02,192.99,193.02,0.36,69.4849
1786961100000,2026-08-17T10:05:00Z,193.02,193.02,193.02,193.02,0,0
1786961400000,2026-08-17T10:10:00Z,193.02,193.02,193.02,193.02,0,0
1786961700000,2026-08-17T10:15:00Z,193.02,193.02,193.02,193.02,0,0
1786962000000,2026-08-17T10:20:00Z,193.02,193.02,193.02,193.02,0,0
1786962300000,2026-08-17T10:25:00Z,193.02,193.14,193.02,193.14,0.07,13.5198
1786962600000,2026-08-17T10:30:00Z,193.14,193.29,193.14,193.29,0.13,25.1277
1786962900000,2026-08-17T10:35:00Z,193.29,193.29,193.29,193.29,0,0
1786963200000,2026-08-17T10:40:00Z,193.29,193.49,193.29,193.49,0.08,15.4792
1786963500000,2026-08-17T10:45:00Z,193.49,193.49,193.49,193.49,0,0
1786963800000,2026-08-17T10:50:00Z,193.49,193.49,193.49,193.49,0,0
1786964100000,2026-08-17T10:55:00Z,193.49,193.49,193.04,193.04,0.19,36.6776
1786964400000,2026-08-17T11:00:00Z,193.04,193.04,193.04,193.04,0,0
1786964700000,2026-08-17T11:05:00Z,193.04,193.04,192.76,192.76,0.1,19.276
1786965000000,2026-08-17T11:10:00Z,192.76,192.76,192.76,192.76,0,0
1786965300000,2026-08-17T11:15:00Z,192.76,192.76,192.76,192.76,0,0
1786965600000,2026-08-17T11:20:00Z,192.76,192.76,192.76,192.76,0,0
1786965900000,2026-08-17T11:25:00Z,192.76,192.81,192.76,192.81,0.18,34.7058
1786966200000,2026-08-17T11:30:00Z,192.81,192.81,192.81,192.81,0,0
1786966500000,2026-08-17T11:35:00Z,192.81,192.81,192.81,192.81,0,0
1786966800000,2026-08-17T11:40:00Z,192.81,192.81,192.81,192.81,0,0
1786967100000,2026-08-17T11:45:00Z,192.81,193,192.48,193,1.78,343.2114
1786967400000,2026-08-17T11:50:00Z,193,193,193,193,0,0
1786967700000,2026-08-17T11:55:00Z,193,193,192.69,192.84,0.36,69.4134
1786968000000,2026-08-17T12:00:00Z,192.84,192.84,192.76,192.76,0.19,36.6244
1786968300000,2026-08-17T12:05:00Z,192.76,192.76,192.76,192.76,0,0
1786968600000,2026-08-17T12:10:00Z,192.76,192.76,192.37,192.37,0.02,3.8474
1786968900000,2026-08-17T12:15:00Z,192.37,192.84,192.04,192.04,0.06,11.5464
1786969200000,2026-08-17T12:20:00Z,192.04,192.49,192.04,192.49,0.7,134.743
1786969500000,2026-08-17T12:25:00Z,192.49,192.49,192.49,192.49,0,0
1786969800000,2026-08-17T12:30:00Z,192.49,192.49,192.49,192.49,0,0
1786970100000,2026-08-17T12:35:00Z,192.49,192.49,192.49,192.49,0,0
1786970400000,2026-08-17T12:40:00Z,192.49,192.49,191.6,191.6,1.28,245.4444
1786970700000,2026-08-17T12:45:00Z,191.6,191.6,191.6,191.6,0,0
1786971000000,2026-08-17T12:50:00Z,191.6,191.82,191.37,191.82,0.4,76.638
1786971300000,2026-08-17T12:55:00Z,191.82,191.82,191.43,191.43,0.28,53.6028
1786971600000,2026-08-17T13:00:00Z,191.43,191.43,191.43,191.43,0,0
1786971900000,2026-08-17T13:05:00Z,191.43,191.43,191.43,191.43,0,0
1786972200000,2026-08-17T13:10:00Z,191.43,191.72,191.43,191.72,0.11,21.0892
1786972500000,2026-08-17T13:15:00Z,191.72,191.72,191.56,191.56,0.19,36.3964
1786972800000,2026-08-17T13:20:00Z,191.56,191.56,191.53,191.53,1.88,360.0942
1786973100000,2026-08-17T13:25:00Z,191.53,191.53,190.83,190.83,0.52,99.3426
1786973400000,2026-08-17T13:30:00Z,190.83,190.83,189,189.69,8.16,1552.8872
1786973700000,2026-08-17T13:35:00Z,189.69,191.22,189.69,191.22,7.8,1489.1771
1786974000000,2026-08-17T13:40:00Z,191.22,191.24,189.69,190.4,1.67,318.4973
1786974300000,2026-08-17T13:45:00Z,190.4,190.4,187.05,189.69,6.9,1301.3392
1786974600000,2026-08-17T13:50:00Z,189.69,189.69,188.17,188.17,1.1,207.6256
1786974900000,2026-08-17T13:55:00Z,188.17,188.17,187.05,187.05,1.49,279.5501
1786975200000,2026-08-17T14:00:00Z,187.05,187.05,186.3,186.3,0.04,7.4594
1786975500000,2026-08-17T14:05:00Z,186.3,187.42,186.3,187.42,0.68,127.1724
1786975800000,2026-08-17T14:10:00Z,187.42,187.8,186.59,186.59,0.52,97.4386
1786976100000,2026-08-17T14:15:00Z,186.59,187.1,186,187.07,3.69,689.7069
1786976400000,2026-08-17T14:20:00Z,187.07,187.07,185.81,185.81,3.88,722.3427
1786976700000,2026-08-17T14:25:00Z,185.81,186.67,185.81,186.67,0.02,3.7334
1786977000000,2026-08-17T14:30:00Z,186.67,186.67,185.06,185.19,32.58,6033.1779
1786977300000,2026-08-17T14:35:00Z,185.19,185.19,185.19,185.19,0,0
1786977600000,2026-08-17T14:40:00Z,185.19,185.19,185.19,185.19,0,0
1786977900000,2026-08-17T14:45:00Z,185.19,186.09,185.19,185.7,31.82,5915.0788
1786978200000,2026-08-17T14:50:00Z,185.7,185.98,184.63,185.29,15.71,2911.7314
1786978500000,2026-08-17T14:55:00Z,185.29,185.29,185.29,185.29,0,0
1786978800000,2026-08-17T15:00:00Z,185.29,185.29,184.44,184.44,0.02,3.6888
1786979100000,2026-08-17T15:05:00Z,184.44,184.44,184.44,184.44,0,0
1786979400000,2026-08-17T15:10:00Z,184.44,184.44,183.78,183.78,0.94,173.0444
1786979700000,2026-08-17T15:15:00Z,183.78,184.22,183.78,184.22,0.7,128.8988
1786980000000,2026-08-17T15:20:00Z,184.22,184.22,184.22,184.22,0,0
1786980300000,2026-08-17T15:25:00Z,184.22,184.22,184.22,184.22,0,0
1786980600000,2026-08-17T15:30:00Z,184.22,184.42,183.86,184.42,1.4,257.7565
1786980900000,2026-08-17T15:35:00Z,184.42,184.81,184.42,184.81,0.21,38.8101
1786981200000,2026-08-17T15:40:00Z,184.81,185.52,184.81,185.11,0.38,70.3701
1786981500000,2026-08-17T15:45:00Z,185.11,185.55,185.11,185.55,0.02,3.711
1786981800000,2026-08-17T15:50:00Z,185.55,185.93,185.55,185.93,0.02,3.7186
1786982100000,2026-08-17T15:55:00Z,185.93,186.35,185.93,186.35,7.05,1313.7615
1786982400000,2026-08-17T16:00:00Z,186.35,186.53,186.35,186.53,0.69,128.6445
1786982700000,2026-08-17T16:05:00Z,186.53,186.67,186.53,186.67,0.02,3.7334
1786983000000,2026-08-17T16:10:00Z,186.67,186.67,186.41,186.41,0.23,42.8743
1786983300000,2026-08-17T16:15:00Z,186.41,186.41,186.18,186.29,0.26,48.4211
1786983600000,2026-08-17T16:20:00Z,186.29,186.29,186.17,186.17,0.19,35.3723
1786983900000,2026-08-17T16:25:00Z,186.17,186.17,185.94,185.94,0.23,42.7662
1786984200000,2026-08-17T16:30:00Z,185.94,185.94,185.94,185.94,0.12,22.3128
1786984500000,2026-08-17T16:35:00Z,185.94,185.94,185.94,185.94,0,0
1786984800000,2026-08-17T16:40:00Z,185.94,185.94,185.94,185.94,0,0
1786985100000,2026-08-17T16:45:00Z,185.94,185.94,185.94,185.94,0,0
1786985400000,2026-08-17T16:50:00Z,185.94,186.19,185.93,185.93,0.08,14.89
1786985700000,2026-08-17T16:55:00Z,185.93,185.93,185.93,185.93,0,0
1786986000000,2026-08-17T17:00:00Z,185.93,185.93,185.55,185.55,0.09,16.7002
1786986300000,2026-08-17T17:05:00Z,185.55,185.55,185.18,185.18,0.02,3.7036
1786986600000,2026-08-17T17:10:00Z,185.18,185.18,185.18,185.18,0,0
1786986900000,2026-08-17T17:15:00Z,185.18,185.18,184.81,184.81,0.02,3.6962
1786987200000,2026-08-17T17:20:00Z,184.81,184.81,184.44,184.44,0.02,3.6888
1786987500000,2026-08-17T17:25:00Z,184.44,184.44,183.45,183.45,2.82,517.5882
1786987800000,2026-08-17T17:30:00Z,183.45,183.45,183.45,183.45,0,0
1786988100000,2026-08-17T17:35:00Z,183.45,183.68,183.36,183.68,0.33,60.5696
1786988400000,2026-08-17T17:40:00Z,183.68,183.68,183.68,183.68,0,0
1786988700000,2026-08-17T17:45:00Z,183.68,183.68,183.68,183.68,0,0
1786989000000,2026-08-17T17:50:00Z,183.68,183.68,183.68,183.68,0,0
1786989300000,2026-08-17T17:55:00Z,183.68,183.68,183.68,183.68,0,0
1786989600000,2026-08-17T18:00:00Z,183.68,183.68,183.68,183.68,0,0
1786989900000,2026-08-17T18:05:00Z,183.68,183.68,183.54,183.63,0.19,34.878
1786990200000,2026-08-17T18:10:00Z,183.63,183.63,183.34,183.34,0.02,3.6668
1786990500000,2026-08-17T18:15:00Z,183.34,183.34,183.21,183.21,0.21,38.4741
1786990800000,2026-08-17T18:20:00Z,183.21,183.21,182.97,182.97,0.02,3.6594
1786991100000,2026-08-17T18:25:00Z,182.97,182.97,182.69,182.89,0.4,73.116
1786991400000,2026-08-17T18:30:00Z,182.89,182.89,182.68,182.68,0.18,32.8824
1786991700000,2026-08-17T18:35:00Z,182.68,182.68,182.68,182.68,0,0
1786992000000,2026-08-17T18:40:00Z,182.68,182.99,182.68,182.99,0.48,87.7909
1786992300000,2026-08-17T18:45:00Z,182.99,183.25,182.99,183.25,0.04,7.33
1786992600000,2026-08-17T18:50:00Z,183.25,183.25,183.25,183.25,0,0
1786992900000,2026-08-17T18:55:00Z,183.25,183.25,183.25,183.25,0,0
1786993200000,2026-08-17T19:00:00Z,183.25,183.25,183.25,183.25,0,0
1786993500000,2026-08-17T19:05:00Z,183.25,183.25,182.73,182.73,0.15,27.4095
1786993800000,2026-08-17T19:10:00Z,182.73,182.73,182.6,182.6,0.02,3.652
1786994100000,2026-08-17T19:15:00Z,182.6,182.6,182.6,182.6,0,0
1786994400000,2026-08-17T19:20:00Z,182.6,182.6,182.6,182.6,0,0
1786994700000,2026-08-17T19:25:00Z,182.6,182.6,182.6,182.6,0,0
1786995000000,2026-08-17T19:30:00Z,182.6,182.6,182.24,182.24,0.02,3.6448
1786995300000,2026-08-17T19:35:00Z,182.24,182.24,182.24,182.24,0,0
1786995600000,2026-08-17T19:40:00Z,182.24,182.24,182.08,182.19,0.36,65.5686
1786995900000,2026-08-17T19:45:00Z,182.19,182.4,182.19,182.4,0.2,36.48
1786996200000,2026-08-17T19:50:00Z,182.4,182.4,181.51,181.51,2.84,515.9156
1786996500000,2026-08-17T19:55:00Z,181.51,181.51,181.15,181.15,2.12,384.3769
1786996800000,2026-08-17T20:00:00Z,181.15,181.87,181.15,181.87,1.44,261.7855
1786997100000,2026-08-17T20:05:00Z,181.87,181.87,181.52,181.52,0.17,30.8584
1786997400000,2026-08-17T20:10:00Z,181.52,181.53,181.52,181.53,0.05,9.0765
1786997700000,2026-08-17T20:15:00Z,181.53,181.73,181.53,181.73,0.7,127.1886
1786998000000,2026-08-17T20:20:00Z,181.73,181.73,181.73,181.73,0,0
1786998300000,2026-08-17T20:25:00Z,181.73,181.73,181.73,181.73,0,0
1786998600000,2026-08-17T20:30:00Z,181.73,181.73,181.73,181.73,0,0
1786998900000,2026-08-17T20:35:00Z,181.73,181.73,181.27,181.73,0.18,32.67
1786999200000,2026-08-17T20:40:00Z,181.73,181.73,181.73,181.73,0,0
1786999500000,2026-08-17T20:45:00Z,181.73,181.73,181.52,181.52,0.3,54.4576
1786999800000,2026-08-17T20:50:00Z,181.52,181.52,181.52,181.52,0,0
1787000100000,2026-08-17T20:55:00Z,181.52,181.53,181.52,181.52,0.35,63.5344
1787000400000,2026-08-17T21:00:00Z,181.52,181.52,181.52,181.52,0,0
1787000700000,2026-08-17T21:05:00Z,181.52,181.52,181.39,181.39,0.11,19.9529
1787001000000,2026-08-17T21:10:00Z,181.39,181.67,181.39,181.67,0.11,19.9837
1787001300000,2026-08-17T21:15:00Z,181.67,181.67,181.61,181.61,0.28,50.8516
1787001600000,2026-08-17T21:20:00Z,181.61,181.61,181.51,181.52,0.24,43.5636
1787001900000,2026-08-17T21:25:00Z,181.52,182.46,181.52,182.04,0.88,160.5394
1787002200000,2026-08-17T21:30:00Z,182.04,183.25,180.85,181.87,8.16,1485.9909
1787002500000,2026-08-17T21:35:00Z,181.87,183.4,181.2,181.44,5.27,961.3821
1787002800000,2026-08-17T21:40:00Z,181.44,182.3,181.12,182.3,1.9,345.4773
1787003100000,2026-08-17T21:45:00Z,182.3,182.3,182.3,182.3,0,0
1787003400000,2026-08-17T21:50:00Z,182.3,182.3,182.3,182.3,0,0
1787003700000,2026-08-17T21:55:00Z,182.3,182.3,181.56,181.56,0.14,25.4184
1787004000000,2026-08-17T22:00:00Z,181.56,181.56,181.56,181.56,0,0
1787004300000,2026-08-17T22:05:00Z,181.56,181.56,181.56,181.56,0,0
1787004600000,2026-08-17T22:10:00Z,181.56,181.56,181.55,181.55,0.15,27.2325
1787004900000,2026-08-17T22:15:00Z,181.55,181.56,181.55,181.56,0.08,14.5248
1787005200000,2026-08-17T22:20:00Z,181.56,181.56,181.54,181.54,0.24,43.5696
1787005500000,2026-08-17T22:25:00Z,181.54,181.54,181.54,181.54,0,0
1787005800000,2026-08-17T22:30:00Z,181.54,181.71,181.54,181.71,0.14,25.4275
1787006100000,2026-08-17T22:35:00Z,181.71,181.71,181.71,181.71,0,0
1787006400000,2026-08-17T22:40:00Z,181.71,181.71,181.27,181.27,4.3,779.9237
1787006700000,2026-08-17T22:45:00Z,181.27,181.27,181.27,181.27,0,0
1787007000000,2026-08-17T22:50:00Z,181.27,181.27,181.27,181.27,0,0
1787007300000,2026-08-17T22:55:00Z,181.27,181.42,181.22,181.42,0.4,72.528
1787007600000,2026-08-17T23:00:00Z,181.42,181.42,181.26,181.26,0.09,16.3134
1787007900000,2026-08-17T23:05:00Z,181.26,181.55,181.26,181.55,0.2,36.31
1787008200000,2026-08-17T23:10:00Z,181.55,181.55,181.32,181.32,0.17,30.8244
1787008500000,2026-08-17T23:15:00Z,181.32,181.32,181.32,181.32,0,0
1787008800000,2026-08-17T23:20:00Z,181.32,181.32,181.32,181.32,0,0
1787009100000,2026-08-17T23:25:00Z,181.32,181.32,181.32,181.32,0.06,10.8792
1787009400000,2026-08-17T23:30:00Z,181.32,181.38,181.32,181.38,0.17,30.8346
1787009700000,2026-08-17T23:35:00Z,181.38,181.38,181.38,181.38,0,0
1787010000000,2026-08-17T23:40:00Z,181.38,181.38,181.38,181.38,0,0
1787010300000,2026-08-17T23:45:00Z,181.38,181.38,181.38,181.38,0,0
1787010600000,2026-08-17T23:50:00Z,181.38,181.48,181.33,181.33,5.34,968.9397
1787010900000,2026-08-17T23:55:00Z,181.33,181.33,181.3,181.3,0.04,7.252
1787011200000,2026-08-18T00:00:00Z,181.3,181.3,180.78,180.78,0.44,79.6801
1787011500000,2026-08-18T00:05:00Z,180.78,181.11,179.3,180.06,5.68,1022.6189
1787011800000,2026-08-18T00:10:00Z,180.06,180.33,180.06,180.33,0.03,5.4099
1787012100000,2026-08-18T00:15:00Z,180.33,180.78,180.33,180.78,0.25,45.1017
1787012400000,2026-08-18T00:20:00Z,180.78,180.81,180.78,180.81,0.09,16.2729
1787012700000,2026-08-18T00:25:00Z,180.81,181.04,180.81,181.04,0.34,61.5515
1787013000000,2026-08-18T00:30:00Z,181.04,181.04,181.04,181.04,0,0
1787013300000,2026-08-18T00:35:00Z,181.04,181.1,180.74,180.74,0.32,57.8944
1787013600000,2026-08-18T00:40:00Z,180.74,180.96,180.74,180.96,0.32,57.8832
1787013900000,2026-08-18T00:45:00Z,180.96,180.96,180.96,180.96,0,0
1787014200000,2026-08-18T00:50:00Z,180.96,180.96,180.96,180.96,0,0
1787014500000,2026-08-18T00:55:00Z,180.96,180.99,180.92,180.96,2.07,374.6047
1787014800000,2026-08-18T01:00:00Z,180.96,180.96,180.96,180.96,0,0
1787015100000,2026-08-18T01:05:00Z,180.96,181.1,180.96,181.1,0.18,32.598
1787015400000,2026-08-18T01:10:00Z,181.1,181.1,181.09,181.09,0.3,54.3289
1787015700000,2026-08-18T01:15:00Z,181.09,181.09,181.09,181.09,0,0
1787016000000,2026-08-18T01:20:00Z,181.09,181.12,180.93,180.93,0.4,72.41
1787016300000,2026-08-18T01:25:00Z,180.93,181.87,180.93,181.87,6.32,1147.251
1787016600000,2026-08-18T01:30:00Z,181.87,181.87,181.86,181.86,0.05,9.093
1787016900000,2026-08-18T01:35:00Z,181.86,181.86,181.59,181.59,0.13,23.6067
1787017200000,2026-08-18T01:40:00Z,181.59,181.96,181.28,181.96,0.4,72.648
1787017500000,2026-08-18T01:45:00Z,181.96,181.96,181.96,181.96,0,0
1787017800000,2026-08-18T01:50:00Z,181.96,181.96,181.65,181.65,0.13,23.6145
1787018100000,2026-08-18T01:55:00Z,181.65,181.65,181.65,181.65,0,0
1787018400000,2026-08-18T02:00:00Z,181.65,181.65,181.65,181.65,0,0
1787018700000,2026-08-18T02:05:00Z,181.65,181.65,181.34,181.34,0.11,19.9474
1787019000000,2026-08-18T02:10:00Z,181.34,181.34,181.34,181.34,0,0
1787019300000,2026-08-18T02:15:00Z,181.34,181.34,179.7,179.7,2.13,384.3848
1787019600000,2026-08-18T02:20:00Z,179.7,179.7,179.7,179.7,0,0
1787019900000,2026-08-18T02:25:00Z,179.7,179.7,179.7,179.7,0,0
1787020200000,2026-08-18T02:30:00Z,179.7,179.7,179.7,179.7,0,0
1787020500000,2026-08-18T02:35:00Z,179.7,179.84,179.42,179.84,0.4,71.852
1787020800000,2026-08-18T02:40:00Z,179.84,179.84,179.84,179.84,0,0
1787021100000,2026-08-18T02:45:00Z,179.84,179.84,179.12,179.12,0.25,44.8726
1787021400000,2026-08-18T02:50:00Z,179.12,179.12,179.09,179.09,0.11,19.6999
1787021700000,2026-08-18T02:55:00Z,179.09,179.49,178.99,178.99,0.16,28.6784
1787022000000,2026-08-18T03:00:00Z,178.99,178.99,178.99,178.99,0,0
1787022300000,2026-08-18T03:05:00Z,178.99,178.99,178.99,178.99,0,0
1787022600000,2026-08-18T03:10:00Z,178.99,178.99,178.99,178.99,0,0
1787022900000,2026-08-18T03:15:00Z,178.99,179.59,178.99,179.59,0.15,26.9385
1787023200000,2026-08-18T03:20:00Z,179.59,179.59,179.14,179.14,0.38,68.1404
1787023500000,2026-08-18T03:25:00Z,179.14,179.14,179.14,179.14,0,0
1787023800000,2026-08-18T03:30:00Z,179.14,179.14,179.14,179.14,0,0
1787024100000,2026-08-18T03:35:00Z,179.14,179.14,179.14,179.14,0,0
1787024400000,2026-08-18T03:40:00Z,179.14,179.21,178.99,178.99,0.28,50.148
1787024700000,2026-08-18T03:45:00Z,178.99,179.23,178.9,178.9,0.32,57.3147
1787025000000,2026-08-18T03:50:00Z,178.9,178.9,178.9,178.9,0,0
1787025300000,2026-08-18T03:55:00Z,178.9,178.9,178.9,178.9,0,0
1787025600000,2026-08-18T04:00:00Z,178.9,178.9,178.9,178.9,0,0
1787025900000,2026-08-18T04:05:00Z,178.9,179.06,178.9,179.06,0.19,34.0214
1787026200000,2026-08-18T04:10:00Z,179.06,179.06,179.06,179.06,0,0
1787026500000,2026-08-18T04:15:00Z,179.06,179.4,178.38,178.38,1.94,347.139
1787026800000,2026-08-18T04:20:00Z,178.38,178.38,178.38,178.38,0,0
1787027100000,2026-08-18T04:25:00Z,178.38,178.38,178.38,178.38,0,0
1787027400000,2026-08-18T04:30:00Z,178.38,178.38,178.38,178.38,0,0
1787027700000,2026-08-18T04:35:00Z,178.38,178.38,178.38,178.38,0,0
1787028000000,2026-08-18T04:40:00Z,178.38,178.77,178.38,178.77,0.2,35.754
1787028300000,2026-08-18T04:45:00Z,178.77,179.45,178.77,179.23,4.47,800.9837
1787028600000,2026-08-18T04:50:00Z,179.23,179.23,179.23,179.23,0,0
1787028900000,2026-08-18T04:55:00Z,179.23,179.23,179.23,179.23,0,0
1787029200000,2026-08-18T05:00:00Z,179.23,179.59,179.23,179.59,0.06,10.7754
1787029500000,2026-08-18T05:05:00Z,179.59,179.66,179.2,179.66,0.29,52.0702
1787029800000,2026-08-18T05:10:00Z,179.66,179.66,179.66,179.66,0,0
1787030100000,2026-08-18T05:15:00Z,179.66,179.66,179.66,179.66,0,0
1787030400000,2026-08-18T05:20:00Z,179.66,179.66,179.66,179.66,0,0
1787030700000,2026-08-18T05:25:00Z,179.66,179.66,179.13,179.13,0.19,34.0347
1787031000000,2026-08-18T05:30:00Z,179.13,179.13,179.13,179.13,0,0
1787031300000,2026-08-18T05:35:00Z,179.13,179.13,179.13,179.13,0,0
1787031600000,2026-08-18T05:40:00Z,179.13,179.13,179.13,179.13,0,0
1787031900000,2026-08-18T05:45:00Z,179.13,179.13,179.07,179.07,0.2,35.814
1787032200000,2026-08-18T05:50:00Z,179.07,179.07,178.68,178.68,0.18,32.1624
1787032500000,2026-08-18T05:55:00Z,178.68,178.84,178.68,178.84,0.09,16.0956
1787032800000,2026-08-18T06:00:00Z,178.84,178.84,178.84,178.84,0,0
1787033100000,2026-08-18T06:05:00Z,178.84,178.84,178.84,178.84,0,0
1787033400000,2026-08-18T06:10:00Z,178.84,179.48,178.84,179.48,0.15,26.922
1787033700000,2026-08-18T06:15:00Z,179.48,179.61,179,179,0.36,64.5498
1787034000000,2026-08-18T06:20:00Z,179,179,179,179,0,0
1787034300000,2026-08-18T06:25:00Z,179,179,179,179,0,0
1787034600000,2026-08-18T06:30:00Z,179,179.37,179,179.37,0.36,64.5708
1787034900000,2026-08-18T06:35:00Z,179.37,179.37,179.37,179.37,0,0
1787035200000,2026-08-18T06:40:00Z,179.37,179.37,179.37,179.37,0,0
1787035500000,2026-08-18T06:45:00Z,179.37,179.37,179.37,179.37,0,0
1787035800000,2026-08-18T06:50:00Z,179.37,179.37,179.27,179.27,0.08,14.3416
1787036100000,2026-08-18T06:55:00Z,179.27,179.27,179.22,179.22,0.07,12.5454
1787036400000,2026-08-18T07:00:00Z,179.22,179.38,179.22,179.38,0.13,23.3194
1787036700000,2026-08-18T07:05:00Z,179.38,179.38,179.22,179.38,0.28,50.204
1787037000000,2026-08-18T07:10:00Z,179.38,179.38,179.38,179.38,0,0
1787037300000,2026-08-18T07:15:00Z,179.38,179.38,179.36,179.36,0.07,12.5552
1787037600000,2026-08-18T07:20:00Z,179.36,179.41,179.36,179.41,0.25,44.8502
1787037900000,2026-08-18T07:25:00Z,179.41,179.41,179.27,179.27,0.05,8.9635
1787038200000,2026-08-18T07:30:00Z,179.27,179.45,179.24,179.45,0.2,35.869
1787038500000,2026-08-18T07:35:00Z,179.45,179.45,179.16,179.19,3.94,706.047
1787038800000,2026-08-18T07:40:00Z,179.19,179.19,179.19,179.19,0,0
1787039100000,2026-08-18T07:45:00Z,179.19,179.19,178.84,178.84,0.18,32.1912
1787039400000,2026-08-18T07:50:00Z,178.84,178.84,178.3,178.3,0.54,96.3709
1787039700000,2026-08-18T07:55:00Z,178.3,178.3,178.3,178.3,0,0
1787040000000,2026-08-18T08:00:00Z,178.3,179.24,178.3,179.24,0.08,14.3392
1787040300000,2026-08-18T08:05:00Z,179.24,179.28,178.4,178.4,0.06,10.7304
1787040600000,2026-08-18T08:10:00Z,178.4,178.87,178.4,178.87,0.2,35.774
1787040900000,2026-08-18T08:15:00Z,178.87,179.12,178.87,179.12,0.11,19.7032
1787041200000,2026-08-18T08:20:00Z,179.12,179.12,179.11,179.12,0.55,98.5136
1787041500000,2026-08-18T08:25:00Z,179.12,179.12,179.12,179.12,0,0
1787041800000,2026-08-18T08:30:00Z,179.12,179.12,178.71,178.85,0.38,67.9364
1787042100000,2026-08-18T08:35:00Z,178.85,178.85,178.85,178.85,0,0
1787042400000,2026-08-18T08:40:00Z,178.85,178.85,178.85,178.85,0,0
1787042700000,2026-08-18T08:45:00Z,178.85,178.85,178.68,178.68,0.19,33.9492
1787043000000,2026-08-18T08:50:00Z,178.68,178.68,178.68,178.68,0,0
1787043300000,2026-08-18T08:55:00Z,178.68,178.68,178.68,178.68,0,0
1787043600000,2026-08-18T09:00:00Z,178.68,178.68,178.68,178.68,0,0
1787043900000,2026-08-18T09:05:00Z,178.68,178.83,178.68,178.75,0.38,67.9402
1787044200000,2026-08-18T09:10:00Z,178.75,178.75,178.75,178.75,0,0
1787044500000,2026-08-18T09:15:00Z,178.75,178.75,178.75,178.75,0,0
1787044800000,2026-08-18T09:20:00Z,178.75,178.75,178.27,178.27,0.44,78.5547
1787045100000,2026-08-18T09:25:00Z,178.27,178.27,178.27,178.27,0,0
1787045400000,2026-08-18T09:30:00Z,178.27,178.27,178.27,178.27,0,0
1787045700000,2026-08-18T09:35:00Z,178.27,178.27,178.27,178.27,0,0
1787046000000,2026-08-18T09:40:00Z,178.27,178.27,178.27,178.27,0,0
1787046300000,2026-08-18T09:45:00Z,178.27,178.27,178.08,178.08,0.12,21.3696
1787046600000,2026-08-18T09:50:00Z,178.08,178.08,178.05,178.05,0.13,23.1465
1787046900000,2026-08-18T09:55:00Z,178.05,178.05,177.55,177.55,1.55,275.5777
1787047200000,2026-08-18T10:00:00Z,177.55,177.55,177.55,177.55,0,0
1787047500000,2026-08-18T10:05:00Z,177.55,177.8,177.3,177.3,0.1,17.755
1787047800000,2026-08-18T10:10:00Z,177.3,177.3,177.3,177.3,0,0
1787048100000,2026-08-18T10:15:00Z,177.3,177.3,177.3,177.3,0,0
1787048400000,2026-08-18T10:20:00Z,177.3,177.3,177.3,177.3,0,0
1787048700000,2026-08-18T10:25:00Z,177.3,178.01,177.3,177.44,0.22,39.0995
1787049000000,2026-08-18T10:30:00Z,177.44,177.44,177.44,177.44,0,0
1787049300000,2026-08-18T10:35:00Z,177.44,177.44,177.44,177.44,0,0
1787049600000,2026-08-18T10:40:00Z,177.44,177.6,177.44,177.59,0.22,39.0713
1787049900000,2026-08-18T10:45:00Z,177.59,177.59,176.9,177.24,1.03,182.5527
1787050200000,2026-08-18T10:50:00Z,177.24,177.75,177,177,0.08,14.19
1787050500000,2026-08-18T10:55:00Z,177,177,177,177,0,0
1787050800000,2026-08-18T11:00:00Z,177,178.13,177,178.13,0.96,170.8254
1787051100000,2026-08-18T11:05:00Z,178.13,178.95,177.35,178.8,5.57,993.1341
1787051400000,2026-08-18T11:10:00Z,178.8,179.3,177.7,178.93,5.7,1017.9561
1787051700000,2026-08-18T11:15:00Z,178.93,179.05,177.75,178.61,4.25,756.9424
1787052000000,2026-08-18T11:20:00Z,178.61,179.25,177.62,177.62,8.98,1605.0733
1787052300000,2026-08-18T11:25:00Z,177.62,178.26,177.51,178.26,2.07,368.0779
1787052600000,2026-08-18T11:30:00Z,178.26,178.26,178.26,178.26,0,0
1787052900000,2026-08-18T11:35:00Z,178.26,178.26,178.24,178.26,0.6,106.9489
1787053200000,2026-08-18T11:40:00Z,178.26,178.26,178.26,178.26,0,0
1787053500000,2026-08-18T11:45:00Z,178.26,178.26,178.26,178.26,0,0
1787053800000,2026-08-18T11:50:00Z,178.26,178.26,178.26,178.26,0,0
1787054100000,2026-08-18T11:55:00Z,178.26,178.26,178.08,178.08,0.03,5.3424
1787054400000,2026-08-18T12:00:00Z,178.08,178.08,178.08,178.08,0,0
1787054700000,2026-08-18T12:05:00Z,178.08,178.08,177.84,177.84,0.13,23.1192
1787055000000,2026-08-18T12:10:00Z,177.84,177.84,177.61,177.61,0.2,35.522
1787055300000,2026-08-18T12:15:00Z,177.61,177.65,177.61,177.64,0.69,122.5766
1787055600000,2026-08-18T12:20:00Z,177.64,178.2,177.35,177.35,0.1,17.7775
1787055900000,2026-08-18T12:25:00Z,177.35,177.54,177.35,177.5,0.5,88.7669
1787056200000,2026-08-18T12:30:00Z,177.5,177.5,177.5,177.5,0,0
1787056500000,2026-08-18T12:35:00Z,177.5,177.5,177.29,177.29,0.25,44.3225
1787056800000,2026-08-18T12:40:00Z,177.29,177.29,177.29,177.29,0,0
1787057100000,2026-08-18T12:45:00Z,177.29,178.2,177.29,177.48,0.6,106.5205
1787057400000,2026-08-18T12:50:00Z,177.48,177.48,177.48,177.48,0,0
1787057700000,2026-08-18T12:55:00Z,177.48,177.48,177.48,177.48,0,0
1787058000000,2026-08-18T13:00:00Z,177.48,177.48,177.48,177.48,0,0
1787058300000,2026-08-18T13:05:00Z,177.48,178.03,177.48,178.03,0.18,31.9878
1787058600000,2026-08-18T13:10:00Z,178.03,178.03,178.03,178.03,0,0
1787058900000,2026-08-18T13:15:00Z,178.03,178.03,177.23,177.23,0.49,86.8452
1787059200000,2026-08-18T13:20:00Z,177.23,177.4,177.23,177.27,0.49,86.8935
1787059500000,2026-08-18T13:25:00Z,177.27,177.27,176.05,176.05,5.4,953.3985
1787059800000,2026-08-18T13:30:00Z,176.05,178.27,175.44,178.27,5.81,1028.7852
1787060100000,2026-08-18T13:35:00Z,178.27,180.78,178.18,180.78,2.26,404.4451
1787060400000,2026-08-18T13:40:00Z,180.78,182.24,180.78,180.8,0.87,157.8254
1787060700000,2026-08-18T13:45:00Z,180.8,180.8,178.98,178.98,2.01,360.6159
1787061000000,2026-08-18T13:50:00Z,178.98,178.98,178.86,178.86,0.22,39.3682
1787061300000,2026-08-18T13:55:00Z,178.86,178.86,178.78,178.78,0.46,82.2463
1787061600000,2026-08-18T14:00:00Z,178.78,180.05,178.78,180.05,0.76,136.5549
1787061900000,2026-08-18T14:05:00Z,180.05,180.05,178.98,178.98,0.61,109.6271
1787062200000,2026-08-18T14:10:00Z,178.98,178.98,178.19,178.19,0.77,137.4137
1787062500000,2026-08-18T14:15:00Z,178.19,178.19,177.92,177.92,0.85,151.2441
1787062800000,2026-08-18T14:20:00Z,177.92,177.92,177.91,177.91,0.02,3.5582
1787063100000,2026-08-18T14:25:00Z,177.91,177.91,177.91,177.91,0,0
1787063400000,2026-08-18T14:30:00Z,177.91,177.91,176.84,176.84,0.81,143.6705
1787063700000,2026-08-18T14:35:00Z,176.84,176.84,176.84,176.84,0,0
1787064000000,2026-08-18T14:40:00Z,176.84,176.84,175.78,175.78,0.29,51.0827
1787064300000,2026-08-18T14:45:00Z,175.78,176.01,175.78,176.01,0.19,33.4419
1787064600000,2026-08-18T14:50:00Z,176.01,176.49,176.01,176.49,0.96,169.3853
1787064900000,2026-08-18T14:55:00Z,176.49,176.49,176.49,176.49,0,0
1787065200000,2026-08-18T15:00:00Z,176.49,176.64,176.49,176.64,0.22,38.8608
1787065500000,2026-08-18T15:05:00Z,176.64,176.64,176.64,176.64,0,0
1787065800000,2026-08-18T15:10:00Z,176.64,176.88,176.64,176.88,0.46,81.3496
1787066100000,2026-08-18T15:15:00Z,176.88,176.94,176.88,176.94,0.22,38.9268
1787066400000,2026-08-18T15:20:00Z,176.94,177.2,176.94,177.2,0.54,95.6236
1787066700000,2026-08-18T15:25:00Z,177.2,177.91,177.2,177.91,0.54,96.0592
1787067000000,2026-08-18T15:30:00Z,177.91,177.91,177.91,177.91,0,0
1787067300000,2026-08-18T15:35:00Z,177.91,177.91,177.91,177.91,0,0
1787067600000,2026-08-18T15:40:00Z,177.91,177.91,177.91,177.91,0,0
1787067900000,2026-08-18T15:45:00Z,177.91,178.27,177.91,178.27,0.02,3.5654
1787068200000,2026-08-18T15:50:00Z,178.27,179,178.27,179,0.21,37.5616
1787068500000,2026-08-18T15:55:00Z,179,179,179,179,0,0
1787068800000,2026-08-18T16:00:00Z,179,179,178.96,178.96,0.08,14.3168
1787069100000,2026-08-18T16:05:00Z,178.96,178.96,178.39,178.39,0.23,41.0297
1787069400000,2026-08-18T16:10:00Z,178.39,178.39,178.39,178.39,0,0
1787069700000,2026-08-18T16:15:00Z,178.39,178.39,178.39,178.39,0,0
1787070000000,2026-08-18T16:20:00Z,178.39,178.39,178.39,178.39,0,0
1787070300000,2026-08-18T16:25:00Z,178.39,178.65,178.39,178.65,0.12,21.423
1787070600000,2026-08-18T16:30:00Z,178.65,178.92,178.65,178.92,0.14,25.0478
1787070900000,2026-08-18T16:35:00Z,178.92,179.34,178.92,179.34,0.14,25.0572
1787071200000,2026-08-18T16:40:00Z,179.34,179.34,179.34,179.34,0,0
1787071500000,2026-08-18T16:45:00Z,179.34,179.34,179.34,179.34,0,0
1787071800000,2026-08-18T16:50:00Z,179.34,179.34,179.34,179.34,0,0
1787072100000,2026-08-18T16:55:00Z,179.34,179.5,179.34,179.35,0.2,35.8895
1787072400000,2026-08-18T17:00:00Z,179.35,179.35,179.35,179.35,0,0
1787072700000,2026-08-18T17:05:00Z,179.35,179.35,178.79,178.79,0.27,48.3033
1787073000000,2026-08-18T17:10:00Z,178.79,178.79,178.62,178.62,0.02,3.5724
1787073300000,2026-08-18T17:15:00Z,178.62,178.62,177.86,177.86,0.24,42.6956
1787073600000,2026-08-18T17:20:00Z,177.86,177.86,177.52,177.52,0.24,42.6054
1787073900000,2026-08-18T17:25:00Z,177.52,177.52,177.52,177.52,0,0
1787074200000,2026-08-18T17:30:00Z,177.52,178.15,177.52,178.15,0.67,119.3245
1787074500000,2026-08-18T17:35:00Z,178.15,178.15,178.15,178.15,0,0
1787074800000,2026-08-18T17:40:00Z,178.15,178.15,178.15,178.15,0,0
1787075100000,2026-08-18T17:45:00Z,178.15,178.15,178.15,178.15,0,0
1787075400000,2026-08-18T17:50:00Z,178.15,178.15,176.49,176.49,1.97,348.1313
1787075700000,2026-08-18T17:55:00Z,176.49,176.49,176.49,176.49,0,0
1787076000000,2026-08-18T18:00:00Z,176.49,176.49,176.49,176.49,0,0
1787076300000,2026-08-18T18:05:00Z,176.49,176.49,176.16,176.16,0.07,12.3312
1787076600000,2026-08-18T18:10:00Z,176.16,176.16,176.14,176.14,0.02,3.5228
1787076900000,2026-08-18T18:15:00Z,176.14,176.14,176.14,176.14,0,0
1787077200000,2026-08-18T18:20:00Z,176.14,176.23,176.14,176.22,0.45,79.3015
1787077500000,2026-08-18T18:25:00Z,176.22,176.22,176.22,176.22,0,0
1787077800000,2026-08-18T18:30:00Z,176.22,176.22,175.89,176.1,0.28,49.2786
1787078100000,2026-08-18T18:35:00Z,176.1,176.1,176.1,176.1,0,0
1787078400000,2026-08-18T18:40:00Z,176.1,176.1,175.43,175.43,1.54,270.2492
1787078700000,2026-08-18T18:45:00Z,175.43,175.43,175.43,175.43,0,0
1787079000000,2026-08-18T18:50:00Z,175.43,175.54,175.43,175.54,0.45,78.9786
1787079300000,2026-08-18T18:55:00Z,175.54,176.12,175.54,176.12,0.3,52.764
1787079600000,2026-08-18T19:00:00Z,176.12,176.12,175.71,175.71,0.14,24.6124
1787079900000,2026-08-18T19:05:00Z,175.71,175.71,175.71,175.71,0,0
1787080200000,2026-08-18T19:10:00Z,175.71,175.71,175.56,175.56,0.08,14.0448
1787080500000,2026-08-18T19:15:00Z,175.56,175.56,175.56,175.56,0,0
1787080800000,2026-08-18T19:20:00Z,175.56,175.56,175.23,175.23,0.18,31.5414
1787081100000,2026-08-18T19:25:00Z,175.23,175.55,175.23,175.55,0.25,43.8875
1787081400000,2026-08-18T19:30:00Z,175.55,175.55,175.55,175.55,0,0
1787081700000,2026-08-18T19:35:00Z,175.55,175.55,175.07,175.07,0.24,42.017
1787082000000,2026-08-18T19:40:00Z,175.07,175.07,174.73,174.73,0.02,3.4946
1787082300000,2026-08-18T19:45:00Z,174.73,174.73,174.38,174.38,0.02,3.4876
1787082600000,2026-08-18T19:50:00Z,174.38,174.38,174.38,174.38,0,0
1787082900000,2026-08-18T19:55:00Z,174.38,174.53,174.1,174.1,0.66,114.9585
1787083200000,2026-08-18T20:00:00Z,174.1,174.1,174.1,174.1,0,0
1787083500000,2026-08-18T20:05:00Z,174.1,174.86,174.1,174.86,0.13,22.7318
1787083800000,2026-08-18T20:10:00Z,174.86,177.16,174.77,175.78,14.87,2613.3643
1787084100000,2026-08-18T20:15:00Z,175.78,176.14,174.59,174.75,5.28,925.3674
1787084400000,2026-08-18T20:20:00Z,174.75,175.3,174.35,174.67,3.17,554.3878
1787084700000,2026-08-18T20:25:00Z,174.67,174.99,174.67,174.99,0.07,12.2493
1787085000000,2026-08-18T20:30:00Z,174.99,174.99,174.83,174.83,0.05,8.7415
1787085300000,2026-08-18T20:35:00Z,174.83,174.83,174.78,174.78,0.68,118.8573
1787085600000,2026-08-18T20:40:00Z,174.78,174.78,174.64,174.64,0.24,41.9136
1787085900000,2026-08-18T20:45:00Z,174.64,174.64,174.64,174.64,0,0
1787086200000,2026-08-18T20:50:00Z,174.64,174.64,174.05,174.05,0.56,97.5596
1787086500000,2026-08-18T20:55:00Z,174.05,174.69,174.05,174.6,0.3,52.316
1787086800000,2026-08-18T21:00:00Z,174.6,174.6,174.6,174.6,0,0
1787087100000,2026-08-18T21:05:00Z,174.6,174.6,174.6,174.6,0,0
1787087400000,2026-08-18T21:10:00Z,174.6,174.66,174.31,174.66,0.1,17.4485
1787087700000,2026-08-18T21:15:00Z,174.66,174.66,174.47,174.48,0.24,41.874
1787088000000,2026-08-18T21:20:00Z,174.48,174.64,174.04,174.43,0.68,118.5124
1787088300000,2026-08-18T21:25:00Z,174.43,175.48,174.43,175.48,1.09,191.2642
1787088600000,2026-08-18T21:30:00Z,175.48,175.61,175.48,175.61,1.16,203.7076
1787088900000,2026-08-18T21:35:00Z,175.61,175.61,174.75,174.75,0.28,49.0877
1787089200000,2026-08-18T21:40:00Z,174.75,174.75,174.75,174.75,0,0
1787089500000,2026-08-18T21:45:00Z,174.75,175.05,174.75,175.05,0.19,33.2595
1787089800000,2026-08-18T21:50:00Z,175.05,175.05,175.05,175.05,0,0
1787090100000,2026-08-18T21:55:00Z,175.05,175.3,173.2,174.39,5.38,937.1002
1787090400000,2026-08-18T22:00:00Z,174.39,174.39,174.39,174.39,0.15,26.1585
1787090700000,2026-08-18T22:05:00Z,174.39,174.62,174.03,174.39,0.26,45.3524
1787091000000,2026-08-18T22:10:00Z,174.39,174.39,174.39,174.39,0,0
1787091300000,2026-08-18T22:15:00Z,174.39,174.39,174.39,174.39,0,0
1787091600000,2026-08-18T22:20:00Z,174.39,174.39,174.39,174.39,0,0
1787091900000,2026-08-18T22:25:00Z,174.39,174.39,174.11,174.11,0.07,12.1877
1787092200000,2026-08-18T22:30:00Z,174.11,174.11,174.11,174.11,0,0
1787092500000,2026-08-18T22:35:00Z,174.11,174.11,174.11,174.11,0,0
1787092800000,2026-08-18T22:40:00Z,174.11,174.57,174.01,174.01,0.4,69.716
1787093100000,2026-08-18T22:45:00Z,174.01,174.45,174.01,174.45,0.15,26.1675
1787093400000,2026-08-18T22:50:00Z,174.45,174.45,174.45,174.45,0,0
1787093700000,2026-08-18T22:55:00Z,174.45,174.45,174.45,174.45,0,0
1787094000000,2026-08-18T23:00:00Z,174.45,174.45,174.45,174.45,0,0
1787094300000,2026-08-18T23:05:00Z,174.45,174.51,174.45,174.51,0.06,10.4706
1787094600000,2026-08-18T23:10:00Z,174.51,174.51,174.51,174.51,0,0
1787094900000,2026-08-18T23:15:00Z,174.51,174.51,174.51,174.51,0,0
1787095200000,2026-08-18T23:20:00Z,174.51,174.54,173.66,173.66,0.36,62.6939
1787095500000,2026-08-18T23:25:00Z,173.66,173.66,173.66,173.66,0,0
1787095800000,2026-08-18T23:30:00Z,173.66,174.07,173.66,174.07,0.14,24.3698
1787096100000,2026-08-18T23:35:00Z,174.07,174.32,174.07,174.32,0.17,29.6344
1787096400000,2026-08-18T23:40:00Z,174.32,174.32,174.01,174.31,0.1,17.416
1787096700000,2026-08-18T23:45:00Z,174.31,174.31,174.02,174.02,0.12,20.8824
1787097000000,2026-08-18T23:50:00Z,174.02,174.02,174.02,174.02,0.1,17.402
1787097300000,2026-08-18T23:55:00Z,174.02,174.14,174.02,174.14,0.2,34.828
1787097600000,2026-08-19T00:00:00Z,174.14,174.14,174.14,174.14,0,0
1787097900000,2026-08-19T00:05:00Z,174.14,174.14,174.14,174.14,0,0
1787098200000,2026-08-19T00:10:00Z,174.14,174.14,174.14,174.14,0,0
1787098500000,2026-08-19T00:15:00Z,174.14,174.14,173.77,173.77,0.17,29.5409
1787098800000,2026-08-19T00:20:00Z,173.77,174.29,173.5,174.29,0.64,111.2963
1787099100000,2026-08-19T00:25:00Z,174.29,174.29,174.29,174.29,0,0
1787099400000,2026-08-19T00:30:00Z,174.29,174.29,174.29,174.29,0,0
1787099700000,2026-08-19T00:35:00Z,174.29,174.29,173.83,173.83,0.08,13.9064
1787100000000,2026-08-19T00:40:00Z,173.83,173.83,173.81,173.81,0.06,10.4286
1787100300000,2026-08-19T00:45:00Z,173.81,173.81,173.81,173.81,0,0
1787100600000,2026-08-19T00:50:00Z,173.81,173.81,173.81,173.81,0,0
1787100900000,2026-08-19T00:55:00Z,173.81,173.81,173.81,173.81,0,0
1787101200000,2026-08-19T01:00:00Z,173.81,173.98,173.81,173.98,0.06,10.4388
1787101500000,2026-08-19T01:05:00Z,173.98,174.1,173.98,174.1,0.13,22.633
1787101800000,2026-08-19T01:10:00Z,174.1,174.1,174.1,174.1,0,0
1787102100000,2026-08-19T01:15:00Z,174.1,174.1,174.1,174.1,0,0
1787102400000,2026-08-19T01:20:00Z,174.1,174.1,173.87,173.87,0.15,26.0805
1787102700000,2026-08-19T01:25:00Z,173.87,173.99,173.87,173.99,0.06,10.4394
1787103000000,2026-08-19T01:30:00Z,173.99,174.08,173.99,174.08,0.2,34.816
1787103300000,2026-08-19T01:35:00Z,174.08,174.08,173.58,173.58,0.26,45.1685
1787103600000,2026-08-19T01:40:00Z,173.58,173.8,173.58,173.8,0.08,13.904
1787103900000,2026-08-19T01:45:00Z,173.8,174.06,173.8,174.06,0.18,31.3308
1787104200000,2026-08-19T01:50:00Z,174.06,174.06,173.95,173.95,0.21,36.5295
1787104500000,2026-08-19T01:55:00Z,173.95,173.97,173.95,173.97,0.14,24.3558
1787104800000,2026-08-19T02:00:00Z,173.97,173.97,173.97,173.97,0,0
1787105100000,2026-08-19T02:05:00Z,173.97,174.09,173.91,173.91,0.38,66.12
1787105400000,2026-08-19T02:10:00Z,173.91,173.91,173.91,173.91,0,0
1787105700000,2026-08-19T02:15:00Z,173.91,173.91,173.91,173.91,0,0
1787106000000,2026-08-19T02:20:00Z,173.91,173.91,173.91,173.91,0,0
1787106300000,2026-08-19T02:25:00Z,173.91,174.21,173.79,174.21,0.18,31.32
1787106600000,2026-08-19T02:30:00Z,174.21,174.21,174.21,174.21,0,0
1787106900000,2026-08-19T02:35:00Z,174.21,174.25,173.92,174.25,0.16,27.8536
1787107200000,2026-08-19T02:40:00Z,174.25,174.25,174.25,174.25,0.06,10.455
1787107500000,2026-08-19T02:45:00Z,174.25,174.25,174.06,174.06,0.19,33.0714
1787107800000,2026-08-19T02:50:00Z,174.06,174.23,174.06,174.23,0.14,24.3922
1787108100000,2026-08-19T02:55:00Z,174.23,174.23,173.95,173.95,0.2,34.79
1787108400000,2026-08-19T03:00:00Z,173.95,174.06,173.71,174.06,0.1,17.3885
1787108700000,2026-08-19T03:05:00Z,174.06,174.06,174.06,174.06,0,0
1787109000000,2026-08-19T03:10:00Z,174.06,174.06,174.06,174.06,0,0
1787109300000,2026-08-19T03:15:00Z,174.06,174.06,174.06,174.06,0,0
1787109600000,2026-08-19T03:20:00Z,174.06,174.06,173.55,173.55,0.18,31.239
1787109900000,2026-08-19T03:25:00Z,173.55,173.92,173.55,173.92,0.4,69.496
1787110200000,2026-08-19T03:30:00Z,173.92,173.92,173.92,173.92,0,0
1787110500000,2026-08-19T03:35:00Z,173.92,173.92,173.92,173.92,0,0
1787110800000,2026-08-19T03:40:00Z,173.92,173.92,173.92,173.92,0,0
1787111100000,2026-08-19T03:45:00Z,173.92,173.92,173.55,173.55,0.2,34.71
1787111400000,2026-08-19T03:50:00Z,173.55,174.04,173.55,174.04,0.14,24.3418
1787111700000,2026-08-19T03:55:00Z,174.04,174.09,173.86,174.09,0.2,34.795
1787112000000,2026-08-19T04:00:00Z,174.09,174.09,174.09,174.09,0,0
1787112300000,2026-08-19T04:05:00Z,174.09,174.09,173.5,173.5,0.44,76.4544
1787112600000,2026-08-19T04:10:00Z,173.5,173.68,173.5,173.68,0.07,12.1576
1787112900000,2026-08-19T04:15:00Z,173.68,174.05,173.68,174.05,0.1,17.393
1787113200000,2026-08-19T04:20:00Z,174.05,174.05,174.05,174.05,0,0
1787113500000,2026-08-19T04:25:00Z,174.05,174.05,174.05,174.05,0,0
1787113800000,2026-08-19T04:30:00Z,174.05,174.05,173.82,173.82,0.07,12.1674
1787114100000,2026-08-19T04:35:00Z,173.82,174.32,173.82,174.32,0.42,73.1346
1787114400000,2026-08-19T04:40:00Z,174.32,174.32,174.09,174.09,0.19,33.0771
1787114700000,2026-08-19T04:45:00Z,174.09,174.09,174.09,174.09,0,0
1787115000000,2026-08-19T04:50:00Z,174.09,174.09,174.09,174.09,0,0
1787115300000,2026-08-19T04:55:00Z,174.09,174.09,173.88,173.88,0.11,19.1268
1787115600000,2026-08-19T05:00:00Z,173.88,173.88,173.88,173.88,0,0
1787115900000,2026-08-19T05:05:00Z,173.88,174.2,173.86,173.86,0.16,27.8448
1787116200000,2026-08-19T05:10:00Z,173.86,173.86,173.86,173.86,0,0
1787116500000,2026-08-19T05:15:00Z,173.86,174.34,173.86,174.34,0.14,24.3754
1787116800000,2026-08-19T05:20:00Z,174.34,174.34,174.34,174.34,0,0
1787117100000,2026-08-19T05:25:00Z,174.34,174.34,174.34,174.34,0,0
1787117400000,2026-08-19T05:30:00Z,174.34,174.34,174.34,174.34,0,0
1787117700000,2026-08-19T05:35:00Z,174.34,174.34,173.64,173.88,0.22,38.2248
1787118000000,2026-08-19T05:40:00Z,173.88,173.88,173.88,173.88,0,0
1787118300000,2026-08-19T05:45:00Z,173.88,173.88,173.62,173.62,0.08,13.8896
1787118600000,2026-08-19T05:50:00Z,173.62,173.62,173.62,173.62,0,0
1787118900000,2026-08-19T05:55:00Z,173.62,173.62,173.55,173.55,0.16,27.768
1787119200000,2026-08-19T06:00:00Z,173.55,173.55,173.54,173.54,0.2,34.708
1787119500000,2026-08-19T06:05:00Z,173.54,173.54,173.54,173.54,0.42,72.8868
1787119800000,2026-08-19T06:10:00Z,173.54,173.54,173.34,173.34,0.32,55.5288
1787120100000,2026-08-19T06:15:00Z,173.34,173.34,173.34,173.34,0,0
1787120400000,2026-08-19T06:20:00Z,173.34,173.34,173.34,173.34,0,0
1787120700000,2026-08-19T06:25:00Z,173.34,173.47,173.34,173.47,0.08,13.8776
1787121000000,2026-08-19T06:30:00Z,173.47,173.47,173.47,173.47,0,0
1787121300000,2026-08-19T06:35:00Z,173.47,173.47,173.02,173.02,0.12,20.7756
1787121600000,2026-08-19T06:40:00Z,173.02,173.02,173.02,173.02,0,0
1787121900000,2026-08-19T06:45:00Z,173.02,173.02,173.02,173.02,0,0
1787122200000,2026-08-19T06:50:00Z,173.02,173.38,173.02,173.38,0.36,62.3998
1787122500000,2026-08-19T06:55:00Z,173.38,173.38,173.38,173.38,0,0
1787122800000,2026-08-19T07:00:00Z,173.38,173.38,173.29,173.29,0.21,36.3909
1787123100000,2026-08-19T07:05:00Z,173.29,173.29,173.29,173.29,0,0
1787123400000,2026-08-19T07:10:00Z,173.29,173.29,173.29,173.29,0,0
1787123700000,2026-08-19T07:15:00Z,173.29,173.72,173.29,173.72,0.4,69.472
1787124000000,2026-08-19T07:20:00Z,173.72,173.72,173.39,173.39,0.52,90.1628
1787124300000,2026-08-19T07:25:00Z,173.39,173.39,173.39,173.39,0,0
1787124600000,2026-08-19T07:30:00Z,173.39,173.39,173.35,173.35,0.13,22.5355
1787124900000,2026-08-19T07:35:00Z,173.35,173.35,173.35,173.35,0,0
1787125200000,2026-08-19T07:40:00Z,173.35,173.65,173.35,173.65,0.45,78.0893
1787125500000,2026-08-19T07:45:00Z,173.65,173.65,173.65,173.65,0,0
1787125800000,2026-08-19T07:50:00Z,173.65,173.88,173.65,173.88,0.52,90.4124
1787126100000,2026-08-19T07:55:00Z,173.88,173.88,173.88,173.88,0,0
1787126400000,2026-08-19T08:00:00Z,173.88,173.88,173.6,173.6,0.06,10.416
1787126700000,2026-08-19T08:05:00Z,173.6,173.6,173.29,173.6,0.31,53.7478
1787127000000,2026-08-19T08:10:00Z,173.6,173.6,173.6,173.6,0,0
1787127300000,2026-08-19T08:15:00Z,173.6,173.6,173.6,173.6,0,0
1787127600000,2026-08-19T08:20:00Z,173.6,174.04,173.6,174.04,0.78,135.6895
1787127900000,2026-08-19T08:25:00Z,174.04,174.04,173.47,173.47,0.12,20.8488
1787128200000,2026-08-19T08:30:00Z,173.47,174.11,173.47,174.11,0.14,24.3488
1787128500000,2026-08-19T08:35:00Z,174.11,174.11,174.11,174.11,0,0
1787128800000,2026-08-19T08:40:00Z,174.11,174.11,174.11,174.11,0,0
1787129100000,2026-08-19T08:45:00Z,174.11,174.11,174.11,174.11,0,0
1787129400000,2026-08-19T08:50:00Z,174.11,174.35,174.11,174.35,0.14,24.409
1787129700000,2026-08-19T08:55:00Z,174.35,174.36,174.34,174.36,0.83,144.7086
1787130000000,2026-08-19T09:00:00Z,174.36,174.39,174.07,174.39,1.75,304.9347
1787130300000,2026-08-19T09:05:00Z,174.39,174.39,174.39,174.39,0,0
1787130600000,2026-08-19T09:10:00Z,174.39,174.39,174.37,174.37,0.15,26.1555
1787130900000,2026-08-19T09:15:00Z,174.37,174.37,174.37,174.37,0,0
1787131200000,2026-08-19T09:20:00Z,174.37,174.37,174.37,174.37,0,0
1787131500000,2026-08-19T09:25:00Z,174.37,174.37,174.37,174.37,0,0
1787131800000,2026-08-19T09:30:00Z,174.37,174.42,174.37,174.42,0.07,12.2094
1787132100000,2026-08-19T09:35:00Z,174.42,174.42,174.42,174.42,0,0
1787132400000,2026-08-19T09:40:00Z,174.42,174.42,173.9,173.9,0.17,29.563
1787132700000,2026-08-19T09:45:00Z,173.9,173.9,173.9,173.9,0,0
1787133000000,2026-08-19T09:50:00Z,173.9,173.9,173.9,173.9,0,0
1787133300000,2026-08-19T09:55:00Z,173.9,173.9,173.77,173.77,0.21,36.4917
1787133600000,2026-08-19T10:00:00Z,173.77,173.77,173.77,173.77,0,0
1787133900000,2026-08-19T10:05:00Z,173.77,173.99,173.77,173.99,0.05,8.6995
1787134200000,2026-08-19T10:10:00Z,173.99,174.14,173.99,174.14,0.23,40.0522
1787134500000,2026-08-19T10:15:00Z,174.14,174.14,174.14,174.14,0,0
1787134800000,2026-08-19T10:20:00Z,174.14,174.14,174.14,174.14,0,0
1787135100000,2026-08-19T10:25:00Z,174.14,174.14,174.14,174.14,0,0
1787135400000,2026-08-19T10:30:00Z,174.14,174.18,173.74,173.74,0.37,64.3674
1787135700000,2026-08-19T10:35:00Z,173.74,173.74,173.74,173.74,0,0
1787136000000,2026-08-19T10:40:00Z,173.74,173.79,173.74,173.76,1.02,177.2456
1787136300000,2026-08-19T10:45:00Z,173.76,174.18,173.76,174.18,0.16,27.8688
1787136600000,2026-08-19T10:50:00Z,174.18,174.18,174.18,174.18,0,0
1787136900000,2026-08-19T10:55:00Z,174.18,174.42,173.67,173.67,1.55,269.5392
1787137200000,2026-08-19T11:00:00Z,173.67,173.67,173.67,173.67,0,0
1787137500000,2026-08-19T11:05:00Z,173.67,173.67,173.67,173.67,0,0
1787137800000,2026-08-19T11:10:00Z,173.67,173.67,173.67,173.67,0,0
1787138100000,2026-08-19T11:15:00Z,173.67,174.33,173.54,174.33,0.42,73.0527
1787138400000,2026-08-19T11:20:00Z,174.33,174.33,174.33,174.33,0,0
1787138700000,2026-08-19T11:25:00Z,174.33,174.33,174.33,174.33,0,0
1787139000000,2026-08-19T11:30:00Z,174.33,174.33,174.33,174.33,0,0
1787139300000,2026-08-19T11:35:00Z,174.33,174.33,174.08,174.08,0.14,24.3712
1787139600000,2026-08-19T11:40:00Z,174.08,174.08,174.08,174.08,0,0
1787139900000,2026-08-19T11:45:00Z,174.08,174.08,174.08,174.08,0,0
1787140200000,2026-08-19T11:50:00Z,174.08,174.08,174.08,174.08,0,0
1787140500000,2026-08-19T11:55:00Z,174.08,174.16,173.78,174.16,0.22,38.2734
1787140800000,2026-08-19T12:00:00Z,174.16,174.16,174.16,174.16,0,0
1787141100000,2026-08-19T12:05:00Z,174.16,174.16,174.16,174.16,0,0
1787141400000,2026-08-19T12:10:00Z,174.16,174.16,173.64,173.64,0.16,27.7824
1787141700000,2026-08-19T12:15:00Z,173.64,173.91,173.64,173.91,0.15,26.0865
1787142000000,2026-08-19T12:20:00Z,173.91,173.91,173.54,173.81,0.14,24.3145
1787142300000,2026-08-19T12:25:00Z,173.81,173.81,173.81,173.81,0,0
1787142600000,2026-08-19T12:30:00Z,173.81,173.81,173.81,173.81,0,0
1787142900000,2026-08-19T12:35:00Z,173.81,173.81,173.81,173.81,0,0
1787143200000,2026-08-19T12:40:00Z,173.81,173.87,173.81,173.87,0.09,15.6483
1787143500000,2026-08-19T12:45:00Z,173.87,174.04,173.83,174.04,0.41,71.3165
1787143800000,2026-08-19T12:50:00Z,174.04,174.04,173.99,173.99,0.2,34.798
1787144100000,2026-08-19T12:55:00Z,173.99,174.23,173.99,174.23,0.96,167.2219
1787144400000,2026-08-19T13:00:00Z,174.23,174.23,174.23,174.23,0,0
1787144700000,2026-08-19T13:05:00Z,174.23,174.23,173.58,173.58,0.14,24.3411
1787145000000,2026-08-19T13:10:00Z,173.58,174.06,173.58,174.06,0.17,29.5902
1787145300000,2026-08-19T13:15:00Z,174.06,174.06,174.06,174.06,0,0
1787145600000,2026-08-19T13:20:00Z,174.06,174.06,174.06,174.06,0,0
1787145900000,2026-08-19T13:25:00Z,174.06,174.06,173.36,173.36,0.39,67.6839
1787146200000,2026-08-19T13:30:00Z,173.36,173.36,172,172.91,5.35,924.1283
1787146500000,2026-08-19T13:35:00Z,172.91,173.09,171.27,171.27,1.1,189.4938
1787146800000,2026-08-19T13:40:00Z,171.27,171.3,170.58,171.3,0.41,70.1084
1787147100000,2026-08-19T13:45:00Z,171.3,171.31,168.54,168.54,4.2,714.1243
1787147400000,2026-08-19T13:50:00Z,168.54,168.76,168.54,168.76,0.2,33.752
1787147700000,2026-08-19T13:55:00Z,168.76,169.9,168.76,169.9,0.87,147.48
1787148000000,2026-08-19T14:00:00Z,169.9,169.9,168.88,168.88,0.27,45.8045
1787148300000,2026-08-19T14:05:00Z,168.88,168.88,168.54,168.54,0.44,74.2248
1787148600000,2026-08-19T14:10:00Z,168.54,168.54,167.39,167.39,2.32,388.948
1787148900000,2026-08-19T14:15:00Z,167.39,169.9,167.39,169.9,1.43,241.57
1787149200000,2026-08-19T14:20:00Z,169.9,171.27,169.72,170.58,2.23,380.8437
1787149500000,2026-08-19T14:25:00Z,170.58,170.58,170.58,170.58,0,0
1787149800000,2026-08-19T14:30:00Z,170.58,171.84,170.58,171.84,1.95,334.1443
1787150100000,2026-08-19T14:35:00Z,171.84,171.95,171.84,171.95,0.02,3.439
1787150400000,2026-08-19T14:40:00Z,171.95,172.64,171.95,172.64,0.04,6.8988
1787150700000,2026-08-19T14:45:00Z,172.64,172.64,172.64,172.64,0,0
1787151000000,2026-08-19T14:50:00Z,172.64,172.83,172.64,172.79,0.55,95.0525
1787151300000,2026-08-19T14:55:00Z,172.79,173.34,172.79,173.34,0.47,81.2828
1787151600000,2026-08-19T15:00:00Z,173.34,173.34,173.34,173.34,0,0
1787151900000,2026-08-19T15:05:00Z,173.34,173.34,173.34,173.34,0,0
1787152200000,2026-08-19T15:10:00Z,173.34,173.34,173.34,173.34,0,0
1787152500000,2026-08-19T15:15:00Z,173.34,173.34,173.1,173.1,0.8,138.4823
1787152800000,2026-08-19T15:20:00Z,173.1,173.1,172.3,172.3,0.23,39.6985
1787153100000,2026-08-19T15:25:00Z,172.3,172.58,172.16,172.58,0.12,20.6802
1787153400000,2026-08-19T15:30:00Z,172.58,172.58,172.58,172.58,0,0
1787153700000,2026-08-19T15:35:00Z,172.58,172.58,172.3,172.3,0.17,29.291
1787154000000,2026-08-19T15:40:00Z,172.3,172.32,172.3,172.32,0.2,34.464
1787154300000,2026-08-19T15:45:00Z,172.32,172.93,172.32,172.93,0.69,119.3217
1787154600000,2026-08-19T15:50:00Z,172.93,172.93,172.91,172.91,0.23,39.7693
1787154900000,2026-08-19T15:55:00Z,172.91,172.91,172.91,172.91,0,0
1787155200000,2026-08-19T16:00:00Z,172.91,173.34,172.91,173.34,0.04,6.9266
1787155500000,2026-08-19T16:05:00Z,173.34,174.38,173.34,174.38,0.89,155.0897
1787155800000,2026-08-19T16:10:00Z,174.38,174.38,174.38,174.38,0,0
1787156100000,2026-08-19T16:15:00Z,174.38,174.38,174.38,174.38,0,0
1787156400000,2026-08-19T16:20:00Z,174.38,174.38,174.38,174.38,0,0
1787156700000,2026-08-19T16:25:00Z,174.38,174.38,174.11,174.11,0.15,26.1165
1787157000000,2026-08-19T16:30:00Z,174.11,174.11,173.34,173.34,0.86,149.157
1787157300000,2026-08-19T16:35:00Z,173.34,173.34,173.34,173.34,0,0
1787157600000,2026-08-19T16:40:00Z,173.34,173.34,173.34,173.34,0,0
1787157900000,2026-08-19T16:45:00Z,173.34,173.34,173.34,173.34,0,0
1787158200000,2026-08-19T16:50:00Z,173.34,173.34,173.34,173.34,0,0
1787158500000,2026-08-19T16:55:00Z,173.34,173.34,173,173.2,0.28,48.468
1787158800000,2026-08-19T17:00:00Z,173.2,173.2,172.99,172.99,0.71,122.8496
1787159100000,2026-08-19T17:05:00Z,172.99,172.99,172.64,172.64,0.02,3.4528
1787159400000,2026-08-19T17:10:00Z,172.64,172.64,172.64,172.64,0,0
1787159700000,2026-08-19T17:15:00Z,172.64,173.34,172.64,173.34,0.95,164.6045
1787160000000,2026-08-19T17:20:00Z,173.34,173.34,173.34,173.34,0,0
1787160300000,2026-08-19T17:25:00Z,173.34,173.68,173.34,173.68,0.73,126.7651
1787160600000,2026-08-19T17:30:00Z,173.68,173.68,173.68,173.68,0,0
1787160900000,2026-08-19T17:35:00Z,173.68,173.68,173.59,173.59,0.15,26.0385
1787161200000,2026-08-19T17:40:00Z,173.59,173.81,173.59,173.81,0.6,104.265
1787161500000,2026-08-19T17:45:00Z,173.81,173.87,173.81,173.87,0.46,79.9802
1787161800000,2026-08-19T17:50:00Z,173.87,174.03,173.87,174.03,0.48,83.5344
1787162100000,2026-08-19T17:55:00Z,174.03,174.03,174.03,174.03,0,0
1787162400000,2026-08-19T18:00:00Z,174.03,174.38,174.03,174.38,0.64,111.552
1787162700000,2026-08-19T18:05:00Z,174.38,174.38,173.68,173.68,0.41,71.2392
1787163000000,2026-08-19T18:10:00Z,173.68,173.68,173.68,173.68,0,0
1787163300000,2026-08-19T18:15:00Z,173.68,173.68,173.52,173.59,0.38,65.9516
1787163600000,2026-08-19T18:20:00Z,173.59,173.59,173.59,173.59,0,0
1787163900000,2026-08-19T18:25:00Z,173.59,173.59,173.59,173.59,0,0
1787164200000,2026-08-19T18:30:00Z,173.59,173.59,173.59,173.59,0,0
1787164500000,2026-08-19T18:35:00Z,173.59,173.59,172.99,172.99,0.04,6.9266
1787164800000,2026-08-19T18:40:00Z,172.99,172.99,172.99,172.99,0,0
1787165100000,2026-08-19T18:45:00Z,172.99,172.99,172.99,172.99,0,0
1787165400000,2026-08-19T18:50:00Z,172.99,172.99,172.99,172.99,0,0
1787165700000,2026-08-19T18:55:00Z,172.99,172.99,172.99,172.99,0,0
1787166000000,2026-08-19T19:00:00Z,172.99,172.99,172.99,172.99,0,0
1787166300000,2026-08-19T19:05:00Z,172.99,173.38,172.99,173.17,0.44,76.241
1787166600000,2026-08-19T19:10:00Z,173.17,173.17,173.17,173.17,0,0
1787166900000,2026-08-19T19:15:00Z,173.17,173.17,173.17,173.17,0,0
1787167200000,2026-08-19T19:20:00Z,173.17,173.17,172.72,173.05,0.4,69.1975
1787167500000,2026-08-19T19:25:00Z,173.05,173.17,173.05,173.17,0.34,58.8626
1787167800000,2026-08-19T19:30:00Z,173.17,173.68,173.17,173.68,0.02,3.4736
1787168100000,2026-08-19T19:35:00Z,173.68,174.03,173.68,174.03,0.79,137.3771
1787168400000,2026-08-19T19:40:00Z,174.03,174.38,174.03,174.38,0.02,3.4876
1787168700000,2026-08-19T19:45:00Z,174.38,174.38,174.19,174.19,0.23,40.0637
1787169000000,2026-08-19T19:50:00Z,174.19,174.19,172.64,172.64,1.78,307.608
1787169300000,2026-08-19T19:55:00Z,172.64,172.64,172.3,172.3,0.02,3.446
1787169600000,2026-08-19T20:00:00Z,172.3,173.8,172.05,173.1,2.13,368.4833
1787169900000,2026-08-19T20:05:00Z,173.1,173.1,173.1,173.1,0,0
1787170200000,2026-08-19T20:10:00Z,173.1,173.1,173.1,173.1,0,0
1787170500000,2026-08-19T20:15:00Z,173.1,173.1,173.1,173.1,0,0
1787170800000,2026-08-19T20:20:00Z,173.1,173.1,172.92,172.92,0.07,12.1044
1787171100000,2026-08-19T20:25:00Z,172.92,173.56,172.66,173.5,2.61,451.5714
1787171400000,2026-08-19T20:30:00Z,173.5,173.56,172.8,172.8,0.35,60.593
1787171700000,2026-08-19T20:35:00Z,172.8,172.8,172.8,172.8,0,0
1787172000000,2026-08-19T20:40:00Z,172.8,172.8,172.8,172.8,0,0
1787172300000,2026-08-19T20:45:00Z,172.8,172.8,172.8,172.8,0,0
1787172600000,2026-08-19T20:50:00Z,172.8,172.8,172.72,172.72,0.19,32.8168
1787172900000,2026-08-19T20:55:00Z,172.72,172.72,172.72,172.72,0,0
1787173200000,2026-08-19T21:00:00Z,172.72,172.72,172.72,172.72,0,0
1787173500000,2026-08-19T21:05:00Z,172.72,173.5,172.72,173.5,0.12,20.7912
1787173800000,2026-08-19T21:10:00Z,173.5,173.5,173.04,173.04,0.19,32.8776
1787174100000,2026-08-19T21:15:00Z,173.04,173.21,173.04,173.21,0.16,27.7136
1787174400000,2026-08-19T21:20:00Z,173.21,174.45,172.72,173.69,2.2,382.0718
1787174700000,2026-08-19T21:25:00Z,173.69,174.4,173.68,174.4,0.75,130.5034
1787175000000,2026-08-19T21:30:00Z,174.4,174.48,174.3,174.48,0.74,129.0838
1787175300000,2026-08-19T21:35:00Z,174.48,174.48,174.48,174.48,0,0
1787175600000,2026-08-19T21:40:00Z,174.48,174.48,173.91,174.4,0.27,47.0047
1787175900000,2026-08-19T21:45:00Z,174.4,174.4,174.4,174.4,0,0
1787176200000,2026-08-19T21:50:00Z,174.4,174.4,174.4,174.4,0,0
1787176500000,2026-08-19T21:55:00Z,174.4,174.4,174.4,174.4,0,0
1787176800000,2026-08-19T22:00:00Z,174.4,174.4,173.6,173.6,0.19,32.9872
1787177100000,2026-08-19T22:05:00Z,173.6,173.6,173.6,173.6,0,0
1787177400000,2026-08-19T22:10:00Z,173.6,173.6,173.6,173.6,0,0
1787177700000,2026-08-19T22:15:00Z,173.6,173.87,173.6,173.87,0.04,6.9548
1787178000000,2026-08-19T22:20:00Z,173.87,173.87,173.62,173.62,0.19,32.9878
1787178300000,2026-08-19T22:25:00Z,173.62,173.62,173.53,173.53,0.19,32.9707
1787178600000,2026-08-19T22:30:00Z,173.53,173.87,173.53,173.87,0.16,27.792
1787178900000,2026-08-19T22:35:00Z,173.87,173.87,173.87,173.87,0.09,15.6483
1787179200000,2026-08-19T22:40:00Z,173.87,173.87,173.87,173.87,0,0
1787179500000,2026-08-19T22:45:00Z,173.87,173.87,173.87,173.87,0,0
1787179800000,2026-08-19T22:50:00Z,173.87,173.87,173.57,173.81,0.4,69.476
1787180100000,2026-08-19T22:55:00Z,173.81,173.81,173.81,173.81,0,0
1787180400000,2026-08-19T23:00:00Z,173.81,173.81,173.59,173.59,0.1,17.359
1787180700000,2026-08-19T23:05:00Z,173.59,173.59,173.52,173.52,0.14,24.2928
1787181000000,2026-08-19T23:10:00Z,173.52,173.77,173.52,173.55,0.14,24.3124
1787181300000,2026-08-19T23:15:00Z,173.55,173.55,173.55,173.55,0,0
1787181600000,2026-08-19T23:20:00Z,173.55,173.7,173.55,173.7,0.18,31.266
1787181900000,2026-08-19T23:25:00Z,173.7,173.7,173.59,173.59,0.15,26.0385
1787182200000,2026-08-19T23:30:00Z,173.59,173.6,173.59,173.6,0.2,34.72
1787182500000,2026-08-19T23:35:00Z,173.6,173.6,173.6,173.6,0,0
1787182800000,2026-08-19T23:40:00Z,173.6,173.6,173.6,173.6,0,0
1787183100000,2026-08-19T23:45:00Z,173.6,173.63,173.6,173.63,0.16,27.7808
1787183400000,2026-08-19T23:50:00Z,173.63,173.72,173.49,173.49,0.34,59.0257
1787183700000,2026-08-19T23:55:00Z,173.49,173.49,173.49,173.49,0,0
1787184000000,2026-08-20T00:00:00Z,173.49,173.49,173.4,173.4,0.24,41.6183
1787184300000,2026-08-20T00:05:00Z,173.4,173.4,173.4,173.4,0,0
1787184600000,2026-08-20T00:10:00Z,173.4,173.4,173.4,173.4,0,0
1787184900000,2026-08-20T00:15:00Z,173.4,173.63,173.4,173.63,0.1,17.363
1787185200000,2026-08-20T00:20:00Z,173.63,173.72,173.63,173.72,0.08,13.8976
1787185500000,2026-08-20T00:25:00Z,173.72,173.82,173.72,173.82,0.22,38.2404
1787185800000,2026-08-20T00:30:00Z,173.82,173.82,173.71,173.71,0.06,10.4226
1787186100000,2026-08-20T00:35:00Z,173.71,173.71,173.71,173.71,0,0
1787186400000,2026-08-20T00:40:00Z,173.71,173.71,171.95,172.11,4.73,817.4873
1787186700000,2026-08-20T00:45:00Z,172.11,175.4,171.5,175.05,12.17,2109.5769
1787187000000,2026-08-20T00:50:00Z,175.05,175.3,172.06,173.77,7.66,1332.696
1787187300000,2026-08-20T00:55:00Z,173.77,173.77,173.76,173.76,0.53,92.0977
1787187600000,2026-08-20T01:00:00Z,173.76,174.69,173.69,173.76,0.17,29.6065
1787187900000,2026-08-20T01:05:00Z,173.76,173.76,173.76,173.76,0,0
1787188200000,2026-08-20T01:10:00Z,173.76,173.76,173.76,173.76,0,0
1787188500000,2026-08-20T01:15:00Z,173.76,173.76,173.76,173.76,0,0
1787188800000,2026-08-20T01:20:00Z,173.76,173.76,173.76,173.76,0,0
1787189100000,2026-08-20T01:25:00Z,173.76,174.55,173.76,174.55,0.24,41.8116
1787189400000,2026-08-20T01:30:00Z,174.55,174.55,174.55,174.55,0,0
1787189700000,2026-08-20T01:35:00Z,174.55,174.55,174.55,174.55,0,0
1787190000000,2026-08-20T01:40:00Z,174.55,174.55,174.55,174.55,0,0
1787190300000,2026-08-20T01:45:00Z,174.55,174.55,173.93,174.52,0.28,48.783
1787190600000,2026-08-20T01:50:00Z,174.52,174.56,173.88,174.56,0.28,48.7816
1787190900000,2026-08-20T01:55:00Z,174.56,174.56,174.56,174.56,0,0
1787191200000,2026-08-20T02:00:00Z,174.56,174.56,174.56,174.56,0,0
1787191500000,2026-08-20T02:05:00Z,174.56,174.56,173.94,173.94,0.16,27.8304
1787191800000,2026-08-20T02:10:00Z,173.94,173.94,173.88,173.88,0.07,12.1716
1787192100000,2026-08-20T02:15:00Z,173.88,174.2,173.69,173.69,0.14,24.3523
1787192400000,2026-08-20T02:20:00Z,173.69,173.69,173.69,173.69,0,0
1787192700000,2026-08-20T02:25:00Z,173.69,174.04,173.69,174.04,0.09,15.6636
1787193000000,2026-08-20T02:30:00Z,174.04,174.09,174.04,174.09,0.17,29.5953
1787193300000,2026-08-20T02:35:00Z,174.09,174.09,174.08,174.08,0.22,38.2976
1787193600000,2026-08-20T02:40:00Z,174.08,174.08,174.08,174.08,0,0
1787193900000,2026-08-20T02:45:00Z,174.08,174.12,174.08,174.12,0.15,26.118
1787194200000,2026-08-20T02:50:00Z,174.12,174.12,174.09,174.09,0.22,38.2998
1787194500000,2026-08-20T02:55:00Z,174.09,174.09,174.09,174.09,0,0
1787194800000,2026-08-20T03:00:00Z,174.09,174.09,174.09,174.09,0,0
1787195100000,2026-08-20T03:05:00Z,174.09,174.55,173.72,174.51,1.03,179.6362
1787195400000,2026-08-20T03:10:00Z,174.51,174.51,174.51,174.51,0,0
1787195700000,2026-08-20T03:15:00Z,174.51,174.51,174.11,174.2,0.08,13.9324
1787196000000,2026-08-20T03:20:00Z,174.2,174.2,174.2,174.2,0,0
1787196300000,2026-08-20T03:25:00Z,174.2,174.2,174.2,174.2,0,0
1787196600000,2026-08-20T03:30:00Z,174.2,174.56,174.2,174.56,0.15,26.184
1787196900000,2026-08-20T03:35:00Z,174.56,174.56,174.23,174.23,0.09,15.6902
1787197200000,2026-08-20T03:40:00Z,174.23,174.23,174.23,174.23,0,0
1787197500000,2026-08-20T03:45:00Z,174.23,174.23,174.23,174.23,0,0
1787197800000,2026-08-20T03:50:00Z,174.23,174.23,174.23,174.23,0,0
1787198100000,2026-08-20T03:55:00Z,174.23,174.23,173.99,173.99,0.21,36.5379
1787198400000,2026-08-20T04:00:00Z,173.99,174.29,173.99,174.29,0.71,123.7459
1787198700000,2026-08-20T04:05:00Z,174.29,174.3,174.29,174.3,0.09,15.687
1787199000000,2026-08-20T04:10:00Z,174.3,174.3,174.23,174.23,0.04,6.9692
1787199300000,2026-08-20T04:15:00Z,174.23,174.23,174.23,174.23,0,0
1787199600000,2026-08-20T04:20:00Z,174.23,174.28,174.23,174.28,0.13,22.6564
1787199900000,2026-08-20T04:25:00Z,174.28,174.28,174.28,174.28,0,0
1787200200000,2026-08-20T04:30:00Z,174.28,174.28,174.28,174.28,0,0
1787200500000,2026-08-20T04:35:00Z,174.28,174.28,174.18,174.18,0.15,26.127
1787200800000,2026-08-20T04:40:00Z,174.18,174.3,174.18,174.3,0.21,36.603
1787201100000,2026-08-20T04:45:00Z,174.3,174.69,174.3,174.33,0.1,17.451
1787201400000,2026-08-20T04:50:00Z,174.33,174.62,174.33,174.62,0.17,29.6854
1787201700000,2026-08-20T04:55:00Z,174.62,174.62,174.62,174.62,0,0
1787202000000,2026-08-20T05:00:00Z,174.62,174.62,174.17,174.17,0.13,22.6421
1787202300000,2026-08-20T05:05:00Z,174.17,174.17,174.17,174.17,0,0
1787202600000,2026-08-20T05:10:00Z,174.17,174.69,174.17,174.69,0.34,59.3079
1787202900000,2026-08-20T05:15:00Z,174.69,174.69,174.48,174.48,0.12,20.9376
1787203200000,2026-08-20T05:20:00Z,174.48,174.48,174.48,174.48,0,0
1787203500000,2026-08-20T05:25:00Z,174.48,174.48,174.48,174.48,0.18,31.4064
1787203800000,2026-08-20T05:30:00Z,174.48,174.48,174.48,174.48,0,0
1787204100000,2026-08-20T05:35:00Z,174.48,174.64,174.35,174.64,0.22,38.3889
1787204400000,2026-08-20T05:40:00Z,174.64,174.64,174.64,174.64,0,0
1787204700000,2026-08-20T05:45:00Z,174.64,174.64,174.64,174.64,0,0
1787205000000,2026-08-20T05:50:00Z,174.64,174.64,174.64,174.64,0,0
1787205300000,2026-08-20T05:55:00Z,174.64,174.68,174.53,174.68,3.95,689.9476
1787205600000,2026-08-20T06:00:00Z,174.68,174.68,174.68,174.68,0,0
1787205900000,2026-08-20T06:05:00Z,174.68,174.68,174.68,174.68,0,0
1787206200000,2026-08-20T06:10:00Z,174.68,174.68,174.68,174.68,0,0
1787206500000,2026-08-20T06:15:00Z,174.68,174.68,174.56,174.56,0.22,38.4032
1787206800000,2026-08-20T06:20:00Z,174.56,174.56,174.56,174.56,0,0
1787207100000,2026-08-20T06:25:00Z,174.56,174.56,174.56,174.56,0,0
1787207400000,2026-08-20T06:30:00Z,174.56,174.56,174.45,174.45,0.13,22.6785
1787207700000,2026-08-20T06:35:00Z,174.45,174.45,174.39,174.39,0.11,19.1829
1787208000000,2026-08-20T06:40:00Z,174.39,174.46,174.39,174.46,0.46,80.2478
1787208300000,2026-08-20T06:45:00Z,174.46,174.46,174.46,174.46,0,0
1787208600000,2026-08-20T06:50:00Z,174.46,174.46,174.46,174.46,0,0
1787208900000,2026-08-20T06:55:00Z,174.46,174.7,174.2,174.3,0.93,162.3035
1787209200000,2026-08-20T07:00:00Z,174.3,174.3,174.3,174.3,0,0
1787209500000,2026-08-20T07:05:00Z,174.3,174.32,174.02,174.32,3.98,692.818
1787209800000,2026-08-20T07:10:00Z,174.32,174.32,174.32,174.32,0,0
1787210100000,2026-08-20T07:15:00Z,174.32,174.32,174.32,174.32,0,0
1787210400000,2026-08-20T07:20:00Z,174.32,174.32,174.23,174.23,0.05,8.7115
1787210700000,2026-08-20T07:25:00Z,174.23,174.59,174.23,174.59,0.08,13.9672
1787211000000,2026-08-20T07:30:00Z,174.59,174.59,174.51,174.51,0.05,8.7255
1787211300000,2026-08-20T07:35:00Z,174.51,174.51,174.51,174.51,0,0
1787211600000,2026-08-20T07:40:00Z,174.51,174.59,174.29,174.29,0.24,41.8656
1787211900000,2026-08-20T07:45:00Z,174.29,174.49,174.29,174.49,0.14,24.4181
1787212200000,2026-08-20T07:50:00Z,174.49,174.49,174.06,174.06,0.2,34.836
1787212500000,2026-08-20T07:55:00Z,174.06,174.23,174.06,174.23,0.05,8.7115
1787212800000,2026-08-20T08:00:00Z,174.23,174.3,174.23,174.3,0.29,50.5451
1787213100000,2026-08-20T08:05:00Z,174.3,174.3,174.3,174.3,0,0
1787213400000,2026-08-20T08:10:00Z,174.3,174.3,174.3,174.3,0,0
1787213700000,2026-08-20T08:15:00Z,174.3,174.36,173.68,173.68,11.36,1978.0363
1787214000000,2026-08-20T08:20:00Z,173.68,173.68,173.68,173.68,0,0
1787214300000,2026-08-20T08:25:00Z,173.68,173.68,173.45,173.45,0.14,24.283
1787214600000,2026-08-20T08:30:00Z,173.45,173.56,173.45,173.56,0.19,32.9764
1787214900000,2026-08-20T08:35:00Z,173.56,173.56,173.56,173.56,0,0
1787215200000,2026-08-20T08:40:00Z,173.56,173.56,173.56,173.56,0,0
1787215500000,2026-08-20T08:45:00Z,173.56,173.81,173.49,173.49,0.49,85.0607
1787215800000,2026-08-20T08:50:00Z,173.49,173.49,173.49,173.49,0,0
1787216100000,2026-08-20T08:55:00Z,173.49,173.49,173.49,173.49,0,0
1787216400000,2026-08-20T09:00:00Z,173.49,173.49,173.49,173.49,0,0
1787216700000,2026-08-20T09:05:00Z,173.49,173.49,173.49,173.49,0,0
1787217000000,2026-08-20T09:10:00Z,173.49,173.63,173.49,173.63,0.11,19.0993
1787217300000,2026-08-20T09:15:00Z,173.63,173.72,173.49,173.49,0.6,104.1519
1787217600000,2026-08-20T09:20:00Z,173.49,173.49,173.49,173.49,0,0
1787217900000,2026-08-20T09:25:00Z,173.49,173.49,173.49,173.49,0,0
1787218200000,2026-08-20T09:30:00Z,173.49,173.49,173.49,173.49,0,0
1787218500000,2026-08-20T09:35:00Z,173.49,173.49,173.49,173.49,0,0
1787218800000,2026-08-20T09:40:00Z,173.49,173.61,173.43,173.61,0.24,41.6322
1787219100000,2026-08-20T09:45:00Z,173.61,173.61,173.61,173.61,0,0
1787219400000,2026-08-20T09:50:00Z,173.61,173.84,173.61,173.84,0.04,6.9536
1787219700000,2026-08-20T09:55:00Z,173.84,173.84,173.84,173.84,0,0
1787220000000,2026-08-20T10:00:00Z,173.84,173.84,173.54,173.54,1.17,203.0418
1787220300000,2026-08-20T10:05:00Z,173.54,173.54,173.54,173.54,0,0
1787220600000,2026-08-20T10:10:00Z,173.54,173.54,173.54,173.54,0,0
1787220900000,2026-08-20T10:15:00Z,173.54,173.54,173.54,173.54,0,0
1787221200000,2026-08-20T10:20:00Z,173.54,173.54,173.4,173.4,0.11,19.074
1787221500000,2026-08-20T10:25:00Z,173.4,173.4,173.4,173.4,0,0
1787221800000,2026-08-20T10:30:00Z,173.4,173.4,173.4,173.4,0,0
1787222100000,2026-08-20T10:35:00Z,173.4,173.59,173.4,173.59,0.17,29.5103
1787222400000,2026-08-20T10:40:00Z,173.59,173.59,173.59,173.59,0,0
1787222700000,2026-08-20T10:45:00Z,173.59,173.68,173.59,173.68,0.19,32.9992
1787223000000,2026-08-20T10:50:00Z,173.68,173.68,173.68,173.68,0.2,34.736
1787223300000,2026-08-20T10:55:00Z,173.68,173.68,173.42,173.42,0.72,124.897
1787223600000,2026-08-20T11:00:00Z,173.42,173.42,173.42,173.42,0,0
1787223900000,2026-08-20T11:05:00Z,173.42,174.27,173.34,173.34,2.62,454.4314
1787224200000,2026-08-20T11:10:00Z,173.34,173.34,172.37,172.37,3.05,526.498
1787224500000,2026-08-20T11:15:00Z,172.37,172.95,171.85,172.05,1.84,317.2238
1787224800000,2026-08-20T11:20:00Z,172.05,172.23,172.05,172.23,0.06,10.3338
1787225100000,2026-08-20T11:25:00Z,172.23,172.9,172.2,172.2,0.1,17.255
1787225400000,2026-08-20T11:30:00Z,172.2,172.2,172.2,172.2,0,0
1787225700000,2026-08-20T11:35:00Z,172.2,172.2,172.08,172.08,0.16,27.5328
1787226000000,2026-08-20T11:40:00Z,172.08,172.08,171.95,171.95,0.02,3.439
1787226300000,2026-08-20T11:45:00Z,171.95,171.95,171.75,171.75,0.05,8.5875
1787226600000,2026-08-20T11:50:00Z,171.75,171.75,171.75,171.75,0,0
1787226900000,2026-08-20T11:55:00Z,171.75,171.75,171.75,171.75,0,0
1787227200000,2026-08-20T12:00:00Z,171.75,171.88,171.61,171.61,0.28,48.0838
1787227500000,2026-08-20T12:05:00Z,171.61,171.61,171.61,171.61,0,0
1787227800000,2026-08-20T12:10:00Z,171.61,171.61,171.61,171.61,0,0
1787228100000,2026-08-20T12:15:00Z,171.61,171.61,170.24,170.24,0.08,13.6602
1787228400000,2026-08-20T12:20:00Z,170.24,170.24,170.24,170.24,0,0
1787228700000,2026-08-20T12:25:00Z,170.24,170.24,168.6,170.15,1.45,246.4267
1787229000000,2026-08-20T12:30:00Z,170.15,170.35,169.6,169.6,2.49,423.0424
1787229300000,2026-08-20T12:35:00Z,169.6,169.6,169.6,169.6,0,0
1787229600000,2026-08-20T12:40:00Z,169.6,169.6,169.6,169.6,0,0
1787229900000,2026-08-20T12:45:00Z,169.6,170.75,169.6,170.75,2.83,482.5731
1787230200000,2026-08-20T12:50:00Z,170.75,170.92,170.75,170.92,0.37,63.217
1787230500000,2026-08-20T12:55:00Z,170.92,170.92,170.92,170.92,0,0
1787230800000,2026-08-20T13:00:00Z,170.92,171.27,170.92,171.27,0.56,95.8896
1787231100000,2026-08-20T13:05:00Z,171.27,171.54,170.68,170.68,0.46,78.7106
1787231400000,2026-08-20T13:10:00Z,170.68,171.61,170.68,171.61,1.1,188.7305
1787231700000,2026-08-20T13:15:00Z,171.61,171.61,171.61,171.61,0,0
1787232000000,2026-08-20T13:20:00Z,171.61,171.61,171.01,171.01,0.23,39.3779
1787232300000,2026-08-20T13:25:00Z,171.01,171.39,170.73,170.73,1.19,203.3336
1787232600000,2026-08-20T13:30:00Z,170.73,170.73,168.54,168.9,3.07,521.3687
1787232900000,2026-08-20T13:35:00Z,168.9,168.9,167.87,168.06,0.66,110.9188
1787233200000,2026-08-20T13:40:00Z,168.06,168.16,167.86,167.86,0.72,120.9252
1787233500000,2026-08-20T13:45:00Z,167.86,167.86,166.86,166.86,1.64,274.6514
1787233800000,2026-08-20T13:50:00Z,166.86,166.86,165.86,166.18,1.69,280.725
1787234100000,2026-08-20T13:55:00Z,166.18,166.52,166.18,166.52,0.1,16.652
1787234400000,2026-08-20T14:00:00Z,166.52,166.52,165.2,165.2,0.45,74.4546
1787234700000,2026-08-20T14:05:00Z,165.2,165.2,164.87,164.87,0.02,3.2974
1787235000000,2026-08-20T14:10:00Z,164.87,164.92,164.55,164.55,1.16,190.9933
1787235300000,2026-08-20T14:15:00Z,164.55,164.55,163.24,163.24,2.84,465.1804
1787235600000,2026-08-20T14:20:00Z,163.24,163.24,163.24,163.24,0,0
1787235900000,2026-08-20T14:25:00Z,163.24,163.24,163.24,163.24,0,0
1787236200000,2026-08-20T14:30:00Z,163.24,163.36,163.24,163.36,0.46,75.1456
1787236500000,2026-08-20T14:35:00Z,163.36,164.4,163.36,164.4,2.43,398.8915
1787236800000,2026-08-20T14:40:00Z,164.4,164.4,164.4,164.4,0,0
1787237100000,2026-08-20T14:45:00Z,164.4,164.51,163.84,164.33,1.55,254.5179
1787237400000,2026-08-20T14:50:00Z,164.33,164.33,164.33,164.33,0,0
1787237700000,2026-08-20T14:55:00Z,164.33,164.33,163.23,163.23,0.52,85.0714
1787238000000,2026-08-20T15:00:00Z,163.23,163.23,162.88,162.88,0.57,92.9086
1787238300000,2026-08-20T15:05:00Z,162.88,162.88,161.92,161.92,0.66,106.8988
1787238600000,2026-08-20T15:10:00Z,161.92,161.92,161.6,161.7,0.24,38.806
1787238900000,2026-08-20T15:15:00Z,161.7,161.7,161.6,161.6,0.21,33.936
1787239200000,2026-08-20T15:20:00Z,161.6,161.6,160.95,160.95,0.04,6.4446
1787239500000,2026-08-20T15:25:00Z,160.95,160.95,160.95,160.95,0,0
1787239800000,2026-08-20T15:30:00Z,160.95,160.95,160.77,160.77,0.2,32.154
1787240100000,2026-08-20T15:35:00Z,160.77,160.77,159.99,159.99,0.4,64.2245
1787240400000,2026-08-20T15:40:00Z,159.99,159.99,159.03,159.03,5.76,916.3006
1787240700000,2026-08-20T15:45:00Z,159.03,159.03,159.03,159.03,0,0
1787241000000,2026-08-20T15:50:00Z,159.03,159.03,158.95,158.95,0.5,79.475
1787241300000,2026-08-20T15:55:00Z,158.95,159.65,158.95,159.65,12.67,2018.1918
1787241600000,2026-08-20T16:00:00Z,159.65,160.63,159.56,160.63,4.95,792.0762
1787241900000,2026-08-20T16:05:00Z,160.63,160.63,159.7,159.7,0.18,28.7898
1787242200000,2026-08-20T16:10:00Z,159.7,159.7,159.35,159.35,0.04,6.3804
1787242500000,2026-08-20T16:15:00Z,159.35,159.42,159.35,159.42,0.71,113.1882
1787242800000,2026-08-20T16:20:00Z,159.42,159.42,159.08,159.08,0.24,38.1996
1787243100000,2026-08-20T16:25:00Z,159.08,159.08,159.03,159.03,0.2,31.806
1787243400000,2026-08-20T16:30:00Z,159.03,159.03,158.39,158.39,0.04,6.342
1787243700000,2026-08-20T16:35:00Z,158.39,158.39,158.08,158.22,0.58,91.6948
1787244000000,2026-08-20T16:40:00Z,158.22,158.22,158.22,158.22,0,0
1787244300000,2026-08-20T16:45:00Z,158.22,158.47,158.17,158.42,0.56,88.7022
1787244600000,2026-08-20T16:50:00Z,158.42,158.42,157.45,157.45,2.04,321.3742
1787244900000,2026-08-20T16:55:00Z,157.45,157.91,157.45,157.73,1.46,230.4118
1787245200000,2026-08-20T17:00:00Z,157.73,157.73,157.73,157.73,0.63,99.3699
1787245500000,2026-08-20T17:05:00Z,157.73,157.73,156.82,156.82,2.04,320.129
1787245800000,2026-08-20T17:10:00Z,156.82,156.82,156.82,156.82,0,0
1787246100000,2026-08-20T17:15:00Z,156.82,156.82,156.26,156.26,0.23,35.9446
1787246400000,2026-08-20T17:20:00Z,156.26,156.26,156.22,156.22,0.15,23.433
1787246700000,2026-08-20T17:25:00Z,156.22,156.56,156.22,156.56,0.2,31.312
1787247000000,2026-08-20T17:30:00Z,156.56,156.56,156.24,156.24,0.76,118.745
1787247300000,2026-08-20T17:35:00Z,156.24,157.09,156.24,157.09,2.63,412.6333
1787247600000,2026-08-20T17:40:00Z,157.09,157.14,156.45,157.14,2.88,452.1772
1787247900000,2026-08-20T17:45:00Z,157.14,158,157.14,158,1.6,252.461
1787248200000,2026-08-20T17:50:00Z,158,158.08,158,158.08,0.02,3.1616
1787248500000,2026-08-20T17:55:00Z,158.08,158.08,158.08,158.08,0,0
1787248800000,2026-08-20T18:00:00Z,158.08,158.08,157.6,157.6,0.24,37.824
1787249100000,2026-08-20T18:05:00Z,157.6,157.6,157.6,157.6,0.07,11.032
1787249400000,2026-08-20T18:10:00Z,157.6,157.6,157.56,157.56,0.19,29.9364
1787249700000,2026-08-20T18:15:00Z,157.56,157.56,157.45,157.45,0.02,3.149
1787250000000,2026-08-20T18:20:00Z,157.45,157.45,157.45,157.45,0,0
1787250300000,2026-08-20T18:25:00Z,157.45,157.93,157.45,157.93,0.29,45.7887
1787250600000,2026-08-20T18:30:00Z,157.93,157.93,157.93,157.93,0,0
1787250900000,2026-08-20T18:35:00Z,157.93,157.93,157.13,157.13,0.02,3.1426
1787251200000,2026-08-20T18:40:00Z,157.13,157.13,157.13,157.13,0,0
1787251500000,2026-08-20T18:45:00Z,157.13,158.05,157.13,158.05,2.41,380.5377
1787251800000,2026-08-20T18:50:00Z,158.05,158.08,158.05,158.08,0.02,3.1616
1787252100000,2026-08-20T18:55:00Z,158.08,158.08,157.45,157.45,4.1,646.0221
1787252400000,2026-08-20T19:00:00Z,157.45,157.45,157.45,157.45,0,0
1787252700000,2026-08-20T19:05:00Z,157.45,157.45,157.42,157.42,0.19,29.9098
1787253000000,2026-08-20T19:10:00Z,157.42,157.75,157.42,157.75,0.26,40.9877
1787253300000,2026-08-20T19:15:00Z,157.75,157.75,157.62,157.62,0.49,77.2338
1787253600000,2026-08-20T19:20:00Z,157.62,158.39,157.62,158.39,0.93,147.0342
1787253900000,2026-08-20T19:25:00Z,158.39,158.71,158.39,158.71,0.52,82.4192
1787254200000,2026-08-20T19:30:00Z,158.71,159.82,158.71,159.82,0.14,22.3466
1787254500000,2026-08-20T19:35:00Z,159.82,159.82,159.82,159.82,0,0
1787254800000,2026-08-20T19:40:00Z,159.82,160.28,159.72,160.28,0.12,19.1942
1787255100000,2026-08-20T19:45:00Z,160.28,160.28,160.28,160.28,0,0
1787255400000,2026-08-20T19:50:00Z,160.28,161.01,160.28,161.01,0.56,90.1428
1787255700000,2026-08-20T19:55:00Z,161.01,161.01,159.67,159.67,0.26,41.7614
1787256000000,2026-08-20T20:00:00Z,159.67,159.67,159.67,159.67,0,0
1787256300000,2026-08-20T20:05:00Z,159.67,159.67,159.67,159.67,0,0
1787256600000,2026-08-20T20:10:00Z,159.67,159.67,159.67,159.67,0,0
1787256900000,2026-08-20T20:15:00Z,159.67,159.67,159.67,159.67,0,0
1787257200000,2026-08-20T20:20:00Z,159.67,159.67,159.67,159.67,0,0
1787257500000,2026-08-20T20:25:00Z,159.67,159.67,159.67,159.67,0,0
1787257800000,2026-08-20T20:30:00Z,159.67,159.67,159.48,159.48,0.15,23.922
1787258100000,2026-08-20T20:35:00Z,159.48,159.48,159.48,159.48,0,0
1787258400000,2026-08-20T20:40:00Z,159.48,159.74,159.48,159.74,0.18,28.7532
1787258700000,2026-08-20T20:45:00Z,159.74,159.74,159.74,159.74,0,0
1787259000000,2026-08-20T20:50:00Z,159.74,159.74,159.74,159.74,0,0
1787259300000,2026-08-20T20:55:00Z,159.74,159.74,159.74,159.74,0,0
1787259600000,2026-08-20T21:00:00Z,159.74,159.92,159.65,159.65,0.38,60.7194
1787259900000,2026-08-20T21:05:00Z,159.65,159.68,159.65,159.68,0.18,28.7424
1787260200000,2026-08-20T21:10:00Z,159.68,159.68,159.68,159.68,0,0
1787260500000,2026-08-20T21:15:00Z,159.68,159.68,159.68,159.68,0,0
1787260800000,2026-08-20T21:20:00Z,159.68,160.28,159.68,160.28,0.11,17.6056
1787261100000,2026-08-20T21:25:00Z,160.28,160.28,159.6,159.6,0.56,89.4135
1787261400000,2026-08-20T21:30:00Z,159.6,159.99,159.6,159.99,0.87,138.8715
1787261700000,2026-08-20T21:35:00Z,159.99,159.99,159.99,159.99,0,0
1787262000000,2026-08-20T21:40:00Z,159.99,159.99,159.99,159.99,0,0
1787262300000,2026-08-20T21:45:00Z,159.99,159.99,159.99,159.99,0,0
1787262600000,2026-08-20T21:50:00Z,159.99,159.99,159.99,159.99,0,0
1787262900000,2026-08-20T21:55:00Z,159.99,159.99,159.99,159.99,0,0
1787263200000,2026-08-20T22:00:00Z,159.99,159.99,159.92,159.98,44.51,7119.2944
1787263500000,2026-08-20T22:05:00Z,159.98,159.98,159.98,159.98,0,0
1787263800000,2026-08-20T22:10:00Z,159.98,160.24,159.86,160.24,0.22,35.2072
1787264100000,2026-08-20T22:15:00Z,160.24,160.24,159.61,160.14,0.26,41.5675
1787264400000,2026-08-20T22:20:00Z,160.14,160.14,160.14,160.14,0,0
1787264700000,2026-08-20T22:25:00Z,160.14,160.14,160.14,160.14,0,0
1787265000000,2026-08-20T22:30:00Z,160.14,160.14,159.55,159.55,0.23,36.6965
1787265300000,2026-08-20T22:35:00Z,159.55,159.57,159.44,159.47,0.44,70.1801
1787265600000,2026-08-20T22:40:00Z,159.47,159.47,159.47,159.47,0,0
1787265900000,2026-08-20T22:45:00Z,159.47,159.47,159.45,159.45,0.23,36.6735
1787266200000,2026-08-20T22:50:00Z,159.45,159.45,159.45,159.45,0,0
1787266500000,2026-08-20T22:55:00Z,159.45,159.45,159.45,159.45,0,0
1787266800000,2026-08-20T23:00:00Z,159.45,159.45,159.45,159.45,0,0
1787267100000,2026-08-20T23:05:00Z,159.45,159.6,159.45,159.6,0.34,54.246
1787267400000,2026-08-20T23:10:00Z,159.6,159.6,159.5,159.5,0.23,36.685
1787267700000,2026-08-20T23:15:00Z,159.5,159.57,159.45,159.48,0.5,79.7483
1787268000000,2026-08-20T23:20:00Z,159.48,159.48,159.48,159.48,0,0
1787268300000,2026-08-20T23:25:00Z,159.48,159.51,159.48,159.51,0.08,12.7608
1787268600000,2026-08-20T23:30:00Z,159.51,159.53,159.51,159.53,0.21,33.5013
1787268900000,2026-08-20T23:35:00Z,159.53,159.53,159.53,159.53,0,0
1787269200000,2026-08-20T23:40:00Z,159.53,159.54,159.53,159.54,0.19,30.3126
1787269500000,2026-08-20T23:45:00Z,159.54,159.62,159.53,159.62,1.2,191.4904
1787269800000,2026-08-20T23:50:00Z,159.62,159.8,159.46,159.46,0.28,44.6964
1787270100000,2026-08-20T23:55:00Z,159.46,159.75,159.46,159.74,0.36,57.509
1787270400000,2026-08-21T00:00:00Z,159.74,159.74,159.74,159.74,0,0
1787270700000,2026-08-21T00:05:00Z,159.74,160.04,159.4,159.78,2.63,420.8179
1787271000000,2026-08-21T00:10:00Z,159.78,159.78,159.78,159.78,0,0
1787271300000,2026-08-21T00:15:00Z,159.78,160.1,157.45,157.45,0.41,65.2642
1787271600000,2026-08-21T00:20:00Z,157.45,160.6,152.78,159,83.54,12930.4251
1787271900000,2026-08-21T00:25:00Z,159,159.93,158.8,159.9,14.5,2312.8315
1787272200000,2026-08-21T00:30:00Z,159.9,160.8,159.03,159.03,5.15,822.2061
1787272500000,2026-08-21T00:35:00Z,159.03,160.5,158.5,159.12,0.81,129.2468
1787272800000,2026-08-21T00:40:00Z,159.12,160.3,158.5,158.6,1.23,196.6835
1787273100000,2026-08-21T00:45:00Z,158.6,160.7,158.6,159.9,0.96,153.0546
1787273400000,2026-08-21T00:50:00Z,159.9,159.99,159.16,159.97,0.88,140.722
1787273700000,2026-08-21T00:55:00Z,159.97,160.54,159.64,160.54,0.36,57.6324
1787274000000,2026-08-21T01:00:00Z,160.54,160.68,160.02,160.02,4.52,724.782
1787274300000,2026-08-21T01:05:00Z,160.02,161.46,159.12,160.16,4.43,710.3501
1787274600000,2026-08-21T01:10:00Z,160.16,160.42,158.6,158.6,1.96,312.4824
1787274900000,2026-08-21T01:15:00Z,158.6,161,158.6,158.86,3.28,523.7869
1787275200000,2026-08-21T01:20:00Z,158.86,161.1,158.86,159.8,3.83,613.4644
1787275500000,2026-08-21T01:25:00Z,159.8,160.71,159.8,160.6,0.6,96.3666
1787275800000,2026-08-21T01:30:00Z,160.6,160.6,160.6,160.6,0,0
1787276100000,2026-08-21T01:35:00Z,160.6,163.9,158.41,161.1,31.91,5150.5571
1787276400000,2026-08-21T01:40:00Z,161.1,161.85,159.9,160.79,1.21,194.8111
1787276700000,2026-08-21T01:45:00Z,160.79,162.76,159.77,161.2,3.98,641.31
1787277000000,2026-08-21T01:50:00Z,161.2,161.2,159.74,159.74,0.96,154.1334
1787277300000,2026-08-21T01:55:00Z,159.74,160.3,159.74,160,0.37,59.22
1787277600000,2026-08-21T02:00:00Z,160,161.5,158.9,161.3,2.3,368.5646
1787277900000,2026-08-21T02:05:00Z,161.3,162.3,158.9,160.6,4.14,663.5382
1787278200000,2026-08-21T02:10:00Z,160.6,161.31,159.8,159.9,1.14,183.0252
1787278500000,2026-08-21T02:15:00Z,159.9,161.5,159.7,160.24,3.6,578.353
1787278800000,2026-08-21T02:20:00Z,160.24,160.24,160.24,160.24,0,0
1787279100000,2026-08-21T02:25:00Z,160.24,160.24,160.24,160.24,0,0
1787279400000,2026-08-21T02:30:00Z,160.24,162.1,159,160.41,5.22,838.9674
1787279700000,2026-08-21T02:35:00Z,160.41,160.8,160.41,160.69,1.66,266.802
1787280000000,2026-08-21T02:40:00Z,160.69,161.5,159.8,161.3,1.5,241.1718
1787280300000,2026-08-21T02:45:00Z,161.3,162.5,159.8,160.61,3.02,485.8686
1787280600000,2026-08-21T02:50:00Z,160.61,162.5,159.64,161.2,7.65,1234.2897
1787280900000,2026-08-21T02:55:00Z,161.2,161.4,161.1,161.4,0.23,37.065
1787281200000,2026-08-21T03:00:00Z,161.4,161.4,160.8,160.8,2.63,423.5359
1787281500000,2026-08-21T03:05:00Z,160.8,161.57,159.8,160.8,1.69,271.3721
1787281800000,2026-08-21T03:10:00Z,160.8,162.2,159,159.8,1.84,295.9852
1787282100000,2026-08-21T03:15:00Z,159.8,161.4,159.02,161.4,17.33,2772.5432
1787282400000,2026-08-21T03:20:00Z,161.4,161.5,159.8,160.58,4.75,762.2061
1787282700000,2026-08-21T03:25:00Z,160.58,161.3,160.36,160.86,6.67,1073.1326
1787283000000,2026-08-21T03:30:00Z,160.86,161.76,160.86,160.92,0.24,38.7012
1787283300000,2026-08-21T03:35:00Z,160.92,160.92,160.92,160.92,0,0
1787283600000,2026-08-21T03:40:00Z,160.92,161.03,160.92,161.03,0.54,86.9562
1787283900000,2026-08-21T03:45:00Z,161.03,161.03,161.03,161.03,0,0
1787284200000,2026-08-21T03:50:00Z,161.03,161.03,161.03,161.03,0,0
1787284500000,2026-08-21T03:55:00Z,161.03,161.58,160.71,160.71,0.12,19.3516
1787284800000,2026-08-21T04:00:00Z,160.71,160.71,160.4,160.4,0.04,6.416
1787285100000,2026-08-21T04:05:00Z,160.4,160.4,160.4,160.4,0,0
1787285400000,2026-08-21T04:10:00Z,160.4,160.4,160.4,160.4,0,0
1787285700000,2026-08-21T04:15:00Z,160.4,160.4,160.4,160.4,0,0
1787286000000,2026-08-21T04:20:00Z,160.4,160.4,160.4,160.4,0,0
1787286300000,2026-08-21T04:25:00Z,160.4,160.4,160.4,160.4,0,0
1787286600000,2026-08-21T04:30:00Z,160.4,160.4,160.4,160.4,0,0
1787286900000,2026-08-21T04:35:00Z,160.4,160.4,160.4,160.4,0,0
1787287200000,2026-08-21T04:40:00Z,160.4,160.4,160.4,160.4,0,0
1787287500000,2026-08-21T04:45:00Z,160.4,160.4,160.4,160.4,0,0
1787287800000,2026-08-21T04:50:00Z,160.4,160.4,160.4,160.4,0,0
1787288100000,2026-08-21T04:55:00Z,160.4,160.4,160.4,160.4,0,0
1787288400000,2026-08-21T05:00:00Z,160.4,161.5,160.4,160.73,1,161.0951
1787288700000,2026-08-21T05:05:00Z,160.73,160.73,160.73,160.73,0,0
1787289000000,2026-08-21T05:10:00Z,160.73,160.73,160.73,160.73,0,0
1787289300000,2026-08-21T05:15:00Z,160.73,161.16,160.73,161.16,2,322.2916
1787289600000,2026-08-21T05:20:00Z,161.16,161.21,161.16,161.21,0.73,117.6833
1787289900000,2026-08-21T05:25:00Z,161.21,161.21,161.21,161.21,0,0
1787290200000,2026-08-21T05:30:00Z,161.21,161.21,161.21,161.21,0,0
1787290500000,2026-08-21T05:35:00Z,161.21,161.21,161.21,161.21,0,0
1787290800000,2026-08-21T05:40:00Z,161.21,161.21,161.21,161.21,0,0
1787291100000,2026-08-21T05:45:00Z,161.21,162.3,161.21,161.4,0.12,19.4
1787291400000,2026-08-21T05:50:00Z,161.4,162.65,161.09,161.1,2.54,411.2216
1787291700000,2026-08-21T05:55:00Z,161.1,161.1,161.1,161.1,0,0
1787292000000,2026-08-21T06:00:00Z,161.1,162.5,161.07,162.25,2.04,330.0492
1787292300000,2026-08-21T06:05:00Z,162.25,162.32,161.1,162.32,0.52,84.1316
1787292600000,2026-08-21T06:10:00Z,162.32,162.32,161.05,161.94,1.12,181.1742
1787292900000,2026-08-21T06:15:00Z,161.94,161.94,161.94,161.94,0,0
1787293200000,2026-08-21T06:20:00Z,161.94,161.94,161.94,161.94,0,0
1787293500000,2026-08-21T06:25:00Z,161.94,161.94,161.94,161.94,0,0
1787293800000,2026-08-21T06:30:00Z,161.94,161.94,161.56,161.56,0.7,113.092
1787294100000,2026-08-21T06:35:00Z,161.56,161.56,161.56,161.56,0,0
1787294400000,2026-08-21T06:40:00Z,161.56,161.76,161.11,161.76,0.12,19.3722
1787294700000,2026-08-21T06:45:00Z,161.76,161.76,161.76,161.76,0,0
1787295000000,2026-08-21T06:50:00Z,161.76,161.76,161.76,161.76,0,0
1787295300000,2026-08-21T06:55:00Z,161.76,161.76,161.76,161.76,0,0
1787295600000,2026-08-21T07:00:00Z,161.76,161.76,161.76,161.76,0,0
1787295900000,2026-08-21T07:05:00Z,161.76,161.76,161.76,161.76,0,0
1787296200000,2026-08-21T07:10:00Z,161.76,161.76,161.76,161.76,0,0
1787296500000,2026-08-21T07:15:00Z,161.76,161.76,161.76,161.76,0,0
1787296800000,2026-08-21T07:20:00Z,161.76,161.76,161.76,161.76,0,0
1787297100000,2026-08-21T07:25:00Z,161.76,161.76,161.76,161.76,0,0
1787297400000,2026-08-21T07:30:00Z,161.76,161.76,161.76,161.76,0,0
1787297700000,2026-08-21T07:35:00Z,161.76,161.76,161.76,161.76,0,0
1787298000000,2026-08-21T07:40:00Z,161.76,161.76,161.76,161.76,0,0
1787298300000,2026-08-21T07:45:00Z,161.76,161.76,161.76,161.76,0,0
1787298600000,2026-08-21T07:50:00Z,161.76,161.76,161.76,161.76,0,0
1787298900000,2026-08-21T07:55:00Z,161.76,161.76,161.76,161.76,0,0
1787299200000,2026-08-21T08:00:00Z,161.76,161.76,161.76,161.76,0,0
1787299500000,2026-08-21T08:05:00Z,161.76,161.76,161.75,161.75,0.13,21.0275
1787299800000,2026-08-21T08:10:00Z,161.75,162.27,161.75,162.27,0.24,38.9448
1787300100000,2026-08-21T08:15:00Z,162.27,162.27,162.27,162.27,0.11,17.8497
1787300400000,2026-08-21T08:20:00Z,162.27,162.27,161.93,161.93,0.27,43.7691
1787300700000,2026-08-21T08:25:00Z,161.93,161.93,161.93,161.93,0,0
1787301000000,2026-08-21T08:30:00Z,161.93,161.93,161.93,161.93,0,0
1787301300000,2026-08-21T08:35:00Z,161.93,162.64,161.93,162.64,0.31,50.4184
1787301600000,2026-08-21T08:40:00Z,162.64,162.64,162.64,162.64,0,0
1787301900000,2026-08-21T08:45:00Z,162.64,163.11,162.64,163.11,1.2,195.732
1787302200000,2026-08-21T08:50:00Z,163.11,163.11,163.11,163.11,0,0
1787302500000,2026-08-21T08:55:00Z,163.11,163.11,163.11,163.11,0,0
1787302800000,2026-08-21T09:00:00Z,163.11,163.11,162.78,162.78,0.08,13.0224
1787303100000,2026-08-21T09:05:00Z,162.78,162.78,162.27,162.27,0.04,6.4908
1787303400000,2026-08-21T09:10:00Z,162.27,163.23,162.27,163.23,2.33,379.4589
1787303700000,2026-08-21T09:15:00Z,163.23,163.23,163.23,163.23,0,0
1787304000000,2026-08-21T09:20:00Z,163.23,163.23,163.23,163.23,0,0
1787304300000,2026-08-21T09:25:00Z,163.23,163.23,163.23,163.23,0,0
1787304600000,2026-08-21T09:30:00Z,163.23,163.23,161.35,162.05,3.55,577.1546
1787304900000,2026-08-21T09:35:00Z,162.05,163.35,162.05,163.35,1.4,227.9152
1787305200000,2026-08-21T09:40:00Z,163.35,163.35,163.35,163.35,0,0
1787305500000,2026-08-21T09:45:00Z,163.35,164.79,162.47,163.72,12.88,2097.8055
1787305800000,2026-08-21T09:50:00Z,163.72,164.61,163.44,163.72,0.64,104.9156
1787306100000,2026-08-21T09:55:00Z,163.72,163.72,163.64,163.64,0.7,114.5688
1787306400000,2026-08-21T10:00:00Z,163.64,164.09,163.25,163.25,1.07,175.0243
1787306700000,2026-08-21T10:05:00Z,163.25,164.4,163,163.16,0.72,117.8624
1787307000000,2026-08-21T10:10:00Z,163.16,163.16,163.16,163.16,0,0
1787307300000,2026-08-21T10:15:00Z,163.16,164.4,163,163,0.08,13.096
1787307600000,2026-08-21T10:20:00Z,163,163,163,163,0,0
1787307900000,2026-08-21T10:25:00Z,163,164.61,163,163.4,0.72,118.032
1787308200000,2026-08-21T10:30:00Z,163.4,163.4,163.4,163.4,0,0
1787308500000,2026-08-21T10:35:00Z,163.4,163.57,163.4,163.57,0.16,26.1712
1787308800000,2026-08-21T10:40:00Z,163.57,164.55,163.57,164.55,0.06,9.873
1787309100000,2026-08-21T10:45:00Z,164.55,164.55,163.45,163.45,0.18,29.487
1787309400000,2026-08-21T10:50:00Z,163.45,165.15,163.44,164.17,1.92,315.6304
1787309700000,2026-08-21T10:55:00Z,164.17,164.17,164.17,164.17,0,0
1787310000000,2026-08-21T11:00:00Z,164.17,164.17,163.35,163.35,1.43,234.1403
1787310300000,2026-08-21T11:05:00Z,163.35,163.35,163.35,163.35,0,0
1787310600000,2026-08-21T11:10:00Z,163.35,163.35,163.35,163.35,0,0
1787310900000,2026-08-21T11:15:00Z,163.35,163.35,163.35,163.35,0,0
1787311200000,2026-08-21T11:20:00Z,163.35,163.35,162.58,162.58,0.21,34.1418
1787311500000,2026-08-21T11:25:00Z,162.58,162.97,162.58,162.97,0.07,11.4079
1787311800000,2026-08-21T11:30:00Z,162.97,163.19,162.35,162.6,0.81,131.7645
1787312100000,2026-08-21T11:35:00Z,162.6,163.4,162.6,163,0.72,117.375
1787312400000,2026-08-21T11:40:00Z,163,163.01,163,163.01,0.04,6.5204
1787312700000,2026-08-21T11:45:00Z,163.01,163.41,163.01,163.41,0.28,45.7188
1787313000000,2026-08-21T11:50:00Z,163.41,163.41,163.41,163.41,0,0
1787313300000,2026-08-21T11:55:00Z,163.41,163.41,163.16,163.16,0.08,13.0528
1787313600000,2026-08-21T12:00:00Z,163.16,163.5,163.12,163.17,14.4,2349.671
1787313900000,2026-08-21T12:05:00Z,163.17,163.17,163.17,163.17,0,0
1787314200000,2026-08-21T12:10:00Z,163.17,163.17,163.17,163.17,0,0
1787314500000,2026-08-21T12:15:00Z,163.17,163.17,163.17,163.17,0,0
1787314800000,2026-08-21T12:20:00Z,163.17,163.17,162.62,162.62,0.71,115.4602
1787315100000,2026-08-21T12:25:00Z,162.62,162.62,162.62,162.62,0,0
1787315400000,2026-08-21T12:30:00Z,162.62,162.62,162.62,162.62,0,0
1787315700000,2026-08-21T12:35:00Z,162.62,162.62,162.62,162.62,0,0
1787316000000,2026-08-21T12:40:00Z,162.62,163.02,162.62,162.87,0.31,50.5002
1787316300000,2026-08-21T12:45:00Z,162.87,162.87,162.87,162.87,0,0
1787316600000,2026-08-21T12:50:00Z,162.87,163.26,162.87,163.26,0.19,31.0194
1787316900000,2026-08-21T12:55:00Z,163.26,163.26,163.26,163.26,0,0
1787317200000,2026-08-21T13:00:00Z,163.26,163.26,163.26,163.26,0,0
1787317500000,2026-08-21T13:05:00Z,163.26,163.26,162.74,162.74,1.58,257.1866
1787317800000,2026-08-21T13:10:00Z,162.74,162.86,162.64,162.64,1.04,169.315
1787318100000,2026-08-21T13:15:00Z,162.64,162.64,162.3,162.3,0.18,29.214
1787318400000,2026-08-21T13:20:00Z,162.3,162.3,162.3,162.3,0,0
1787318700000,2026-08-21T13:25:00Z,162.3,162.3,161.32,161.32,0.39,62.9175
1787319000000,2026-08-21T13:30:00Z,161.32,162.18,161.07,161.32,10.68,1728.6596
1787319300000,2026-08-21T13:35:00Z,161.32,163.44,161.32,162,1.55,251.9794
1787319600000,2026-08-21T13:40:00Z,162,163.35,161.73,162.7,2.38,386.7442
1787319900000,2026-08-21T13:45:00Z,162.7,162.7,161.13,161.6,2.27,366.4206
1787320200000,2026-08-21T13:50:00Z,161.6,162.18,160.74,162,5.73,924.657
1787320500000,2026-08-21T13:55:00Z,162,162.01,161.96,161.96,1.22,197.5999
1787320800000,2026-08-21T14:00:00Z,161.96,161.96,161.81,161.81,2,323.62
1787321100000,2026-08-21T14:05:00Z,161.81,162.13,161.81,162.13,7.05,1142.8603
1787321400000,2026-08-21T14:10:00Z,162.13,162.22,161.62,161.62,0.58,93.8356
1787321700000,2026-08-21T14:15:00Z,161.62,161.62,161.36,161.36,0.79,127.4744
1787322000000,2026-08-21T14:20:00Z,161.36,161.55,160.3,161.3,3.44,553.5735
1787322300000,2026-08-21T14:25:00Z,161.3,161.73,160.6,160.65,1.81,291.6988
1787322600000,2026-08-21T14:30:00Z,160.65,160.65,160.65,160.65,0,0
1787322900000,2026-08-21T14:35:00Z,160.65,161.47,160.65,161.32,0.34,54.8773
1787323200000,2026-08-21T14:40:00Z,161.32,161.32,161.32,161.32,0,0
1787323500000,2026-08-21T14:45:00Z,161.32,161.32,161.32,161.32,0,0
1787323800000,2026-08-21T14:50:00Z,161.32,161.32,161.32,161.32,0,0
1787324100000,2026-08-21T14:55:00Z,161.32,162.58,161.32,162.58,0.21,34.1418
1787324400000,2026-08-21T15:00:00Z,162.58,162.58,162.14,162.14,1.02,165.4103
1787324700000,2026-08-21T15:05:00Z,162.14,162.49,162.14,162.49,0.29,47.1085
1787325000000,2026-08-21T15:10:00Z,162.49,162.49,161.85,161.85,0.21,33.9885
1787325300000,2026-08-21T15:15:00Z,161.85,161.85,161.73,161.73,0.22,35.5806
1787325600000,2026-08-21T15:20:00Z,161.73,161.73,161.73,161.73,0,0
1787325900000,2026-08-21T15:25:00Z,161.73,161.73,161.16,161.2,1.26,203.0966
1787326200000,2026-08-21T15:30:00Z,161.2,161.2,161.2,161.2,0,0
1787326500000,2026-08-21T15:35:00Z,161.2,161.58,161.2,161.58,0.27,43.6266
1787326800000,2026-08-21T15:40:00Z,161.58,161.83,161.58,161.83,0.73,118.1359
1787327100000,2026-08-21T15:45:00Z,161.83,161.83,161.83,161.83,0,0
1787327400000,2026-08-21T15:50:00Z,161.83,161.83,161.83,161.83,0,0
1787327700000,2026-08-21T15:55:00Z,161.83,162.29,161.83,162.27,4.28,694.5315
1787328000000,2026-08-21T16:00:00Z,162.27,162.27,162.27,162.27,0,0
1787328300000,2026-08-21T16:05:00Z,162.27,162.27,162.27,162.27,0,0
1787328600000,2026-08-21T16:10:00Z,162.27,162.62,162.27,162.62,0.19,30.8978
1787328900000,2026-08-21T16:15:00Z,162.62,162.62,162.62,162.62,0,0
1787329200000,2026-08-21T16:20:00Z,162.62,163.58,162.62,162.84,16.51,2694.4138
1787329500000,2026-08-21T16:25:00Z,162.84,163.84,162.84,163.84,2.15,351.5479
1787329800000,2026-08-21T16:30:00Z,163.84,163.84,163.58,163.58,0.24,39.2592
1787330100000,2026-08-21T16:35:00Z,163.58,163.78,163.58,163.78,0.7,114.646
1787330400000,2026-08-21T16:40:00Z,163.78,163.78,163.78,163.78,0,0
1787330700000,2026-08-21T16:45:00Z,163.78,163.78,163.06,163.4,0.26,42.4398
1787331000000,2026-08-21T16:50:00Z,163.4,163.4,163.4,163.4,0,0
1787331300000,2026-08-21T16:55:00Z,163.4,163.4,162.93,163.01,1.45,236.2848
1787331600000,2026-08-21T17:00:00Z,163.01,163.01,162.87,162.97,0.99,161.2683
1787331900000,2026-08-21T17:05:00Z,162.97,162.97,162.97,162.97,0,0
1787332200000,2026-08-21T17:10:00Z,162.97,163.23,162.97,163.23,0.18,29.3814
1787332500000,2026-08-21T17:15:00Z,163.23,163.23,162.98,163.16,1.47,239.7165
1787332800000,2026-08-21T17:20:00Z,163.16,163.16,163.16,163.16,0,0
1787333100000,2026-08-21T17:25:00Z,163.16,163.22,163.16,163.22,0.72,117.5184
1787333400000,2026-08-21T17:30:00Z,163.22,163.38,163.22,163.38,1.19,194.3877
1787333700000,2026-08-21T17:35:00Z,163.38,163.38,163.38,163.38,0,0
1787334000000,2026-08-21T17:40:00Z,163.38,163.38,162.65,162.65,0.07,11.3855
1787334300000,2026-08-21T17:45:00Z,162.65,162.65,162.65,162.65,0,0
1787334600000,2026-08-21T17:50:00Z,162.65,162.72,162.31,162.31,0.12,19.5018
1787334900000,2026-08-21T17:55:00Z,162.31,162.31,162.31,162.31,0,0
1787335200000,2026-08-21T18:00:00Z,162.31,162.4,162.31,162.39,0.76,123.4214
1787335500000,2026-08-21T18:05:00Z,162.39,162.39,162.39,162.39,0,0
1787335800000,2026-08-21T18:10:00Z,162.39,162.39,162.39,162.39,0,0
1787336100000,2026-08-21T18:15:00Z,162.39,162.39,161.65,161.65,0.23,37.1795
1787336400000,2026-08-21T18:20:00Z,161.65,161.65,161.65,161.65,0,0
1787336700000,2026-08-21T18:25:00Z,161.65,161.65,161.65,161.65,0,0
1787337000000,2026-08-21T18:30:00Z,161.65,161.65,161.65,161.65,0,0
1787337300000,2026-08-21T18:35:00Z,161.65,161.65,161.19,161.19,2.62,422.423
1787337600000,2026-08-21T18:40:00Z,161.19,161.19,161.15,161.15,0.72,116.028
1787337900000,2026-08-21T18:45:00Z,161.15,161.15,161.12,161.12,0.72,116.0064
1787338200000,2026-08-21T18:50:00Z,161.12,161.12,161.12,161.12,0,0
1787338500000,2026-08-21T18:55:00Z,161.12,161.12,160.84,160.84,2.2,354.1724
1787338800000,2026-08-21T19:00:00Z,160.84,160.94,160.84,160.94,0.21,33.7974
1787339100000,2026-08-21T19:05:00Z,160.94,161.44,160.94,161.44,0.72,116.2368
1787339400000,2026-08-21T19:10:00Z,161.44,161.44,161.44,161.44,0,0
1787339700000,2026-08-21T19:15:00Z,161.44,161.44,161.44,161.44,0,0
1787340000000,2026-08-21T19:20:00Z,161.44,161.44,161.34,161.34,0.27,43.5618
1787340300000,2026-08-21T19:25:00Z,161.34,161.34,161.29,161.31,0.4,64.5208
1787340600000,2026-08-21T19:30:00Z,161.31,161.34,161.31,161.34,0.14,22.5876
1787340900000,2026-08-21T19:35:00Z,161.34,161.63,161.34,161.63,1.79,289.2559
1787341200000,2026-08-21T19:40:00Z,161.63,161.63,161.63,161.63,0,0
1787341500000,2026-08-21T19:45:00Z,161.63,161.63,161.63,161.63,0,0
1787341800000,2026-08-21T19:50:00Z,161.63,161.63,160.38,161.37,2.55,410.1263
1787342100000,2026-08-21T19:55:00Z,161.37,161.46,159.68,160.02,1.2,192.7216
1787342400000,2026-08-21T20:00:00Z,160.02,163.46,160.02,161.9,18.11,2923.136
1787342700000,2026-08-21T20:05:00Z,161.9,161.9,160.9,161.08,0.29,46.784
1787343000000,2026-08-21T20:10:00Z,161.08,161.08,161.08,161.08,0,0
1787343300000,2026-08-21T20:15:00Z,161.08,161.3,161.03,161.04,0.6,96.6315
1787343600000,2026-08-21T20:20:00Z,161.04,161.04,161.04,161.04,0,0
1787343900000,2026-08-21T20:25:00Z,161.04,161.04,161.04,161.04,0,0
1787344200000,2026-08-21T20:30:00Z,161.04,161.11,160.84,161.01,3.7,595.8021
1787344500000,2026-08-21T20:35:00Z,161.01,161.01,160.78,160.78,0.27,43.4106
1787344800000,2026-08-21T20:40:00Z,160.78,160.78,160.78,160.78,0,0
1787345100000,2026-08-21T20:45:00Z,160.78,160.78,160.78,160.78,0,0
1787345400000,2026-08-21T20:50:00Z,160.78,160.84,160.64,160.84,0.56,90.0684
1787345700000,2026-08-21T20:55:00Z,160.84,160.84,160.84,160.84,0,0
1787346000000,2026-08-21T21:00:00Z,160.84,160.94,160.84,160.94,0.19,30.5786
1787346300000,2026-08-21T21:05:00Z,160.94,160.94,160.86,160.87,0.14,22.5211
1787346600000,2026-08-21T21:10:00Z,160.87,160.91,160.87,160.91,0.23,37.0093
1787346900000,2026-08-21T21:15:00Z,160.91,160.91,160.91,160.91,0,0
1787347200000,2026-08-21T21:20:00Z,160.91,160.91,160.91,160.91,0,0
1787347500000,2026-08-21T21:25:00Z,160.91,160.91,160.45,160.45,3.02,484.559
1787347800000,2026-08-21T21:30:00Z,160.45,160.45,160.45,160.45,0,0
1787348100000,2026-08-21T21:35:00Z,160.45,160.65,160.45,160.65,0.2,32.13
1787348400000,2026-08-21T21:40:00Z,160.65,160.65,160.65,160.65,0.1,16.065
1787348700000,2026-08-21T21:45:00Z,160.65,160.86,160.65,160.86,0.16,25.7376
1787349000000,2026-08-21T21:50:00Z,160.86,160.86,160.47,160.47,10.51,1686.5397
1787349300000,2026-08-21T21:55:00Z,160.47,160.47,160.47,160.47,0,0
1787349600000,2026-08-21T22:00:00Z,160.47,160.47,160.47,160.47,0,0
1787349900000,2026-08-21T22:05:00Z,160.47,160.47,160.47,160.47,0,0
1787350200000,2026-08-21T22:10:00Z,160.47,160.86,160.47,160.86,0.14,22.5012
1787350500000,2026-08-21T22:15:00Z,160.86,160.86,160.73,160.82,3.41,548.2503
1787350800000,2026-08-21T22:20:00Z,160.82,160.82,160.82,160.82,0,0
1787351100000,2026-08-21T22:25:00Z,160.82,160.82,160.65,160.65,0.22,35.343
1787351400000,2026-08-21T22:30:00Z,160.65,161.08,160.23,160.23,1.08,173.4503
1787351700000,2026-08-21T22:35:00Z,160.23,161.1,160.23,160.36,0.28,45.0084
1787352000000,2026-08-21T22:40:00Z,160.36,161,160.3,160.57,1.08,173.4057
1787352300000,2026-08-21T22:45:00Z,160.57,160.84,160.32,160.32,0.46,73.8668
1787352600000,2026-08-21T22:50:00Z,160.32,160.55,160.32,160.55,0.23,36.9265
1787352900000,2026-08-21T22:55:00Z,160.55,160.55,160.55,160.55,0,0
1787353200000,2026-08-21T23:00:00Z,160.55,160.55,160.55,160.55,0,0
1787353500000,2026-08-21T23:05:00Z,160.55,161.09,160.55,161.09,0.28,45.0422
1787353800000,2026-08-21T23:10:00Z,161.09,161.09,160.78,160.79,0.21,33.7639
1787354100000,2026-08-21T23:15:00Z,160.79,160.79,160.71,160.71,0.09,14.4639
1787354400000,2026-08-21T23:20:00Z,160.71,160.71,160.59,160.59,0.24,38.5416
1787354700000,2026-08-21T23:25:00Z,160.59,160.59,160.47,160.47,0.2,32.094
1787355000000,2026-08-21T23:30:00Z,160.47,160.47,160.47,160.47,0,0
1787355300000,2026-08-21T23:35:00Z,160.47,161.04,160.28,161,0.24,38.568
1787355600000,2026-08-21T23:40:00Z,161,161.04,160.76,160.88,0.5,80.4477
1787355900000,2026-08-21T23:45:00Z,160.88,160.88,160.88,160.88,0,0
1787356200000,2026-08-21T23:50:00Z,160.88,160.92,160.86,160.86,2.14,344.2946
1787356500000,2026-08-21T23:55:00Z,160.86,160.86,160.86,160.86,0,0
1787356800000,2026-08-22T00:00:00Z,160.86,160.86,160.86,160.86,0,0
1787357100000,2026-08-22T00:05:00Z,160.86,160.86,160.86,160.86,0,0
1787357400000,2026-08-22T00:10:00Z,160.86,160.86,160.86,160.86,0,0
1787357700000,2026-08-22T00:15:00Z,160.86,160.86,160.86,160.86,0,0
1787358000000,2026-08-22T00:20:00Z,160.86,160.86,160.86,160.86,0,0
1787358300000,2026-08-22T00:25:00Z,160.86,160.86,160.86,160.86,0,0
1787358600000,2026-08-22T00:30:00Z,160.86,160.86,160.86,160.86,0,0
1787358900000,2026-08-22T00:35:00Z,160.86,160.86,160.86,160.86,0,0
1787359200000,2026-08-22T00:40:00Z,160.86,161.15,160.12,161.15,1.28,205.644
1787359500000,2026-08-22T00:45:00Z,161.15,161.15,161.15,161.15,0,0
1787359800000,2026-08-22T00:50:00Z,161.15,161.15,160.12,160.16,1.44,231.3468
1787360100000,2026-08-22T00:55:00Z,160.16,160.16,160.16,160.16,0,0
1787360400000,2026-08-22T01:00:00Z,160.16,160.16,160.16,160.16,0,0
1787360700000,2026-08-22T01:05:00Z,160.16,160.16,160.16,160.16,0,0
1787361000000,2026-08-22T01:10:00Z,160.16,160.16,160.16,160.16,0,0
1787361300000,2026-08-22T01:15:00Z,160.16,160.16,160.16,160.16,0,0
1787361600000,2026-08-22T01:20:00Z,160.16,161.05,160.16,160.63,0.24,38.589
1787361900000,2026-08-22T01:25:00Z,160.63,160.63,160.63,160.63,0,0
1787362200000,2026-08-22T01:30:00Z,160.63,160.63,160.63,160.63,0,0
1787362500000,2026-08-22T01:35:00Z,160.63,160.63,160.63,160.63,0,0
1787362800000,2026-08-22T01:40:00Z,160.63,160.63,160.63,160.63,0,0
1787363100000,2026-08-22T01:45:00Z,160.63,160.63,160.63,160.63,0,0
1787363400000,2026-08-22T01:50:00Z,160.63,160.63,160.63,160.63,0,0
1787363700000,2026-08-22T01:55:00Z,160.63,160.63,160.63,160.63,0,0
1787364000000,2026-08-22T02:00:00Z,160.63,160.63,160.63,160.63,0,0
1787364300000,2026-08-22T02:05:00Z,160.63,160.63,160.63,160.63,0,0
1787364600000,2026-08-22T02:10:00Z,160.63,160.63,160.63,160.63,0,0
1787364900000,2026-08-22T02:15:00Z,160.63,160.63,160.63,160.63,0,0
1787365200000,2026-08-22T02:20:00Z,160.63,160.63,160.63,160.63,0,0
1787365500000,2026-08-22T02:25:00Z,160.63,160.85,160.63,160.85,0.21,33.7785
1787365800000,2026-08-22T02:30:00Z,160.85,160.85,160.85,160.85,0,0
1787366100000,2026-08-22T02:35:00Z,160.85,160.85,160.85,160.85,0,0
1787366400000,2026-08-22T02:40:00Z,160.85,160.85,160.85,160.85,0,0
1787366700000,2026-08-22T02:45:00Z,160.85,160.88,160.85,160.88,0.13,20.9144
1787367000000,2026-08-22T02:50:00Z,160.88,160.88,160.88,160.88,0,0
1787367300000,2026-08-22T02:55:00Z,160.88,160.88,160.74,160.74,0.23,36.9702
1787367600000,2026-08-22T03:00:00Z,160.74,160.74,160.74,160.74,0,0
1787367900000,2026-08-22T03:05:00Z,160.74,160.74,160.66,160.66,0.18,28.9188
1787368200000,2026-08-22T03:10:00Z,160.66,160.66,160.66,160.66,0,0
1787368500000,2026-08-22T03:15:00Z,160.66,160.94,160.66,160.94,0.06,9.6564
1787368800000,2026-08-22T03:20:00Z,160.94,160.94,160.57,160.57,0.08,12.8456
1787369100000,2026-08-22T03:25:00Z,160.57,160.87,160.57,160.87,0.12,19.3044
1787369400000,2026-08-22T03:30:00Z,160.87,160.87,160.87,160.87,0,0
1787369700000,2026-08-22T03:35:00Z,160.87,160.87,160.87,160.87,0,0
1787370000000,2026-08-22T03:40:00Z,160.87,160.97,160.87,160.97,0.13,20.9261
1787370300000,2026-08-22T03:45:00Z,160.97,160.97,160.97,160.97,0,0
1787370600000,2026-08-22T03:50:00Z,160.97,160.97,160.97,160.97,0,0
1787370900000,2026-08-22T03:55:00Z,160.97,160.97,160.97,160.97,0,0
1787371200000,2026-08-22T04:00:00Z,160.97,160.97,160.65,160.65,0.09,14.4585
1787371500000,2026-08-22T04:05:00Z,160.65,160.65,160.65,160.65,0,0
1787371800000,2026-08-22T04:10:00Z,160.65,160.92,160.65,160.92,0.19,30.5748
1787372100000,2026-08-22T04:15:00Z,160.92,160.97,160.12,160.12,0.36,57.7962
1787372400000,2026-08-22T04:20:00Z,160.12,160.12,160.12,160.12,0,0
1787372700000,2026-08-22T04:25:00Z,160.12,160.12,160.12,160.12,0,0
1787373000000,2026-08-22T04:30:00Z,160.12,160.12,160.12,160.12,0,0
1787373300000,2026-08-22T04:35:00Z,160.12,161.02,160.12,160.14,0.36,57.8088
1787373600000,2026-08-22T04:40:00Z,160.14,160.44,160.14,160.44,4.44,712.3536
1787373900000,2026-08-22T04:45:00Z,160.44,160.63,160.44,160.63,0.2,32.126
1787374200000,2026-08-22T04:50:00Z,160.63,161.02,160.63,161.02,0.14,22.5428
1787374500000,2026-08-22T04:55:00Z,161.02,161.02,161.02,161.02,0,0
1787374800000,2026-08-22T05:00:00Z,161.02,161.02,161.02,161.02,0,0
1787375100000,2026-08-22T05:05:00Z,161.02,161.02,160.51,160.51,0.14,22.4714
1787375400000,2026-08-22T05:10:00Z,160.51,160.51,160.43,160.43,3.8,609.6672
1787375700000,2026-08-22T05:15:00Z,160.43,160.43,160.43,160.43,0,0
1787376000000,2026-08-22T05:20:00Z,160.43,161.03,160.43,161.03,0.08,12.8824
1787376300000,2026-08-22T05:25:00Z,161.03,161.03,161.03,161.03,0,0
1787376600000,2026-08-22T05:30:00Z,161.03,161.03,160.56,160.56,0.15,24.084
1787376900000,2026-08-22T05:35:00Z,160.56,161.19,160.56,161.19,0.4,64.35
1787377200000,2026-08-22T05:40:00Z,161.19,161.19,160.88,160.88,0.2,32.176
1787377500000,2026-08-22T05:45:00Z,160.88,160.88,160.76,160.76,0.24,38.5824
1787377800000,2026-08-22T05:50:00Z,160.76,161.18,160.57,161.18,0.28,45.045
1787378100000,2026-08-22T05:55:00Z,161.18,161.18,160.73,160.73,0.23,36.9679
1787378400000,2026-08-22T06:00:00Z,160.73,160.73,160.73,160.73,0,0
1787378700000,2026-08-22T06:05:00Z,160.73,160.73,160.73,160.73,0,0
1787379000000,2026-08-22T06:10:00Z,160.73,160.73,160.73,160.73,0,0
1787379300000,2026-08-22T06:15:00Z,160.73,160.73,160.55,160.55,0.06,9.633
1787379600000,2026-08-22T06:20:00Z,160.55,160.55,160.55,160.55,0,0
1787379900000,2026-08-22T06:25:00Z,160.55,160.55,160.55,160.55,0,0
1787380200000,2026-08-22T06:30:00Z,160.55,160.55,160.55,160.55,0,0
1787380500000,2026-08-22T06:35:00Z,160.55,160.84,160.55,160.84,0.07,11.2588
1787380800000,2026-08-22T06:40:00Z,160.84,160.84,160.1,160.1,0.16,25.686
1787381100000,2026-08-22T06:45:00Z,160.1,160.1,160.1,160.1,0,0
1787381400000,2026-08-22T06:50:00Z,160.1,160.95,160.1,160.95,0.15,24.1425
1787381700000,2026-08-22T06:55:00Z,160.95,160.95,160.81,160.81,0.14,22.5134
1787382000000,2026-08-22T07:00:00Z,160.81,160.81,160.81,160.81,0,0
1787382300000,2026-08-22T07:05:00Z,160.81,160.81,160.81,160.81,0,0
1787382600000,2026-08-22T07:10:00Z,160.81,160.81,160.7,160.7,0.15,24.105
1787382900000,2026-08-22T07:15:00Z,160.7,160.7,160.7,160.7,0,0
1787383200000,2026-08-22T07:20:00Z,160.7,160.74,160.7,160.74,0.07,11.2518
1787383500000,2026-08-22T07:25:00Z,160.74,160.74,160.74,160.74,0,0
1787383800000,2026-08-22T07:30:00Z,160.74,160.74,160.74,160.74,0,0
1787384100000,2026-08-22T07:35:00Z,160.74,160.91,160.74,160.91,0.17,27.3547
1787384400000,2026-08-22T07:40:00Z,160.91,161.02,160.91,161.02,0.2,32.204
1787384700000,2026-08-22T07:45:00Z,161.02,161.04,161.02,161.04,0.1,16.104
1787385000000,2026-08-22T07:50:00Z,161.04,161.04,161.04,161.04,0,0
1787385300000,2026-08-22T07:55:00Z,161.04,161.04,161.04,161.04,0,0
1787385600000,2026-08-22T08:00:00Z,161.04,161.04,160.97,160.97,0.09,14.4873
1787385900000,2026-08-22T08:05:00Z,160.97,161.19,160.51,161.19,0.34,54.689
1787386200000,2026-08-22T08:10:00Z,161.19,161.19,161.19,161.19,0,0
1787386500000,2026-08-22T08:15:00Z,161.19,161.19,161.19,161.19,0,0
1787386800000,2026-08-22T08:20:00Z,161.19,161.19,161.19,161.19,0,0
1787387100000,2026-08-22T08:25:00Z,161.19,161.19,160.99,160.99,0.2,32.198
1787387400000,2026-08-22T08:30:00Z,160.99,160.99,160.99,160.99,0,0
1787387700000,2026-08-22T08:35:00Z,160.99,160.99,160.99,160.99,0.13,20.9287
1787388000000,2026-08-22T08:40:00Z,160.99,161.19,160.05,161.15,2.24,359.7476
1787388300000,2026-08-22T08:45:00Z,161.15,161.15,160.05,160.85,0.76,122.088
1787388600000,2026-08-22T08:50:00Z,160.85,161.19,160.11,160.92,0.72,115.742
1787388900000,2026-08-22T08:55:00Z,160.92,161.19,160.92,161.19,0.04,6.4476
1787389200000,2026-08-22T09:00:00Z,161.19,161.19,161.19,161.19,0,0
1787389500000,2026-08-22T09:05:00Z,161.19,161.19,161.19,161.19,0,0
1787389800000,2026-08-22T09:10:00Z,161.19,161.19,161.19,161.19,0,0
1787390100000,2026-08-22T09:15:00Z,161.19,161.19,160.77,160.77,0.18,28.9386
1787390400000,2026-08-22T09:20:00Z,160.77,160.77,160.77,160.77,0,0
1787390700000,2026-08-22T09:25:00Z,160.77,160.77,160.77,160.77,0,0
1787391000000,2026-08-22T09:30:00Z,160.77,160.77,160.53,160.53,0.09,14.4477
1787391300000,2026-08-22T09:35:00Z,160.53,160.53,160.53,160.53,0,0
1787391600000,2026-08-22T09:40:00Z,160.53,160.53,160.53,160.53,0,0
1787391900000,2026-08-22T09:45:00Z,160.53,161.04,160.53,161.04,0.08,12.8832
1787392200000,2026-08-22T09:50:00Z,161.04,161.04,160.59,160.59,0.16,25.6944
1787392500000,2026-08-22T09:55:00Z,160.59,160.96,160.59,160.96,0.24,38.6304
1787392800000,2026-08-22T10:00:00Z,160.96,160.96,160.96,160.96,0,0
1787393100000,2026-08-22T10:05:00Z,160.96,160.96,160.96,160.96,0,0
1787393400000,2026-08-22T10:10:00Z,160.96,160.96,160.9,160.9,0.08,12.872
1787393700000,2026-08-22T10:15:00Z,160.9,160.9,160.9,160.9,0,0
1787394000000,2026-08-22T10:20:00Z,160.9,160.9,160.46,160.46,0.09,14.4414
1787394300000,2026-08-22T10:25:00Z,160.46,160.46,160.46,160.46,0,0
1787394600000,2026-08-22T10:30:00Z,160.46,161.15,160.05,161.15,0.96,154.206
1787394900000,2026-08-22T10:35:00Z,161.15,161.15,161.15,161.15,0,0
1787395200000,2026-08-22T10:40:00Z,161.15,161.15,161.15,161.15,0,0
1787395500000,2026-08-22T10:45:00Z,161.15,161.15,160.45,160.45,0.17,27.2765
1787395800000,2026-08-22T10:50:00Z,160.45,160.78,160.45,160.78,0.2,32.156
1787396100000,2026-08-22T10:55:00Z,160.78,160.78,160.78,160.78,0,0
1787396400000,2026-08-22T11:00:00Z,160.78,160.78,160.78,160.78,0,0
1787396700000,2026-08-22T11:05:00Z,160.78,160.78,160.78,160.78,0,0
1787397000000,2026-08-22T11:10:00Z,160.78,160.78,160.6,160.6,0.1,16.06
1787397300000,2026-08-22T11:15:00Z,160.6,160.6,160.6,160.6,0,0
1787397600000,2026-08-22T11:20:00Z,160.6,160.6,160.6,160.6,0,0
1787397900000,2026-08-22T11:25:00Z,160.6,160.6,160.6,160.6,0.1,16.06
1787398200000,2026-08-22T11:30:00Z,160.6,160.85,160.6,160.85,0.23,36.9955
1787398500000,2026-08-22T11:35:00Z,160.85,160.85,160.85,160.85,0,0
1787398800000,2026-08-22T11:40:00Z,160.85,160.85,160.85,160.85,0,0
1787399100000,2026-08-22T11:45:00Z,160.85,160.86,160.31,160.31,0.34,54.5989
1787399400000,2026-08-22T11:50:00Z,160.31,160.31,160.31,160.31,0,0
1787399700000,2026-08-22T11:55:00Z,160.31,160.31,160.31,160.31,0,0
1787400000000,2026-08-22T12:00:00Z,160.31,160.31,160.31,160.31,0,0
1787400300000,2026-08-22T12:05:00Z,160.31,160.66,160.31,160.66,0.12,19.2792
1787400600000,2026-08-22T12:10:00Z,160.66,160.74,160.66,160.74,0.09,14.4666
1787400900000,2026-08-22T12:15:00Z,160.74,160.74,160.74,160.74,0,0
1787401200000,2026-08-22T12:20:00Z,160.74,160.74,160.74,160.74,0,0
1787401500000,2026-08-22T12:25:00Z,160.74,160.74,160.48,160.48,0.24,38.5152
1787401800000,2026-08-22T12:30:00Z,160.48,160.48,160.48,160.48,0,0
1787402100000,2026-08-22T12:35:00Z,160.48,160.88,160.48,160.88,0.21,33.7848
1787402400000,2026-08-22T12:40:00Z,160.88,160.88,160.88,160.88,0,0
1787402700000,2026-08-22T12:45:00Z,160.88,160.88,160.88,160.88,0,0
1787403000000,2026-08-22T12:50:00Z,160.88,160.88,160.88,160.88,0,0
1787403300000,2026-08-22T12:55:00Z,160.88,161,160.55,161,0.28,45.017
1787403600000,2026-08-22T13:00:00Z,161,161,161,161,0,0
1787403900000,2026-08-22T13:05:00Z,161,161,161,161,0,0
1787404200000,2026-08-22T13:10:00Z,161,161,161,161,0,0
1787404500000,2026-08-22T13:15:00Z,161,161,160.44,160.44,0.13,20.8572
1787404800000,2026-08-22T13:20:00Z,160.44,160.44,160.44,160.44,0,0
1787405100000,2026-08-22T13:25:00Z,160.44,160.53,160.44,160.53,0.11,17.6583
1787405400000,2026-08-22T13:30:00Z,160.53,160.53,160.53,160.53,0,0
1787405700000,2026-08-22T13:35:00Z,160.53,160.53,160.53,160.53,0,0
1787406000000,2026-08-22T13:40:00Z,160.53,160.53,160.53,160.53,0,0
1787406300000,2026-08-22T13:45:00Z,160.53,160.8,160.53,160.8,0.15,24.12
1787406600000,2026-08-22T13:50:00Z,160.8,160.8,160.8,160.8,0,0
1787406900000,2026-08-22T13:55:00Z,160.8,160.96,160.8,160.96,0.19,30.5824
1787407200000,2026-08-22T14:00:00Z,160.96,160.96,160.89,160.89,0.14,22.5246
1787407500000,2026-08-22T14:05:00Z,160.89,160.89,160.53,160.53,0.07,11.2371
1787407800000,2026-08-22T14:10:00Z,160.53,160.62,160.53,160.62,0.1,16.062
1787408100000,2026-08-22T14:15:00Z,160.62,160.62,160.62,160.62,0,0
1787408400000,2026-08-22T14:20:00Z,160.62,160.84,160.62,160.84,0.12,19.3008
1787408700000,2026-08-22T14:25:00Z,160.84,160.84,160.52,160.52,0.21,33.7092
1787409000000,2026-08-22T14:30:00Z,160.52,161.2,160.52,161.2,0.46,74.0029
1787409300000,2026-08-22T14:35:00Z,161.2,161.2,160.91,160.91,0.11,17.7001
1787409600000,2026-08-22T14:40:00Z,160.91,160.91,160.91,160.91,0,0
1787409900000,2026-08-22T14:45:00Z,160.91,160.92,160.91,160.92,0.17,27.3564
1787410200000,2026-08-22T14:50:00Z,160.92,161.28,160.33,160.33,0.3,48.2363
1787410500000,2026-08-22T14:55:00Z,160.33,160.86,160.33,160.86,0.17,27.3462
1787410800000,2026-08-22T15:00:00Z,160.86,160.86,160.86,160.86,0,0
1787411100000,2026-08-22T15:05:00Z,160.86,160.89,160.86,160.89,0.09,14.4801
1787411400000,2026-08-22T15:10:00Z,160.89,160.89,160.89,160.89,0,0
1787411700000,2026-08-22T15:15:00Z,160.89,160.92,160.89,160.92,0.16,25.7472
1787412000000,2026-08-22T15:20:00Z,160.92,161.29,160.47,161.29,0.2,32.176
1787412300000,2026-08-22T15:25:00Z,161.29,161.29,160.51,161.29,0.44,70.796
1787412600000,2026-08-22T15:30:00Z,161.29,161.29,160.52,161.29,0.28,45.0534
1787412900000,2026-08-22T15:35:00Z,161.29,161.29,161.29,161.29,0,0
1787413200000,2026-08-22T15:40:00Z,161.29,161.29,161.29,161.29,0,0
1787413500000,2026-08-22T15:45:00Z,161.29,161.29,161.29,161.29,0,0
1787413800000,2026-08-22T15:50:00Z,161.29,161.29,160.46,160.46,0.11,17.6506
1787414100000,2026-08-22T15:55:00Z,160.46,160.46,160.46,160.46,0,0
1787414400000,2026-08-22T16:00:00Z,160.46,160.97,160.46,160.97,0.19,30.5843
1787414700000,2026-08-22T16:05:00Z,160.97,160.97,160.97,160.97,0,0
1787415000000,2026-08-22T16:10:00Z,160.97,160.97,160.84,160.84,0.09,14.4756
1787415300000,2026-08-22T16:15:00Z,160.84,160.84,160.53,160.53,0.24,38.5272
1787415600000,2026-08-22T16:20:00Z,160.53,160.53,160.53,160.53,0,0
1787415900000,2026-08-22T16:25:00Z,160.53,161.3,160.53,161.3,0.14,22.5305
1787416200000,2026-08-22T16:30:00Z,161.3,161.3,161.3,161.3,0,0
1787416500000,2026-08-22T16:35:00Z,161.3,161.3,161.3,161.3,0,0
1787416800000,2026-08-22T16:40:00Z,161.3,161.3,161.3,161.3,0,0
1787417100000,2026-08-22T16:45:00Z,161.3,161.3,160.74,160.74,0.16,25.7184
1787417400000,2026-08-22T16:50:00Z,160.74,161.3,160.47,161.3,0.38,61.1363
1787417700000,2026-08-22T16:55:00Z,161.3,161.3,160.81,160.81,0.21,33.7701
1787418000000,2026-08-22T17:00:00Z,160.81,161.38,160.68,161.38,0.46,74.0738
1787418300000,2026-08-22T17:05:00Z,161.38,161.38,160.75,160.75,0.19,30.5425
1787418600000,2026-08-22T17:10:00Z,160.75,160.8,160.75,160.8,0.22,35.376
1787418900000,2026-08-22T17:15:00Z,160.8,160.8,160.61,160.61,0.09,14.4549
1787419200000,2026-08-22T17:20:00Z,160.61,160.98,160.31,160.31,0.36,57.8322
1787419500000,2026-08-22T17:25:00Z,160.31,161.37,160.31,161.37,0.3,48.2835
1787419800000,2026-08-22T17:30:00Z,161.37,161.37,160.85,160.85,0.24,38.604
1787420100000,2026-08-22T17:35:00Z,160.85,160.85,160.44,160.44,0.2,32.088
1787420400000,2026-08-22T17:40:00Z,160.44,160.85,160.31,160.31,0.26,41.7508
1787420700000,2026-08-22T17:45:00Z,160.31,160.31,160.31,160.31,0,0
1787421000000,2026-08-22T17:50:00Z,160.31,160.31,160.31,160.31,0,0
1787421300000,2026-08-22T17:55:00Z,160.31,161.38,160.31,161.38,0.4,64.398
1787421600000,2026-08-22T18:00:00Z,161.38,161.38,161.38,161.38,0,0
1787421900000,2026-08-22T18:05:00Z,161.38,161.38,160.69,160.69,0.11,17.6759
1787422200000,2026-08-22T18:10:00Z,160.69,160.69,160.64,160.64,0.19,30.5216
1787422500000,2026-08-22T18:15:00Z,160.64,160.98,160.64,160.98,0.12,19.3176
1787422800000,2026-08-22T18:20:00Z,160.98,160.98,160.63,160.63,0.09,14.4567
1787423100000,2026-08-22T18:25:00Z,160.63,161.37,160.33,161.34,2.4,386.0212
1787423400000,2026-08-22T18:30:00Z,161.34,161.34,161.34,161.34,0,0
1787423700000,2026-08-22T18:35:00Z,161.34,161.34,161.34,161.34,0,0
1787424000000,2026-08-22T18:40:00Z,161.34,161.34,160.72,161.34,0.38,61.1914
1787424300000,2026-08-22T18:45:00Z,161.34,161.34,160.76,160.76,0.1,16.076
1787424600000,2026-08-22T18:50:00Z,160.76,160.76,160.76,160.76,0,0
1787424900000,2026-08-22T18:55:00Z,160.76,161.03,160.76,161.03,0.14,22.5442
1787425200000,2026-08-22T19:00:00Z,161.03,161.35,160.31,160.31,1.12,180.1264
1787425500000,2026-08-22T19:05:00Z,160.31,161.38,160.21,161.09,3.68,591.7374
1787425800000,2026-08-22T19:10:00Z,161.09,161.09,161.09,161.09,0,0
1787426100000,2026-08-22T19:15:00Z,161.09,161.09,161.09,161.09,0,0
1787426400000,2026-08-22T19:20:00Z,161.09,161.09,161.09,161.09,0,0
1787426700000,2026-08-22T19:25:00Z,161.09,161.09,161.09,161.09,0,0
1787427000000,2026-08-22T19:30:00Z,161.09,161.09,160.87,160.87,0.18,28.9566
1787427300000,2026-08-22T19:35:00Z,160.87,160.87,160.87,160.87,0.14,22.5218
1787427600000,2026-08-22T19:40:00Z,160.87,160.87,160.87,160.87,0,0
1787427900000,2026-08-22T19:45:00Z,160.87,160.87,160.84,160.84,0.23,36.9932
1787428200000,2026-08-22T19:50:00Z,160.84,160.84,160.57,160.57,0.1,16.057
1787428500000,2026-08-22T19:55:00Z,160.57,160.72,160.57,160.72,0.17,27.3224
1787428800000,2026-08-22T20:00:00Z,160.72,161.37,160.63,161.37,0.44,70.84
1787429100000,2026-08-22T20:05:00Z,161.37,161.37,160.94,160.94,0.07,11.2658
1787429400000,2026-08-22T20:10:00Z,160.94,161,160.94,161,0.16,25.76
1787429700000,2026-08-22T20:15:00Z,161,161,160.84,160.84,0.08,12.8672
1787430000000,2026-08-22T20:20:00Z,160.84,161.37,160.53,161.37,0.34,54.723
1787430300000,2026-08-22T20:25:00Z,161.37,161.37,161.37,161.37,0,0
1787430600000,2026-08-22T20:30:00Z,161.37,161.37,160.8,160.8,0.17,27.336
1787430900000,2026-08-22T20:35:00Z,160.8,160.8,160.8,160.8,0,0
1787431200000,2026-08-22T20:40:00Z,160.8,160.8,160.8,160.8,0,0
1787431500000,2026-08-22T20:45:00Z,160.8,160.8,160.8,160.8,0,0
1787431800000,2026-08-22T20:50:00Z,160.8,161.02,160.8,161.02,0.2,32.204
1787432100000,2026-08-22T20:55:00Z,161.02,161.02,160.76,160.76,0.2,32.152
1787432400000,2026-08-22T21:00:00Z,160.76,160.76,160.59,160.59,0.14,22.4826
1787432700000,2026-08-22T21:05:00Z,160.59,160.96,160.21,160.21,0.4,64.234
1787433000000,2026-08-22T21:10:00Z,160.21,160.21,160.21,160.21,0,0
1787433300000,2026-08-22T21:15:00Z,160.21,161.35,160.21,161.3,0.64,102.9395
1787433600000,2026-08-22T21:20:00Z,161.3,161.35,160.2,160.2,0.76,122.1621
1787433900000,2026-08-22T21:25:00Z,160.2,160.2,160.1,160.1,0.15,24.024
1787434200000,2026-08-22T21:30:00Z,160.1,160.1,160.1,160.1,0,0
1787434500000,2026-08-22T21:35:00Z,160.1,160.1,160.1,160.1,0,0
1787434800000,2026-08-22T21:40:00Z,160.1,160.1,160.1,160.1,0,0
1787435100000,2026-08-22T21:45:00Z,160.1,161.41,160.1,161.41,0.42,67.6308
1787435400000,2026-08-22T21:50:00Z,161.41,161.41,161,161.41,0.23,37.0874
1787435700000,2026-08-22T21:55:00Z,161.41,161.41,161.41,161.41,0,0
1787436000000,2026-08-22T22:00:00Z,161.41,161.41,161.41,161.41,0,0
1787436300000,2026-08-22T22:05:00Z,161.41,161.41,160.86,161.15,0.26,41.8584
1787436600000,2026-08-22T22:10:00Z,161.15,161.15,161.15,161.15,0,0
1787436900000,2026-08-22T22:15:00Z,161.15,161.2,161.15,161.2,0.2,32.24
1787437200000,2026-08-22T22:20:00Z,161.2,161.22,161.2,161.22,0.23,37.0806
1787437500000,2026-08-22T22:25:00Z,161.22,161.22,161.17,161.17,0.21,33.8457
1787437800000,2026-08-22T22:30:00Z,161.17,161.18,161.17,161.18,0.21,33.8478
1787438100000,2026-08-22T22:35:00Z,161.18,161.18,161.18,161.18,0,0
1787438400000,2026-08-22T22:40:00Z,161.18,161.18,161.18,161.18,0,0
1787438700000,2026-08-22T22:45:00Z,161.18,161.27,161.18,161.27,0.17,27.4159
1787439000000,2026-08-22T22:50:00Z,161.27,161.27,161.23,161.23,0.16,25.7968
1787439300000,2026-08-22T22:55:00Z,161.23,161.23,161.18,161.18,0.06,9.6708
1787439600000,2026-08-22T23:00:00Z,161.18,161.27,161.18,161.27,0.16,25.8032
1787439900000,2026-08-22T23:05:00Z,161.27,161.27,161.27,161.27,0,0
1787440200000,2026-08-22T23:10:00Z,161.27,161.27,161.27,161.27,0,0
1787440500000,2026-08-22T23:15:00Z,161.27,161.27,161.27,161.27,0,0
1787440800000,2026-08-22T23:20:00Z,161.27,161.27,161.25,161.25,0.21,33.8625
1787441100000,2026-08-22T23:25:00Z,161.25,161.25,161.17,161.17,0.23,37.0691
1787441400000,2026-08-22T23:30:00Z,161.17,161.17,161.17,161.17,0,0
1787441700000,2026-08-22T23:35:00Z,161.17,161.2,161.17,161.2,0.12,19.344
1787442000000,2026-08-22T23:40:00Z,161.2,161.2,161.2,161.2,0,0
1787442300000,2026-08-22T23:45:00Z,161.2,161.2,161.2,161.2,0,0
1787442600000,2026-08-22T23:50:00Z,161.2,161.25,161.2,161.25,0.06,9.675
1787442900000,2026-08-22T23:55:00Z,161.25,161.25,161.19,161.19,0.69,111.2211
1787443200000,2026-08-23T00:00:00Z,161.19,161.22,161.19,161.22,0.17,27.4074
1787443500000,2026-08-23T00:05:00Z,161.22,161.22,161.22,161.22,0,0
1787443800000,2026-08-23T00:10:00Z,161.22,161.28,161.22,161.28,0.18,29.0304
1787444100000,2026-08-23T00:15:00Z,161.28,161.28,161.27,161.27,0.22,35.4794
1787444400000,2026-08-23T00:20:00Z,161.27,161.28,161.27,161.28,0.12,19.3536
1787444700000,2026-08-23T00:25:00Z,161.28,161.28,161.18,161.18,0.06,9.6708
1787445000000,2026-08-23T00:30:00Z,161.18,161.24,161.18,161.24,0.22,35.4728
1787445300000,2026-08-23T00:35:00Z,161.24,161.24,161.2,161.2,0.1,16.12
1787445600000,2026-08-23T00:40:00Z,161.2,161.2,161.2,161.2,0,0
1787445900000,2026-08-23T00:45:00Z,161.2,161.2,161.2,161.2,0,0
1787446200000,2026-08-23T00:50:00Z,161.2,161.26,161.2,161.26,0.22,35.4772
1787446500000,2026-08-23T00:55:00Z,161.26,161.26,161.26,161.26,0,0
1787446800000,2026-08-23T01:00:00Z,161.26,161.26,161.26,161.26,0,0
1787447100000,2026-08-23T01:05:00Z,161.26,161.26,161.26,161.26,0,0
1787447400000,2026-08-23T01:10:00Z,161.26,161.26,161.26,161.26,0.21,33.8646
1787447700000,2026-08-23T01:15:00Z,161.26,161.26,161.21,161.21,0.17,27.4057
1787448000000,2026-08-23T01:20:00Z,161.21,161.28,161.21,161.28,0.13,20.9664
1787448300000,2026-08-23T01:25:00Z,161.28,161.28,161.24,161.24,0.08,12.8992
1787448600000,2026-08-23T01:30:00Z,161.24,161.24,161.24,161.24,0,0
1787448900000,2026-08-23T01:35:00Z,161.24,161.24,161.16,161.16,0.22,35.4552
1787449200000,2026-08-23T01:40:00Z,161.16,161.17,161.16,161.17,0.11,17.7287
1787449500000,2026-08-23T01:45:00Z,161.17,161.25,161.17,161.25,0.07,11.2875
1787449800000,2026-08-23T01:50:00Z,161.25,161.25,161.25,161.25,0,0
1787450100000,2026-08-23T01:55:00Z,161.25,161.25,161.25,161.25,0,0
1787450400000,2026-08-23T02:00:00Z,161.25,161.25,161.25,161.25,0,0
1787450700000,2026-08-23T02:05:00Z,161.25,161.25,161.25,161.25,0.08,12.9
1787451000000,2026-08-23T02:10:00Z,161.25,161.25,161.2,161.2,0.08,12.896
1787451300000,2026-08-23T02:15:00Z,161.2,161.27,160.86,160.86,0.34,54.7621
1787451600000,2026-08-23T02:20:00Z,160.86,161.18,160.86,161.18,0.24,38.6832
1787451900000,2026-08-23T02:25:00Z,161.18,161.2,161.18,161.2,0.2,32.24
1787452200000,2026-08-23T02:30:00Z,161.2,161.21,161.2,161.21,0.17,27.4057
1787452500000,2026-08-23T02:35:00Z,161.21,161.21,161.19,161.19,0.06,9.6714
1787452800000,2026-08-23T02:40:00Z,161.19,161.19,161.19,161.19,0,0
1787453100000,2026-08-23T02:45:00Z,161.19,161.25,161.19,161.25,0.06,9.675
1787453400000,2026-08-23T02:50:00Z,161.25,161.25,161.25,161.25,0,0
1787453700000,2026-08-23T02:55:00Z,161.25,161.25,161.25,161.25,0,0
1787454000000,2026-08-23T03:00:00Z,161.25,161.25,161.25,161.25,0,0
1787454300000,2026-08-23T03:05:00Z,161.25,161.25,161.18,161.18,0.24,38.6832
1787454600000,2026-08-23T03:10:00Z,161.18,161.18,161.18,161.18,0,0
1787454900000,2026-08-23T03:15:00Z,161.18,161.18,161.18,161.18,0.2,32.236
1787455200000,2026-08-23T03:20:00Z,161.18,161.18,161.18,161.18,0,0
1787455500000,2026-08-23T03:25:00Z,161.18,161.18,161.18,161.18,0,0
1787455800000,2026-08-23T03:30:00Z,161.18,161.18,161.18,161.18,0,0
1787456100000,2026-08-23T03:35:00Z,161.18,161.28,161.18,161.28,0.12,19.3536
1787456400000,2026-08-23T03:40:00Z,161.28,161.28,161.28,161.28,0,0
1787456700000,2026-08-23T03:45:00Z,161.28,161.28,161.28,161.28,0,0
1787457000000,2026-08-23T03:50:00Z,161.28,161.28,161.21,161.21,0.1,16.121
1787457300000,2026-08-23T03:55:00Z,161.21,161.26,161.21,161.26,0.23,37.0898
1787457600000,2026-08-23T04:00:00Z,161.26,161.26,161.26,161.26,0,0
1787457900000,2026-08-23T04:05:00Z,161.26,161.26,161.26,161.26,0,0
1787458200000,2026-08-23T04:10:00Z,161.26,161.28,161.26,161.28,0.11,17.7408
1787458500000,2026-08-23T04:15:00Z,161.28,161.28,161.24,161.24,0.06,9.6744
1787458800000,2026-08-23T04:20:00Z,161.24,161.24,161.24,161.24,0,0
1787459100000,2026-08-23T04:25:00Z,161.24,161.28,161.24,161.28,0.23,37.0944
1787459400000,2026-08-23T04:30:00Z,161.28,161.57,161.16,161.57,0.22,35.5003
1787459700000,2026-08-23T04:35:00Z,161.57,161.57,161.41,161.41,0.17,27.4397
1787460000000,2026-08-23T04:40:00Z,161.41,161.41,161.41,161.41,0,0
1787460300000,2026-08-23T04:45:00Z,161.41,161.41,161.4,161.4,0.19,30.666
1787460600000,2026-08-23T04:50:00Z,161.4,161.4,161.4,161.4,0,0
1787460900000,2026-08-23T04:55:00Z,161.4,161.42,161.4,161.42,0.22,35.5124
1787461200000,2026-08-23T05:00:00Z,161.42,161.42,161.41,161.41,0.19,30.6679
1787461500000,2026-08-23T05:05:00Z,161.41,161.41,161.41,161.41,0,0
1787461800000,2026-08-23T05:10:00Z,161.41,161.41,161.41,161.41,0,0
1787462100000,2026-08-23T05:15:00Z,161.41,161.41,161.39,161.39,0.21,33.8919
1787462400000,2026-08-23T05:20:00Z,161.39,161.39,161.39,161.39,0,0
1787462700000,2026-08-23T05:25:00Z,161.39,161.39,161.39,161.39,0,0
1787463000000,2026-08-23T05:30:00Z,161.39,161.39,161.39,161.39,0,0
1787463300000,2026-08-23T05:35:00Z,161.39,161.39,161.37,161.37,0.18,29.0466
1787463600000,2026-08-23T05:40:00Z,161.37,161.38,161.37,161.38,0.16,25.8208
1787463900000,2026-08-23T05:45:00Z,161.38,161.38,161.38,161.38,0,0
1787464200000,2026-08-23T05:50:00Z,161.38,161.96,160.88,161.96,2.64,426.4738
1787464500000,2026-08-23T05:55:00Z,161.96,161.96,161.96,161.96,0,0
1787464800000,2026-08-23T06:00:00Z,161.96,161.96,160.85,160.86,3.16,510.1891
1787465100000,2026-08-23T06:05:00Z,160.86,161.95,160.85,160.85,1.44,232.4339
1787465400000,2026-08-23T06:10:00Z,160.85,161.95,160.03,161.9,1.04,167.4172
1787465700000,2026-08-23T06:15:00Z,161.9,161.9,161.9,161.9,0,0
1787466000000,2026-08-23T06:20:00Z,161.9,161.96,160.03,160.5,2.88,463.7531
1787466300000,2026-08-23T06:25:00Z,160.5,161.95,160.05,160.45,1.6,257.454
1787466600000,2026-08-23T06:30:00Z,160.45,161.95,160.05,161.06,1.26,202.9796
1787466900000,2026-08-23T06:35:00Z,161.06,161.06,161.06,161.06,0.15,24.159
1787467200000,2026-08-23T06:40:00Z,161.06,161.06,161.06,161.06,0,0
1787467500000,2026-08-23T06:45:00Z,161.06,161.95,160.05,161.9,0.2,32.2044
1787467800000,2026-08-23T06:50:00Z,161.9,161.99,160.02,161.21,4.4,707.6922
1787468100000,2026-08-23T06:55:00Z,161.21,161.49,160.51,160.71,2.92,470.0669
1787468400000,2026-08-23T07:00:00Z,160.71,161.96,160.05,160.9,1.22,196.558
1787468700000,2026-08-23T07:05:00Z,160.9,160.94,160.9,160.94,0.51,82.0794
1787469000000,2026-08-23T07:10:00Z,160.94,160.94,160.94,160.94,0.05,8.047
1787469300000,2026-08-23T07:15:00Z,160.94,160.94,160.37,160.94,0.36,57.8552
1787469600000,2026-08-23T07:20:00Z,160.94,160.94,160.38,160.94,0.32,51.4136
1787469900000,2026-08-23T07:25:00Z,160.94,160.94,160.94,160.94,0,0
1787470200000,2026-08-23T07:30:00Z,160.94,160.94,160.94,160.94,0,0
1787470500000,2026-08-23T07:35:00Z,160.94,160.94,160.94,160.94,0,0
1787470800000,2026-08-23T07:40:00Z,160.94,161.05,160.68,161.05,0.4,64.334
1787471100000,2026-08-23T07:45:00Z,161.05,161.2,160.6,161.2,0.34,54.688
1787471400000,2026-08-23T07:50:00Z,161.2,161.2,161.2,161.2,0,0
1787471700000,2026-08-23T07:55:00Z,161.2,161.2,160.9,160.9,0.14,22.526
1787472000000,2026-08-23T08:00:00Z,160.9,160.9,160.9,160.9,0,0
1787472300000,2026-08-23T08:05:00Z,160.9,160.9,160.9,160.9,0,0
1787472600000,2026-08-23T08:10:00Z,160.9,160.94,160.37,160.37,0.4,64.262
1787472900000,2026-08-23T08:15:00Z,160.37,161.99,160.05,160.25,1.21,194.9265
1787473200000,2026-08-23T08:20:00Z,160.25,161.98,160.22,161.91,1.2,193.36
1787473500000,2026-08-23T08:25:00Z,161.91,161.98,160.23,161.06,2.39,384.8552
1787473800000,2026-08-23T08:30:00Z,161.06,161.06,161.06,161.06,0,0
1787474100000,2026-08-23T08:35:00Z,161.06,161.07,161.06,161.07,0.1,16.107
1787474400000,2026-08-23T08:40:00Z,161.07,161.07,161.07,161.07,0,0
1787474700000,2026-08-23T08:45:00Z,161.07,161.07,161.07,161.07,0,0
1787475000000,2026-08-23T08:50:00Z,161.07,161.07,161.05,161.05,0.06,9.663
1787475300000,2026-08-23T08:55:00Z,161.05,161.05,161.01,161.01,0.24,38.6424
1787475600000,2026-08-23T09:00:00Z,161.01,161.35,161.01,161.35,0.34,54.7888
1787475900000,2026-08-23T09:05:00Z,161.35,161.44,160.84,160.84,0.1,16.114
1787476200000,2026-08-23T09:10:00Z,160.84,161.49,160.84,161.49,0.08,12.898
1787476500000,2026-08-23T09:15:00Z,161.49,161.49,161.49,161.49,0,0
1787476800000,2026-08-23T09:20:00Z,161.49,161.49,161.01,161.01,0.24,38.6424
1787477100000,2026-08-23T09:25:00Z,161.01,161.04,161.01,161.04,0.22,35.4288
1787477400000,2026-08-23T09:30:00Z,161.04,161.04,161.03,161.03,0.14,22.5442
1787477700000,2026-08-23T09:35:00Z,161.03,161.03,161.01,161.01,0.13,20.9313
1787478000000,2026-08-23T09:40:00Z,161.01,161.49,160.86,160.86,0.24,38.6764
1787478300000,2026-08-23T09:45:00Z,160.86,160.86,160.86,160.86,0,0
1787478600000,2026-08-23T09:50:00Z,160.86,161.03,160.86,161.03,0.2,32.206
1787478900000,2026-08-23T09:55:00Z,161.03,161.03,161.03,161.03,0,0
1787479200000,2026-08-23T10:00:00Z,161.03,161.06,161.03,161.06,0.14,22.5484
1787479500000,2026-08-23T10:05:00Z,161.06,161.06,161.05,161.05,0.17,27.3785
1787479800000,2026-08-23T10:10:00Z,161.05,161.05,161.05,161.05,0,0
1787480100000,2026-08-23T10:15:00Z,161.05,161.05,161.05,161.05,0,0
1787480400000,2026-08-23T10:20:00Z,161.05,161.05,161.05,161.05,0,0
1787480700000,2026-08-23T10:25:00Z,161.05,161.05,161.05,161.05,0.14,22.547
1787481000000,2026-08-23T10:30:00Z,161.05,161.05,161.05,161.05,0,0
1787481300000,2026-08-23T10:35:00Z,161.05,161.05,161.05,161.05,0,0
1787481600000,2026-08-23T10:40:00Z,161.05,161.05,161.02,161.02,0.07,11.2714
1787481900000,2026-08-23T10:45:00Z,161.02,161.02,161.02,161.02,0,0
1787482200000,2026-08-23T10:50:00Z,161.02,161.02,161.02,161.02,0,0
1787482500000,2026-08-23T10:55:00Z,161.02,161.03,161.02,161.03,0.08,12.8824
1787482800000,2026-08-23T11:00:00Z,161.03,162.04,160.44,160.83,8.28,1334.1562
1787483100000,2026-08-23T11:05:00Z,160.83,162,160.5,161.39,3.6,580.403
1787483400000,2026-08-23T11:10:00Z,161.39,161.6,160.65,161.5,4.77,769.1006
1787483700000,2026-08-23T11:15:00Z,161.5,161.5,161.5,161.5,0,0
1787484000000,2026-08-23T11:20:00Z,161.5,161.5,161.12,161.12,0.12,19.3344
1787484300000,2026-08-23T11:25:00Z,161.12,161.59,161.12,161.12,0.24,38.7252
1787484600000,2026-08-23T11:30:00Z,161.12,162.04,161.12,162.04,0.67,108.5618
1787484900000,2026-08-23T11:35:00Z,162.04,162.04,161.6,161.6,0.09,14.544
1787485200000,2026-08-23T11:40:00Z,161.6,161.6,161.6,161.6,0,0
1787485500000,2026-08-23T11:45:00Z,161.6,161.6,161.6,161.6,0,0
1787485800000,2026-08-23T11:50:00Z,161.6,161.6,161.6,161.6,0,0
1787486100000,2026-08-23T11:55:00Z,161.6,161.6,161.2,161.2,0.07,11.284
1787486400000,2026-08-23T12:00:00Z,161.2,161.2,161.16,161.16,0.13,20.9508
1787486700000,2026-08-23T12:05:00Z,161.16,161.62,160.81,160.81,0.16,25.7896
1787487000000,2026-08-23T12:10:00Z,160.81,160.81,160.81,160.81,0,0
1787487300000,2026-08-23T12:15:00Z,160.81,161.7,160.81,160.81,0.32,51.6084
1787487600000,2026-08-23T12:20:00Z,160.81,161.64,160.81,160.83,0.08,12.8988
1787487900000,2026-08-23T12:25:00Z,160.83,161.72,160.83,160.84,0.32,51.6096
1787488200000,2026-08-23T12:30:00Z,160.84,160.84,160.84,160.84,0,0
1787488500000,2026-08-23T12:35:00Z,160.84,160.84,160.84,160.84,0,0
1787488800000,2026-08-23T12:40:00Z,160.84,160.84,160.84,160.84,0,0
1787489100000,2026-08-23T12:45:00Z,160.84,160.84,160.84,160.84,0,0
1787489400000,2026-08-23T12:50:00Z,160.84,160.84,160.84,160.84,0,0
1787489700000,2026-08-23T12:55:00Z,160.84,161.2,160.84,161.2,0.08,12.896
1787490000000,2026-08-23T13:00:00Z,161.2,161.2,161.16,161.16,0.18,29.0088
1787490300000,2026-08-23T13:05:00Z,161.16,161.16,161.16,161.16,0,0
1787490600000,2026-08-23T13:10:00Z,161.16,161.7,160.81,160.81,0.64,103.198
1787490900000,2026-08-23T13:15:00Z,160.81,160.81,160.81,160.81,0,0
1787491200000,2026-08-23T13:20:00Z,160.81,160.81,160.81,160.81,0,0
1787491500000,2026-08-23T13:25:00Z,160.81,161.26,160.81,161.26,0.33,53.2158
1787491800000,2026-08-23T13:30:00Z,161.26,161.26,161.26,161.26,0,0
1787492100000,2026-08-23T13:35:00Z,161.26,161.26,160.9,160.9,1.19,191.7456
1787492400000,2026-08-23T13:40:00Z,160.9,161.5,160.85,161.5,0.08,12.894
1787492700000,2026-08-23T13:45:00Z,161.5,161.5,161.5,161.5,0,0
1787493000000,2026-08-23T13:50:00Z,161.5,161.5,161.26,161.26,0.09,14.5134
1787493300000,2026-08-23T13:55:00Z,161.26,161.26,161.19,161.19,0.06,9.6714
1787493600000,2026-08-23T14:00:00Z,161.19,161.19,161.19,161.19,0,0
1787493900000,2026-08-23T14:05:00Z,161.19,161.27,161.19,161.27,0.15,24.1905
1787494200000,2026-08-23T14:10:00Z,161.27,161.27,161.21,161.21,0.56,90.2776
1787494500000,2026-08-23T14:15:00Z,161.21,161.21,161.21,161.21,0,0
1787494800000,2026-08-23T14:20:00Z,161.21,161.24,161.21,161.24,0.21,33.8604
1787495100000,2026-08-23T14:25:00Z,161.24,161.24,161.18,161.18,0.23,37.0714
1787495400000,2026-08-23T14:30:00Z,161.18,161.21,161.18,161.21,0.1,16.121
1787495700000,2026-08-23T14:35:00Z,161.21,161.21,161.21,161.21,0,0
1787496000000,2026-08-23T14:40:00Z,161.21,161.21,161.21,161.21,0,0
1787496300000,2026-08-23T14:45:00Z,161.21,161.22,161.21,161.22,0.09,14.5098
1787496600000,2026-08-23T14:50:00Z,161.22,161.55,161.17,161.55,0.2,32.272
1787496900000,2026-08-23T14:55:00Z,161.55,161.55,161.55,161.55,0,0
1787497200000,2026-08-23T15:00:00Z,161.55,161.55,161.55,161.55,0,0
1787497500000,2026-08-23T15:05:00Z,161.55,161.55,161.55,161.55,0,0
1787497800000,2026-08-23T15:10:00Z,161.55,161.55,161.17,161.17,0.2,32.234
1787498100000,2026-08-23T15:15:00Z,161.17,161.26,161.17,161.26,0.06,9.6756
1787498400000,2026-08-23T15:20:00Z,161.26,161.26,161.26,161.26,0,0
1787498700000,2026-08-23T15:25:00Z,161.26,161.26,161.19,161.19,0.09,14.5071
1787499000000,2026-08-23T15:30:00Z,161.19,161.52,160.88,160.88,0.08,12.896
1787499300000,2026-08-23T15:35:00Z,160.88,161.24,160.88,161.24,0.18,29.0232
1787499600000,2026-08-23T15:40:00Z,161.24,161.26,161.24,161.26,0.17,27.4142
1787499900000,2026-08-23T15:45:00Z,161.26,161.26,161.21,161.21,0.12,19.3452
1787500200000,2026-08-23T15:50:00Z,161.21,161.21,161.21,161.21,0,0
1787500500000,2026-08-23T15:55:00Z,161.21,161.21,161.21,161.21,0,0
1787500800000,2026-08-23T16:00:00Z,161.21,161.44,160.81,160.81,0.25,40.2909
1787501100000,2026-08-23T16:05:00Z,160.81,160.81,160.81,160.81,0,0
1787501400000,2026-08-23T16:10:00Z,160.81,161.5,160.81,161.5,0.32,51.5792
1787501700000,2026-08-23T16:15:00Z,161.5,161.5,161.5,161.5,0,0
1787502000000,2026-08-23T16:20:00Z,161.5,161.5,161.25,161.25,0.11,17.7375
1787502300000,2026-08-23T16:25:00Z,161.25,161.25,161.25,161.25,0,0
1787502600000,2026-08-23T16:30:00Z,161.25,161.26,161.25,161.26,0.19,30.6394
1787502900000,2026-08-23T16:35:00Z,161.26,161.26,161.23,161.23,0.12,19.3476
1787503200000,2026-08-23T16:40:00Z,161.23,161.23,161.22,161.22,0.14,22.5708
1787503500000,2026-08-23T16:45:00Z,161.22,161.22,161.22,161.22,0,0
1787503800000,2026-08-23T16:50:00Z,161.22,161.23,161.22,161.23,0.15,24.1845
1787504100000,2026-08-23T16:55:00Z,161.23,161.25,161.23,161.25,0.21,33.8625
1787504400000,2026-08-23T17:00:00Z,161.25,161.25,161.25,161.25,0,0
1787504700000,2026-08-23T17:05:00Z,161.25,161.25,161.19,161.19,0.13,20.9547
1787505000000,2026-08-23T17:10:00Z,161.19,161.19,161.19,161.19,0.08,12.8952
1787505300000,2026-08-23T17:15:00Z,161.19,161.25,161.19,161.25,0.13,20.9625
1787505600000,2026-08-23T17:20:00Z,161.25,161.25,161.25,161.25,0,0
1787505900000,2026-08-23T17:25:00Z,161.25,161.25,161.25,161.25,0,0
1787506200000,2026-08-23T17:30:00Z,161.25,161.25,161.25,161.25,0,0
1787506500000,2026-08-23T17:35:00Z,161.25,161.25,161.21,161.21,0.7,112.847
1787506800000,2026-08-23T17:40:00Z,161.21,161.21,161.21,161.21,0.08,12.8968
1787507100000,2026-08-23T17:45:00Z,161.21,161.21,161.21,161.21,0,0
1787507400000,2026-08-23T17:50:00Z,161.21,161.21,161.21,161.21,0,0
1787507700000,2026-08-23T17:55:00Z,161.21,161.21,161.21,161.21,0,0
1787508000000,2026-08-23T18:00:00Z,161.21,161.21,161.2,161.2,0.19,30.628
1787508300000,2026-08-23T18:05:00Z,161.2,161.24,161.2,161.24,0.06,9.6744
1787508600000,2026-08-23T18:10:00Z,161.24,161.24,161.24,161.24,0,0
1787508900000,2026-08-23T18:15:00Z,161.24,161.48,160.81,160.81,0.08,12.8916
1787509200000,2026-08-23T18:20:00Z,160.81,161.45,160.81,161.05,0.24,38.7
1787509500000,2026-08-23T18:25:00Z,161.05,161.05,161.05,161.05,0,0
1787509800000,2026-08-23T18:30:00Z,161.05,161.53,160.82,160.82,0.5,80.5835
1787510100000,2026-08-23T18:35:00Z,160.82,160.82,160.82,160.82,0,0
1787510400000,2026-08-23T18:40:00Z,160.82,160.82,160.82,160.82,0,0
1787510700000,2026-08-23T18:45:00Z,160.82,160.82,160.82,160.82,0,0
1787511000000,2026-08-23T18:50:00Z,160.82,161.17,160.82,161.17,0.13,20.9521
1787511300000,2026-08-23T18:55:00Z,161.17,161.17,161.17,161.17,0,0
1787511600000,2026-08-23T19:00:00Z,161.17,161.17,161.17,161.17,0,0
1787511900000,2026-08-23T19:05:00Z,161.17,161.26,161.17,161.26,0.12,19.3512
1787512200000,2026-08-23T19:10:00Z,161.26,161.26,161.22,161.22,0.24,38.6928
1787512500000,2026-08-23T19:15:00Z,161.22,161.27,161.22,161.27,0.16,25.8032
1787512800000,2026-08-23T19:20:00Z,161.27,161.27,161.27,161.27,0,0
1787513100000,2026-08-23T19:25:00Z,161.27,161.27,161.24,161.24,0.23,37.0852
1787513400000,2026-08-23T19:30:00Z,161.24,161.24,161.24,161.24,0,0
1787513700000,2026-08-23T19:35:00Z,161.24,161.24,161.24,161.24,0,0
1787514000000,2026-08-23T19:40:00Z,161.24,161.24,161.24,161.24,0,0
1787514300000,2026-08-23T19:45:00Z,161.24,161.24,161.22,161.22,0.16,25.7952
1787514600000,2026-08-23T19:50:00Z,161.22,161.23,161.22,161.23,0.13,20.9599
1787514900000,2026-08-23T19:55:00Z,161.23,161.23,161.23,161.23,0,0
1787515200000,2026-08-23T20:00:00Z,161.23,161.23,161.23,161.23,0,0
1787515500000,2026-08-23T20:05:00Z,161.23,161.23,161.23,161.23,0,0
1787515800000,2026-08-23T20:10:00Z,161.23,161.23,161.18,161.18,0.15,24.177
1787516100000,2026-08-23T20:15:00Z,161.18,161.26,161.18,161.26,0.08,12.9008
1787516400000,2026-08-23T20:20:00Z,161.26,161.26,161.23,161.23,0.21,33.8583
1787516700000,2026-08-23T20:25:00Z,161.23,161.23,161.23,161.23,0,0
1787517000000,2026-08-23T20:30:00Z,161.23,161.23,161.18,161.18,0.23,37.0714
1787517300000,2026-08-23T20:35:00Z,161.18,161.18,161.18,161.18,0,0
1787517600000,2026-08-23T20:40:00Z,161.18,161.18,161.18,161.18,0,0
1787517900000,2026-08-23T20:45:00Z,161.18,161.21,161.18,161.21,0.09,14.5089
1787518200000,2026-08-23T20:50:00Z,161.21,161.23,161.21,161.23,0.23,37.0829
1787518500000,2026-08-23T20:55:00Z,161.23,161.23,161.23,161.23,0,0
1787518800000,2026-08-23T21:00:00Z,161.23,161.23,161.23,161.23,0,0
1787519100000,2026-08-23T21:05:00Z,161.23,161.23,161.23,161.23,0,0
1787519400000,2026-08-23T21:10:00Z,161.23,161.23,161.23,161.23,0.07,11.2861
1787519700000,2026-08-23T21:15:00Z,161.23,161.23,161.18,161.18,0.2,32.236
1787520000000,2026-08-23T21:20:00Z,161.18,161.18,161.18,161.18,0,0
1787520300000,2026-08-23T21:25:00Z,161.18,161.18,160.79,160.79,0.35,56.2903
1787520600000,2026-08-23T21:30:00Z,160.79,160.79,160.79,160.79,0,0
1787520900000,2026-08-23T21:35:00Z,160.79,160.79,160.79,160.79,0,0
1787521200000,2026-08-23T21:40:00Z,160.79,160.79,160.79,160.79,0,0
1787521500000,2026-08-23T21:45:00Z,160.79,161.66,160.44,161.66,0.61,98.3476
1787521800000,2026-08-23T21:50:00Z,161.66,161.66,161.66,161.66,0,0
1787522100000,2026-08-23T21:55:00Z,161.66,161.66,161.66,161.66,0,0
1787522400000,2026-08-23T22:00:00Z,161.66,161.66,161.66,161.66,0,0
1787522700000,2026-08-23T22:05:00Z,161.66,161.66,160.46,161.39,0.98,158.0345
1787523000000,2026-08-23T22:10:00Z,161.39,161.39,160.49,160.49,0.54,86.6646
1787523300000,2026-08-23T22:15:00Z,160.49,160.49,160.49,160.49,0,0
1787523600000,2026-08-23T22:20:00Z,160.49,160.49,160.49,160.49,0,0
1787523900000,2026-08-23T22:25:00Z,160.49,160.75,160.46,160.46,0.84,134.8444
1787524200000,2026-08-23T22:30:00Z,160.46,161.37,160.46,161.37,0.24,38.6216
1787524500000,2026-08-23T22:35:00Z,161.37,161.37,161.37,161.37,0,0
1787524800000,2026-08-23T22:40:00Z,161.37,161.37,161.37,161.37,0,0
1787525100000,2026-08-23T22:45:00Z,161.37,161.37,161.37,161.37,0,0
1787525400000,2026-08-23T22:50:00Z,161.37,161.37,160.61,160.61,0.12,19.2732
1787525700000,2026-08-23T22:55:00Z,160.61,160.98,160.61,160.98,0.23,37.0254
1787526000000,2026-08-23T23:00:00Z,160.98,160.98,160.56,160.56,0.09,14.4504
1787526300000,2026-08-23T23:05:00Z,160.56,160.69,160.56,160.69,0.23,36.9587
1787526600000,2026-08-23T23:10:00Z,160.69,161.37,160.69,161.37,0.38,61.2028
1787526900000,2026-08-23T23:15:00Z,161.37,161.37,160.8,160.8,0.14,22.512
1787527200000,2026-08-23T23:20:00Z,160.8,160.8,160.8,160.8,0,0
1787527500000,2026-08-23T23:25:00Z,160.8,160.8,160.79,160.79,0.13,20.9027
1787527800000,2026-08-23T23:30:00Z,160.79,161.35,160.79,161.35,0.1,16.135
1787528100000,2026-08-23T23:35:00Z,161.35,161.35,161.35,161.35,0,0
1787528400000,2026-08-23T23:40:00Z,161.35,161.35,161.35,161.35,0,0
1787528700000,2026-08-23T23:45:00Z,161.35,161.35,160.76,160.76,0.2,32.152
1787529000000,2026-08-23T23:50:00Z,160.76,160.76,160.76,160.76,0,0
1787529300000,2026-08-23T23:55:00Z,160.76,161.32,160.67,161.32,0.32,51.5184
1787529600000,2026-08-24T00:00:00Z,161.32,161.32,161.31,161.31,0.64,103.2384
1787529900000,2026-08-24T00:05:00Z,161.31,161.39,161.31,161.39,0.18,29.0502
1787530200000,2026-08-24T00:10:00Z,161.39,161.39,160.7,161.15,0.62,99.9004
1787530500000,2026-08-24T00:15:00Z,161.15,161.35,161.15,161.35,0.13,20.9755
1787530800000,2026-08-24T00:20:00Z,161.35,161.35,161.35,161.35,0,0
1787531100000,2026-08-24T00:25:00Z,161.35,161.35,161.35,161.35,0,0
1787531400000,2026-08-24T00:30:00Z,161.35,161.35,161.35,161.35,0,0
1787531700000,2026-08-24T00:35:00Z,161.35,161.35,160.63,160.63,0.09,14.4567
1787532000000,2026-08-24T00:40:00Z,160.63,160.68,160.46,160.46,2.11,338.9501
1787532300000,2026-08-24T00:45:00Z,160.46,161.39,160.45,160.56,3.8,610.9301
1787532600000,2026-08-24T00:50:00Z,160.56,160.63,160.56,160.63,0.13,20.8819
1787532900000,2026-08-24T00:55:00Z,160.63,160.63,160.44,160.44,1.11,178.1062
1787533200000,2026-08-24T01:00:00Z,160.44,160.44,160.44,160.44,0,0
1787533500000,2026-08-24T01:05:00Z,160.44,160.44,160.44,160.44,0,0
1787533800000,2026-08-24T01:10:00Z,160.44,160.65,160.44,160.65,0.09,14.4585
1787534100000,2026-08-24T01:15:00Z,160.65,160.66,160.65,160.66,0.18,28.9188
1787534400000,2026-08-24T01:20:00Z,160.66,160.66,160.59,160.59,0.08,12.8472
1787534700000,2026-08-24T01:25:00Z,160.59,160.59,160.59,160.59,0,0
1787535000000,2026-08-24T01:30:00Z,160.59,160.59,160.57,160.57,0.15,24.0855
1787535300000,2026-08-24T01:35:00Z,160.57,160.69,160.57,160.69,0.07,11.2483
1787535600000,2026-08-24T01:40:00Z,160.69,160.69,160.69,160.69,0,0
1787535900000,2026-08-24T01:45:00Z,160.69,160.69,160.69,160.69,0,0
1787536200000,2026-08-24T01:50:00Z,160.69,160.69,160.69,160.69,0,0
1787536500000,2026-08-24T01:55:00Z,160.69,160.7,160.69,160.7,0.09,14.463
1787536800000,2026-08-24T02:00:00Z,160.7,160.7,160.66,160.66,0.12,19.2792
1787537100000,2026-08-24T02:05:00Z,160.66,160.66,160.66,160.66,0.1,16.066
1787537400000,2026-08-24T02:10:00Z,160.66,160.66,160.66,160.66,0,0
1787537700000,2026-08-24T02:15:00Z,160.66,160.66,160.59,160.59,0.12,19.2708
1787538000000,2026-08-24T02:20:00Z,160.59,160.78,160.59,160.78,0.13,20.9014
1787538300000,2026-08-24T02:25:00Z,160.78,160.78,160.72,160.72,0.13,20.8936
1787538600000,2026-08-24T02:30:00Z,160.72,160.72,160.72,160.72,0,0
1787538900000,2026-08-24T02:35:00Z,160.72,160.72,160.72,160.72,0,0
1787539200000,2026-08-24T02:40:00Z,160.72,160.72,160.72,160.72,0,0
1787539500000,2026-08-24T02:45:00Z,160.72,160.72,160.64,160.64,0.06,9.6384
1787539800000,2026-08-24T02:50:00Z,160.64,160.64,160.64,160.64,0,0
1787540100000,2026-08-24T02:55:00Z,160.64,160.64,160.64,160.64,0,0
1787540400000,2026-08-24T03:00:00Z,160.64,160.64,160.64,160.64,0,0
1787540700000,2026-08-24T03:05:00Z,160.64,160.64,160.61,160.61,0.07,11.2427
1787541000000,2026-08-24T03:10:00Z,160.61,160.7,160.61,160.7,0.08,12.856
1787541300000,2026-08-24T03:15:00Z,160.7,160.7,160.67,160.67,0.09,14.4603
1787541600000,2026-08-24T03:20:00Z,160.67,160.79,160.53,160.79,0.4,64.264
1787541900000,2026-08-24T03:25:00Z,160.79,160.79,160.46,160.74,0.36,57.816
1787542200000,2026-08-24T03:30:00Z,160.74,160.74,160.48,160.48,0.11,17.6528
1787542500000,2026-08-24T03:35:00Z,160.48,160.48,160.36,160.36,1.54,247.0194
1787542800000,2026-08-24T03:40:00Z,160.36,160.36,160.36,160.36,0,0
1787543100000,2026-08-24T03:45:00Z,160.36,160.36,160.25,160.25,0.5,80.1272
1787543400000,2026-08-24T03:50:00Z,160.25,160.25,160.25,160.25,0,0
1787543700000,2026-08-24T03:55:00Z,160.25,160.65,159.2,160.1,8.36,1336.9833
1787544000000,2026-08-24T04:00:00Z,160.1,160.75,159.19,159.8,3.98,636.6682
1787544300000,2026-08-24T04:05:00Z,159.8,159.8,159.8,159.8,0,0
1787544600000,2026-08-24T04:10:00Z,159.8,159.8,159.55,159.55,0.04,6.382
1787544900000,2026-08-24T04:15:00Z,159.55,159.55,159.55,159.55,0,0
1787545200000,2026-08-24T04:20:00Z,159.55,159.55,159.55,159.55,0,0
1787545500000,2026-08-24T04:25:00Z,159.55,159.55,159.55,159.55,0,0
1787545800000,2026-08-24T04:30:00Z,159.55,159.55,159.55,159.55,0,0
1787546100000,2026-08-24T04:35:00Z,159.55,159.71,159.55,159.71,0.23,36.7333
1787546400000,2026-08-24T04:40:00Z,159.71,159.71,159.71,159.71,0,0
1787546700000,2026-08-24T04:45:00Z,159.71,160.25,159.71,160.02,0.78,124.7274
1787547000000,2026-08-24T04:50:00Z,160.02,160.04,159.67,159.67,0.62,99.0398
1787547300000,2026-08-24T04:55:00Z,159.67,159.67,159.67,159.67,0,0
1787547600000,2026-08-24T05:00:00Z,159.67,159.67,159.67,159.67,0,0
1787547900000,2026-08-24T05:05:00Z,159.67,159.89,159.67,159.89,0.08,12.7912
1787548200000,2026-08-24T05:10:00Z,159.89,159.89,159.89,159.89,0,0
1787548500000,2026-08-24T05:15:00Z,159.89,159.89,159.89,159.89,0,0
1787548800000,2026-08-24T05:20:00Z,159.89,159.89,159.89,159.89,0,0
1787549100000,2026-08-24T05:25:00Z,159.89,160.25,159.89,160.25,0.07,11.2175
1787549400000,2026-08-24T05:30:00Z,160.25,160.25,160.1,160.1,0.08,12.808
1787549700000,2026-08-24T05:35:00Z,160.1,160.1,160.1,160.1,0,0
1787550000000,2026-08-24T05:40:00Z,160.1,160.1,160.1,160.1,0,0
1787550300000,2026-08-24T05:45:00Z,160.1,160.1,160.1,160.1,0,0
1787550600000,2026-08-24T05:50:00Z,160.1,160.1,159.76,159.76,0.06,9.5856
1787550900000,2026-08-24T05:55:00Z,159.76,159.76,159.76,159.76,0,0
1787551200000,2026-08-24T06:00:00Z,159.76,159.76,159.76,159.76,0,0
1787551500000,2026-08-24T06:05:00Z,159.76,159.76,159.76,159.76,0,0
1787551800000,2026-08-24T06:10:00Z,159.76,160.34,159.76,160.34,0.36,57.6684
1787552100000,2026-08-24T06:15:00Z,160.34,160.34,160.34,160.34,0,0
1787552400000,2026-08-24T06:20:00Z,160.34,160.34,160.34,160.34,0,0
1787552700000,2026-08-24T06:25:00Z,160.34,160.34,160.24,160.24,0.12,19.2288
1787553000000,2026-08-24T06:30:00Z,160.24,160.24,159.76,159.76,0.2,31.952
1787553300000,2026-08-24T06:35:00Z,159.76,159.8,159.76,159.8,0.07,11.186
1787553600000,2026-08-24T06:40:00Z,159.8,159.8,159.62,159.62,0.12,19.1544
1787553900000,2026-08-24T06:45:00Z,159.62,159.62,159.62,159.62,0,0
1787554200000,2026-08-24T06:50:00Z,159.62,159.62,159.62,159.62,0,0
1787554500000,2026-08-24T06:55:00Z,159.62,160.14,159.56,160.14,0.44,70.334
1787554800000,2026-08-24T07:00:00Z,160.14,160.14,160.14,160.14,0,0
1787555100000,2026-08-24T07:05:00Z,160.14,160.14,159.79,159.79,0.22,35.1538
1787555400000,2026-08-24T07:10:00Z,159.79,159.79,159.79,159.79,0,0
1787555700000,2026-08-24T07:15:00Z,159.79,159.79,159.79,159.79,0,0
1787556000000,2026-08-24T07:20:00Z,159.79,159.79,159.79,159.79,0,0
1787556300000,2026-08-24T07:25:00Z,159.79,159.9,159.71,159.9,2.69,430.0898
1787556600000,2026-08-24T07:30:00Z,159.9,159.9,159.9,159.9,0,0
1787556900000,2026-08-24T07:35:00Z,159.9,159.9,159.9,159.9,0,0
1787557200000,2026-08-24T07:40:00Z,159.9,159.9,159.9,159.9,0,0
1787557500000,2026-08-24T07:45:00Z,159.9,159.9,159.9,159.9,0,0
1787557800000,2026-08-24T07:50:00Z,159.9,160.18,159.9,160.18,0.21,33.6378
1787558100000,2026-08-24T07:55:00Z,160.18,160.18,160.02,160.02,0.13,20.8026
1787558400000,2026-08-24T08:00:00Z,160.02,160.03,160.02,160.03,1,160.025
1787558700000,2026-08-24T08:05:00Z,160.03,160.32,160.03,160.32,0.23,36.8736
1787559000000,2026-08-24T08:10:00Z,160.32,160.32,160.32,160.32,0,0
1787559300000,2026-08-24T08:15:00Z,160.32,160.32,160.32,160.32,0,0
1787559600000,2026-08-24T08:20:00Z,160.32,160.33,160.32,160.33,0.04,6.4132
1787559900000,2026-08-24T08:25:00Z,160.33,160.33,160.33,160.33,0,0
1787560200000,2026-08-24T08:30:00Z,160.33,160.33,160.33,160.33,0,0
1787560500000,2026-08-24T08:35:00Z,160.33,160.33,160.33,160.33,0,0
1787560800000,2026-08-24T08:40:00Z,160.33,160.33,160.33,160.33,0,0
1787561100000,2026-08-24T08:45:00Z,160.33,160.33,160.32,160.32,0.13,20.8416
1787561400000,2026-08-24T08:50:00Z,160.32,160.32,160.32,160.32,0,0
1787561700000,2026-08-24T08:55:00Z,160.32,160.32,160.27,160.27,0.21,33.6567
1787562000000,2026-08-24T09:00:00Z,160.27,160.27,160.14,160.14,0.05,8.007
1787562300000,2026-08-24T09:05:00Z,160.14,161.73,160.14,161.57,9.26,1491.964
1787562600000,2026-08-24T09:10:00Z,161.57,161.57,161.57,161.57,0,0
1787562900000,2026-08-24T09:15:00Z,161.57,161.57,161.57,161.57,0,0
1787563200000,2026-08-24T09:20:00Z,161.57,161.57,161.16,161.42,0.12,19.3548
1787563500000,2026-08-24T09:25:00Z,161.42,161.42,161.42,161.42,0,0
1787563800000,2026-08-24T09:30:00Z,161.42,161.42,161.42,161.42,0,0
1787564100000,2026-08-24T09:35:00Z,161.42,161.42,161.16,161.16,0.16,25.7856
1787564400000,2026-08-24T09:40:00Z,161.16,161.16,161.16,161.16,0,0
1787564700000,2026-08-24T09:45:00Z,161.16,161.37,161.16,161.37,0.21,33.8877
1787565000000,2026-08-24T09:50:00Z,161.37,161.45,161.37,161.45,0.14,22.603
1787565300000,2026-08-24T09:55:00Z,161.45,161.45,161.45,161.45,0,0
1787565600000,2026-08-24T10:00:00Z,161.45,161.46,161.19,161.46,0.32,51.624
1787565900000,2026-08-24T10:05:00Z,161.46,161.46,161.46,161.46,0,0
1787566200000,2026-08-24T10:10:00Z,161.46,161.46,161.25,161.25,0.11,17.7375
1787566500000,2026-08-24T10:15:00Z,161.25,161.27,161.25,161.27,0.12,19.3524
1787566800000,2026-08-24T10:20:00Z,161.27,161.42,161.27,161.42,0.26,41.951
1787567100000,2026-08-24T10:25:00Z,161.42,161.42,161.29,161.29,0.08,12.9032
1787567400000,2026-08-24T10:30:00Z,161.29,161.29,161.29,161.29,0,0
1787567700000,2026-08-24T10:35:00Z,161.29,161.29,161.29,161.29,0,0
1787568000000,2026-08-24T10:40:00Z,161.29,161.29,161.29,161.29,0,0
1787568300000,2026-08-24T10:45:00Z,161.29,161.42,161.29,161.42,0.1,16.142
1787568600000,2026-08-24T10:50:00Z,161.42,161.44,161.42,161.44,0.07,11.3008
1787568900000,2026-08-24T10:55:00Z,161.44,161.44,161.44,161.44,0,0
1787569200000,2026-08-24T11:00:00Z,161.44,161.44,161.29,161.29,0.23,37.0967
1787569500000,2026-08-24T11:05:00Z,161.29,161.29,161.27,161.27,0.04,6.4508
1787569800000,2026-08-24T11:10:00Z,161.27,161.27,161.27,161.27,0,0
1787570100000,2026-08-24T11:15:00Z,161.27,161.27,161.27,161.27,0,0
1787570400000,2026-08-24T11:20:00Z,161.27,161.27,161.27,161.27,0,0
1787570700000,2026-08-24T11:25:00Z,161.27,161.27,159.6,160.41,9.67,1548.1024
1787571000000,2026-08-24T11:30:00Z,160.41,161,159.8,159.81,1.65,264.3989
1787571300000,2026-08-24T11:35:00Z,159.81,159.81,159.81,159.81,0,0
1787571600000,2026-08-24T11:40:00Z,159.81,160.52,159.81,160.2,0.32,51.3152
1787571900000,2026-08-24T11:45:00Z,160.2,160.33,160.2,160.33,0.23,36.8759
1787572200000,2026-08-24T11:50:00Z,160.33,160.36,160.25,160.36,0.19,30.4541
1787572500000,2026-08-24T11:55:00Z,160.36,160.38,160.2,160.2,0.16,25.6464
1787572800000,2026-08-24T12:00:00Z,160.2,160.25,160.2,160.25,0.1,16.025
1787573100000,2026-08-24T12:05:00Z,160.25,160.25,160.25,160.25,0,0
1787573400000,2026-08-24T12:10:00Z,160.25,160.25,160.15,160.15,0.58,92.8928
1787573700000,2026-08-24T12:15:00Z,160.15,160.29,160.06,160.06,0.9,144.1419
1787574000000,2026-08-24T12:20:00Z,160.06,160.06,159.8,159.8,0.9,143.8896
1787574300000,2026-08-24T12:25:00Z,159.8,159.8,159.8,159.8,0,0
1787574600000,2026-08-24T12:30:00Z,159.8,159.8,159.8,159.8,0,0
1787574900000,2026-08-24T12:35:00Z,159.8,159.91,159.8,159.91,0.21,33.5811
1787575200000,2026-08-24T12:40:00Z,159.91,159.91,159.91,159.91,0,0
1787575500000,2026-08-24T12:45:00Z,159.91,159.91,159.91,159.91,0,0
1787575800000,2026-08-24T12:50:00Z,159.91,159.91,159.91,159.91,0,0
1787576100000,2026-08-24T12:55:00Z,159.91,160.17,159.91,160.17,0.13,20.8221
1787576400000,2026-08-24T13:00:00Z,160.17,160.17,160.17,160.17,0,0
1787576700000,2026-08-24T13:05:00Z,160.17,160.17,160.17,160.17,0,0
1787577000000,2026-08-24T13:10:00Z,160.17,160.17,160.17,160.17,0,0
1787577300000,2026-08-24T13:15:00Z,160.17,160.36,159.56,159.56,0.26,41.5896
1787577600000,2026-08-24T13:20:00Z,159.56,159.59,159.51,159.51,0.57,90.9439
1787577900000,2026-08-24T13:25:00Z,159.51,160.27,159.51,160.27,0.15,23.9976
1787578200000,2026-08-24T13:30:00Z,160.27,160.27,156.2,156.2,69.76,11047.9555
1787578500000,2026-08-24T13:35:00Z,156.2,156.2,153.83,154.44,32.16,4990.1105
1787578800000,2026-08-24T13:40:00Z,154.44,154.44,152.99,152.99,0.61,93.5938
1787579100000,2026-08-24T13:45:00Z,152.99,154.44,152.47,154.44,1.11,169.8178
1787579400000,2026-08-24T13:50:00Z,154.44,154.44,153.81,153.81,0.71,109.2057
1787579700000,2026-08-24T13:55:00Z,153.81,154.44,153.81,154.44,0.71,109.462
1787580000000,2026-08-24T14:00:00Z,154.44,154.44,152.73,152.73,1.67,256.2143
1787580300000,2026-08-24T14:05:00Z,152.73,152.92,152.73,152.92,4.22,645.3224
1787580600000,2026-08-24T14:10:00Z,152.92,152.92,152.92,152.92,0,0
1787580900000,2026-08-24T14:15:00Z,152.92,152.92,152.29,152.82,0.85,129.8745
1787581200000,2026-08-24T14:20:00Z,152.82,152.91,152.36,152.43,4.55,694.5567
1787581500000,2026-08-24T14:25:00Z,152.43,152.43,152.08,152.08,2.19,333.435
1787581800000,2026-08-24T14:30:00Z,152.08,152.08,151.11,151.52,10.17,1539.9149
1787582100000,2026-08-24T14:35:00Z,151.52,152.29,151.52,152.29,0.06,9.1284
1787582400000,2026-08-24T14:40:00Z,152.29,152.29,152.29,152.29,0,0
1787582700000,2026-08-24T14:45:00Z,152.29,152.29,152.26,152.29,1.29,196.4304
1787583000000,2026-08-24T14:50:00Z,152.29,152.38,152.29,152.38,0.35,53.333
1787583300000,2026-08-24T14:55:00Z,152.38,152.6,152.38,152.6,0.31,47.3032
1787583600000,2026-08-24T15:00:00Z,152.6,152.6,152.14,152.14,0.5,76.0942
1787583900000,2026-08-24T15:05:00Z,152.14,152.14,151.99,151.99,0.22,33.4378
1787584200000,2026-08-24T15:10:00Z,151.99,151.99,151.69,151.69,0.1,15.169
1787584500000,2026-08-24T15:15:00Z,151.69,151.69,151.69,151.69,0,0
1787584800000,2026-08-24T15:20:00Z,151.69,151.72,151.45,151.72,0.43,65.2018
1787585100000,2026-08-24T15:25:00Z,151.72,152.04,151.72,151.82,3.24,492.5222
1787585400000,2026-08-24T15:30:00Z,151.82,152.16,151.51,152,1.88,285.1369
1787585700000,2026-08-24T15:35:00Z,152,152,152,152,0,0
1787586000000,2026-08-24T15:40:00Z,152,152,151.85,151.85,0.05,7.5925
1787586300000,2026-08-24T15:45:00Z,151.85,151.85,151.78,151.8,1.06,160.8974
1787586600000,2026-08-24T15:50:00Z,151.8,151.8,151.8,151.8,0,0
1787586900000,2026-08-24T15:55:00Z,151.8,151.8,151.8,151.8,0,0
1787587200000,2026-08-24T16:00:00Z,151.8,152.31,151.8,152.31,6.65,1012.7767
1787587500000,2026-08-24T16:05:00Z,152.31,152.31,152.31,152.31,0,0
1787587800000,2026-08-24T16:10:00Z,152.31,152.31,151.69,151.69,0.03,4.5507
1787588100000,2026-08-24T16:15:00Z,151.69,151.69,151.69,151.69,0.71,107.6999
1787588400000,2026-08-24T16:20:00Z,151.69,152.21,151.69,152.21,1.41,214.5391
1787588700000,2026-08-24T16:25:00Z,152.21,152.21,152,152,0.19,28.88
1787589000000,2026-08-24T16:30:00Z,152,152,152,152,0,0
1787589300000,2026-08-24T16:35:00Z,152,152,152,152,0,0
1787589600000,2026-08-24T16:40:00Z,152,152,152,152,0,0
1787589900000,2026-08-24T16:45:00Z,152,152,151.48,151.49,1.23,186.3277
1787590200000,2026-08-24T16:50:00Z,151.49,151.49,151.49,151.49,0,0
1787590500000,2026-08-24T16:55:00Z,151.49,151.54,151.39,151.54,0.88,133.3282
1787590800000,2026-08-24T17:00:00Z,151.54,151.7,151.54,151.7,1.07,162.2591
1787591100000,2026-08-24T17:05:00Z,151.7,151.7,151.7,151.7,0,0
1787591400000,2026-08-24T17:10:00Z,151.7,151.75,151.49,151.75,0.44,66.7128
1787591700000,2026-08-24T17:15:00Z,151.75,151.75,151.4,151.4,0.07,10.598
1787592000000,2026-08-24T17:20:00Z,151.4,151.4,151.08,151.08,0.06,9.0738
1787592300000,2026-08-24T17:25:00Z,151.08,151.36,151.08,151.11,0.42,63.5187
1787592600000,2026-08-24T17:30:00Z,151.11,151.11,151.11,151.11,0,0
1787592900000,2026-08-24T17:35:00Z,151.11,151.11,151.11,151.11,0,0
1787593200000,2026-08-24T17:40:00Z,151.11,151.11,149.93,149.93,3.39,508.8573
1787593500000,2026-08-24T17:45:00Z,149.93,149.93,149.93,149.93,0,0
1787593800000,2026-08-24T17:50:00Z,149.93,150.13,149.93,150.13,0.32,48.0144
1787594100000,2026-08-24T17:55:00Z,150.13,150.13,149.95,149.95,0.16,23.992
1787594400000,2026-08-24T18:00:00Z,149.95,149.97,149.95,149.97,0.22,32.9934
1787594700000,2026-08-24T18:05:00Z,149.97,150.37,149.97,150.37,1.55,233.0035
1787595000000,2026-08-24T18:10:00Z,150.37,150.59,150.27,150.59,0.3,45.129
1787595300000,2026-08-24T18:15:00Z,150.59,150.59,150.15,150.15,0.16,24.026
1787595600000,2026-08-24T18:20:00Z,150.15,150.35,150.15,150.19,0.32,48.0864
1787595900000,2026-08-24T18:25:00Z,150.19,150.19,150.19,150.19,0,0
1787596200000,2026-08-24T18:30:00Z,150.19,150.19,150.19,150.19,0,0
1787596500000,2026-08-24T18:35:00Z,150.19,150.19,149.87,149.87,0.03,4.4961
1787596800000,2026-08-24T18:40:00Z,149.87,149.87,149.87,149.87,0,0
1787597100000,2026-08-24T18:45:00Z,149.87,149.87,149.31,149.57,0.52,77.7062
1787597400000,2026-08-24T18:50:00Z,149.57,149.77,149.57,149.77,0.73,109.3321
1787597700000,2026-08-24T18:55:00Z,149.77,149.77,149.77,149.77,0,0
1787598000000,2026-08-24T19:00:00Z,149.77,149.77,149.47,149.64,0.84,125.6874
1787598300000,2026-08-24T19:05:00Z,149.64,149.64,149.59,149.59,0.05,7.4795
1787598600000,2026-08-24T19:10:00Z,149.59,150.01,149.59,150.01,1.58,236.7428
1787598900000,2026-08-24T19:15:00Z,150.01,150.03,150.01,150.03,0.11,16.5033
1787599200000,2026-08-24T19:20:00Z,150.03,150.03,150.03,150.03,0,0
1787599500000,2026-08-24T19:25:00Z,150.03,150.03,149.35,149.77,2.16,322.8803
1787599800000,2026-08-24T19:30:00Z,149.77,150.08,149.77,150.08,0.69,103.5552
1787600100000,2026-08-24T19:35:00Z,150.08,150.08,150.08,150.08,0,0
1787600400000,2026-08-24T19:40:00Z,150.08,150.08,149.76,149.76,0.15,22.464
1787600700000,2026-08-24T19:45:00Z,149.76,149.76,149.27,149.27,1.32,197.0601
1787601000000,2026-08-24T19:50:00Z,149.27,149.27,148.97,148.97,0.84,125.1426
1787601300000,2026-08-24T19:55:00Z,148.97,148.97,148.38,148.38,0.06,8.9118
1787601600000,2026-08-24T20:00:00Z,148.38,148.38,148.38,148.38,0,0
1787601900000,2026-08-24T20:05:00Z,148.38,148.38,148.38,148.38,0,0
1787602200000,2026-08-24T20:10:00Z,148.38,148.38,148.38,148.38,0,0
1787602500000,2026-08-24T20:15:00Z,148.38,148.38,148.38,148.38,0,0
1787602800000,2026-08-24T20:20:00Z,148.38,148.72,148.38,148.72,0.38,56.5107
1787603100000,2026-08-24T20:25:00Z,148.72,148.72,148.72,148.72,0,0
1787603400000,2026-08-24T20:30:00Z,148.72,148.72,148.72,148.72,0,0
1787603700000,2026-08-24T20:35:00Z,148.72,148.97,148.72,148.97,0.82,122.0627
1787604000000,2026-08-24T20:40:00Z,148.97,148.97,148.8,148.81,24.43,3635.2634
1787604300000,2026-08-24T20:45:00Z,148.81,148.81,148.81,148.81,0,0
1787604600000,2026-08-24T20:50:00Z,148.81,148.81,148.81,148.81,0,0
1787604900000,2026-08-24T20:55:00Z,148.81,148.97,148.81,148.97,0.05,7.4485
1787605200000,2026-08-24T21:00:00Z,148.97,149.1,148.97,149.1,0.15,22.365
1787605500000,2026-08-24T21:05:00Z,149.1,149.27,149.1,149.27,0.53,79.1081
1787605800000,2026-08-24T21:10:00Z,149.27,149.27,149.24,149.24,0.22,32.8328
1787606100000,2026-08-24T21:15:00Z,149.24,149.24,148.87,148.87,0.22,32.7514
1787606400000,2026-08-24T21:20:00Z,148.87,148.87,148.87,148.87,0,0
1787606700000,2026-08-24T21:25:00Z,148.87,149.85,148.87,149.85,3.6,539.3382
1787607000000,2026-08-24T21:30:00Z,149.85,149.85,149.82,149.82,0.39,58.4397
1787607300000,2026-08-24T21:35:00Z,149.82,149.82,149.82,149.82,0,0
1787607600000,2026-08-24T21:40:00Z,149.82,149.82,149.82,149.82,0,0
1787607900000,2026-08-24T21:45:00Z,149.82,149.82,149.34,149.34,0.18,26.8812
1787608200000,2026-08-24T21:50:00Z,149.34,149.34,149.34,149.34,0,0
1787608500000,2026-08-24T21:55:00Z,149.34,149.34,149.34,149.34,0,0
1787608800000,2026-08-24T22:00:00Z,149.34,149.34,149.29,149.29,0.07,10.4503
1787609100000,2026-08-24T22:05:00Z,149.29,149.85,148.5,149.8,4.57,682.1288
1787609400000,2026-08-24T22:10:00Z,149.8,149.87,149.05,149.45,5.42,810.2084
1787609700000,2026-08-24T22:15:00Z,149.45,149.45,149.45,149.45,0,0
1787610000000,2026-08-24T22:20:00Z,149.45,149.45,149.45,149.45,0.18,26.901
1787610300000,2026-08-24T22:25:00Z,149.45,149.51,149.45,149.51,1.06,158.4688
1787610600000,2026-08-24T22:30:00Z,149.51,149.51,149.2,149.2,5.09,759.7611
1787610900000,2026-08-24T22:35:00Z,149.2,149.2,149.2,149.2,0,0
1787611200000,2026-08-24T22:40:00Z,149.2,149.2,149.2,149.2,0,0
1787611500000,2026-08-24T22:45:00Z,149.2,149.2,149.2,149.2,0,0
1787611800000,2026-08-24T22:50:00Z,149.2,149.35,149.2,149.35,0.24,35.844
1787612100000,2026-08-24T22:55:00Z,149.35,149.44,149.35,149.43,0.4,59.774
1787612400000,2026-08-24T23:00:00Z,149.43,149.43,149.43,149.43,0,0
1787612700000,2026-08-24T23:05:00Z,149.43,149.43,149.29,149.29,0.2,29.858
1787613000000,2026-08-24T23:10:00Z,149.29,149.29,149.26,149.26,0.25,37.315
1787613300000,2026-08-24T23:15:00Z,149.26,149.7,149.26,149.7,0.18,26.9118
1787613600000,2026-08-24T23:20:00Z,149.7,149.7,149.41,149.41,0.21,31.3761
1787613900000,2026-08-24T23:25:00Z,149.41,149.45,149.41,149.45,0.26,38.857
1787614200000,2026-08-24T23:30:00Z,149.45,149.45,149.45,149.45,0,0
1787614500000,2026-08-24T23:35:00Z,149.45,149.45,149.45,149.45,0,0
1787614800000,2026-08-24T23:40:00Z,149.45,149.45,149.17,149.25,2.12,316.296
1787615100000,2026-08-24T23:45:00Z,149.25,149.25,149.25,149.25,0,0
1787615400000,2026-08-24T23:50:00Z,149.25,149.25,149.25,149.25,0,0
1787615700000,2026-08-24T23:55:00Z,149.25,149.27,149.25,149.27,0.11,16.4197
1787616000000,2026-08-25T00:00:00Z,149.27,150.47,149.27,150.46,2.39,358.9183
1787616300000,2026-08-25T00:05:00Z,150.46,150.46,150.33,150.33,0.58,87.1914
1787616600000,2026-08-25T00:10:00Z,150.33,150.33,150.33,150.33,0,0
1787616900000,2026-08-25T00:15:00Z,150.33,150.33,150.33,150.33,0,0
1787617200000,2026-08-25T00:20:00Z,150.33,150.37,149.9,149.9,0.38,57.0513
1787617500000,2026-08-25T00:25:00Z,149.9,149.9,149.9,149.9,0,0
1787617800000,2026-08-25T00:30:00Z,149.9,149.9,149.9,149.9,0,0
1787618100000,2026-08-25T00:35:00Z,149.9,150.18,149.9,150.18,0.07,10.5126
1787618400000,2026-08-25T00:40:00Z,150.18,150.23,150.18,150.23,0.16,24.0368
1787618700000,2026-08-25T00:45:00Z,150.23,150.23,150.02,150.02,0.1,15.002
1787619000000,2026-08-25T00:50:00Z,150.02,150.65,149.95,149.95,0.12,18.036
1787619300000,2026-08-25T00:55:00Z,149.95,149.95,149.95,149.95,0,0
1787619600000,2026-08-25T01:00:00Z,149.95,149.95,149.95,149.95,0,0
1787619900000,2026-08-25T01:05:00Z,149.95,149.95,149.95,149.95,0,0
1787620200000,2026-08-25T01:10:00Z,149.95,150.35,149.95,150.35,0.19,28.5665
1787620500000,2026-08-25T01:15:00Z,150.35,150.35,150.35,150.35,0,0
1787620800000,2026-08-25T01:20:00Z,150.35,150.59,149.95,149.95,0.28,42.0756
1787621100000,2026-08-25T01:25:00Z,149.95,150.32,149.87,149.87,2.75,412.317
1787621400000,2026-08-25T01:30:00Z,149.87,149.87,149.87,149.87,0,0
1787621700000,2026-08-25T01:35:00Z,149.87,149.87,149.66,149.66,0.09,13.4694
1787622000000,2026-08-25T01:40:00Z,149.66,149.73,149.66,149.73,0.18,26.9514
1787622300000,2026-08-25T01:45:00Z,149.73,149.73,149.57,149.58,0.97,145.1222
1787622600000,2026-08-25T01:50:00Z,149.58,149.58,149.58,149.58,0,0
1787622900000,2026-08-25T01:55:00Z,149.58,149.58,149.58,149.58,0,0
1787623200000,2026-08-25T02:00:00Z,149.58,149.94,149.58,149.94,4.85,726.6715
1787623500000,2026-08-25T02:05:00Z,149.94,149.94,149.94,149.94,0,0
1787623800000,2026-08-25T02:10:00Z,149.94,149.94,149.72,149.72,0.14,20.9608
1787624100000,2026-08-25T02:15:00Z,149.72,149.72,149.72,149.72,0,0
1787624400000,2026-08-25T02:20:00Z,149.72,149.72,149.61,149.61,0.07,10.4727
1787624700000,2026-08-25T02:25:00Z,149.61,149.61,149.61,149.61,0,0
1787625000000,2026-08-25T02:30:00Z,149.61,149.61,149.61,149.61,0,0
1787625300000,2026-08-25T02:35:00Z,149.61,149.74,149.61,149.74,0.11,16.4714
1787625600000,2026-08-25T02:40:00Z,149.74,149.74,149.61,149.61,0.17,25.4337
1787625900000,2026-08-25T02:45:00Z,149.61,149.61,149.56,149.56,0.2,29.912
1787626200000,2026-08-25T02:50:00Z,149.56,149.56,149.56,149.56,0,0
1787626500000,2026-08-25T02:55:00Z,149.56,149.56,149.56,149.56,0,0
1787626800000,2026-08-25T03:00:00Z,149.56,149.56,149.56,149.56,0,0
1787627100000,2026-08-25T03:05:00Z,149.56,149.56,149.56,149.56,0.11,16.4516
1787627400000,2026-08-25T03:10:00Z,149.56,149.56,149.42,149.42,0.09,13.4478
1787627700000,2026-08-25T03:15:00Z,149.42,149.42,149.42,149.42,0,0
1787628000000,2026-08-25T03:20:00Z,149.42,149.42,149.4,149.4,0.07,10.458
1787628300000,2026-08-25T03:25:00Z,149.4,149.58,149.4,149.58,0.37,55.3302
1787628600000,2026-08-25T03:30:00Z,149.58,149.58,149.58,149.58,0,0
1787628900000,2026-08-25T03:35:00Z,149.58,149.58,149.55,149.57,0.6,89.736
1787629200000,2026-08-25T03:40:00Z,149.57,149.65,149.57,149.65,2.04,305.2743
1787629500000,2026-08-25T03:45:00Z,149.65,149.65,149.65,149.65,0,0
1787629800000,2026-08-25T03:50:00Z,149.65,149.65,149.65,149.65,0,0
1787630100000,2026-08-25T03:55:00Z,149.65,149.65,149.63,149.63,0.09,13.4667
1787630400000,2026-08-25T04:00:00Z,149.63,149.63,149.63,149.63,0,0
1787630700000,2026-08-25T04:05:00Z,149.63,149.63,149.63,149.63,0,0
1787631000000,2026-08-25T04:10:00Z,149.63,149.63,149.42,149.42,0.25,37.355
1787631300000,2026-08-25T04:15:00Z,149.42,149.6,149.42,149.6,5.22,780.8691
1787631600000,2026-08-25T04:20:00Z,149.6,149.6,149.6,149.6,0,0
1787631900000,2026-08-25T04:25:00Z,149.6,149.6,149.6,149.6,0,0
1787632200000,2026-08-25T04:30:00Z,149.6,150.1,149.6,150.1,4.91,736.991
1787632500000,2026-08-25T04:35:00Z,150.1,150.1,150.1,150.1,0,0
1787632800000,2026-08-25T04:40:00Z,150.1,150.1,150.1,150.1,0,0
1787633100000,2026-08-25T04:45:00Z,150.1,150.1,149.47,149.47,0.07,10.4629
1787633400000,2026-08-25T04:50:00Z,149.47,149.47,149.47,149.47,0,0
1787633700000,2026-08-25T04:55:00Z,149.47,149.47,149.47,149.47,0,0
1787634000000,2026-08-25T05:00:00Z,149.47,149.47,149.47,149.47,0,0
1787634300000,2026-08-25T05:05:00Z,149.47,149.76,149.47,149.76,0.21,31.4496
1787634600000,2026-08-25T05:10:00Z,149.76,149.94,149.76,149.94,0.22,32.9849
1787634900000,2026-08-25T05:15:00Z,149.94,149.94,149.66,149.66,0.16,23.9456
1787635200000,2026-08-25T05:20:00Z,149.66,149.73,149.66,149.73,0.14,20.9622
1787635500000,2026-08-25T05:25:00Z,149.73,149.98,149.73,149.98,0.09,13.4982
1787635800000,2026-08-25T05:30:00Z,149.98,149.98,149.61,149.61,0.06,8.9766
1787636100000,2026-08-25T05:35:00Z,149.61,149.61,149.61,149.61,0,0
1787636400000,2026-08-25T05:40:00Z,149.61,149.61,149.61,149.61,0,0
1787636700000,2026-08-25T05:45:00Z,149.61,149.61,149.61,149.61,0,0
1787637000000,2026-08-25T05:50:00Z,149.61,149.76,149.61,149.76,0.24,35.9424
1787637300000,2026-08-25T05:55:00Z,149.76,149.76,149.76,149.76,0,0
1787637600000,2026-08-25T06:00:00Z,149.76,149.78,149.76,149.77,0.48,71.892
1787637900000,2026-08-25T06:05:00Z,149.77,150.05,149.77,150.05,0.17,25.5085
1787638200000,2026-08-25T06:10:00Z,150.05,150.05,149.48,149.48,0.5,74.8475
1787638500000,2026-08-25T06:15:00Z,149.48,149.48,149.48,149.48,0,0
1787638800000,2026-08-25T06:20:00Z,149.48,150.13,149.48,150.13,0.4,59.976
1787639100000,2026-08-25T06:25:00Z,150.13,150.13,150.13,150.13,0,0
1787639400000,2026-08-25T06:30:00Z,150.13,150.13,149.8,149.8,0.24,35.952
1787639700000,2026-08-25T06:35:00Z,149.8,150.13,149.78,150.13,1.65,247.3831
1787640000000,2026-08-25T06:40:00Z,150.13,150.13,150.13,150.13,0,0
1787640300000,2026-08-25T06:45:00Z,150.13,150.13,149.64,149.81,15.93,2385.7284
1787640600000,2026-08-25T06:50:00Z,149.81,150.04,149.81,150.04,1.61,241.3553
1787640900000,2026-08-25T06:55:00Z,150.04,150.1,150.04,150.1,0.43,64.5384
1787641200000,2026-08-25T07:00:00Z,150.1,150.1,150,150,0.42,63
1787641500000,2026-08-25T07:05:00Z,150,150,149.96,149.96,0.17,25.4932
1787641800000,2026-08-25T07:10:00Z,149.96,150.09,149.96,150.09,0.04,6.0036
1787642100000,2026-08-25T07:15:00Z,150.09,150.13,149.7,150.13,0.14,20.9881
1787642400000,2026-08-25T07:20:00Z,150.13,150.13,150.13,150.13,0,0
1787642700000,2026-08-25T07:25:00Z,150.13,150.13,150.13,150.13,0,0
1787643000000,2026-08-25T07:30:00Z,150.13,150.13,149.41,149.41,0.26,38.8466
1787643300000,2026-08-25T07:35:00Z,149.41,149.87,149.41,149.86,0.73,109.3991
1787643600000,2026-08-25T07:40:00Z,149.86,150.09,149.61,150.09,0.26,38.961
1787643900000,2026-08-25T07:45:00Z,150.09,150.09,149.96,149.96,0.51,76.4964
1787644200000,2026-08-25T07:50:00Z,149.96,149.96,149.4,149.4,8.45,1262.8816
1787644500000,2026-08-25T07:55:00Z,149.4,149.4,149.4,149.4,0,0
1787644800000,2026-08-25T08:00:00Z,149.4,150.16,149.4,150.16,0.55,82.5329
1787645100000,2026-08-25T08:05:00Z,150.16,150.16,150.16,150.16,0,0
1787645400000,2026-08-25T08:10:00Z,150.16,150.16,150.16,150.16,0,0
1787645700000,2026-08-25T08:15:00Z,150.16,150.16,150.08,150.08,0.08,12.0064
1787646000000,2026-08-25T08:20:00Z,150.08,150.17,150.08,150.17,0.32,48.0515
1787646300000,2026-08-25T08:25:00Z,150.17,150.17,150.17,150.17,0,0
1787646600000,2026-08-25T08:30:00Z,150.17,150.17,150.17,150.17,0,0
1787646900000,2026-08-25T08:35:00Z,150.17,150.17,150.17,150.17,0,0
1787647200000,2026-08-25T08:40:00Z,150.17,150.78,150.17,150.78,2.11,317.525
1787647500000,2026-08-25T08:45:00Z,150.78,151.5,150.78,151.5,3.55,537.4848
1787647800000,2026-08-25T08:50:00Z,151.5,151.63,151.5,151.63,1.04,157.6842
1787648100000,2026-08-25T08:55:00Z,151.63,151.63,150.94,150.95,0.86,129.9018
1787648400000,2026-08-25T09:00:00Z,150.95,150.95,150.95,150.95,0,0
1787648700000,2026-08-25T09:05:00Z,150.95,151.06,150.88,151.06,0.37,55.8778
1787649000000,2026-08-25T09:10:00Z,151.06,151.06,151.06,151.06,0,0
1787649300000,2026-08-25T09:15:00Z,151.06,151.06,151.06,151.06,0,0
1787649600000,2026-08-25T09:20:00Z,151.06,151.2,150.97,151.2,0.48,72.5208
1787649900000,2026-08-25T09:25:00Z,151.2,151.2,150.85,151.19,0.32,48.3264
1787650200000,2026-08-25T09:30:00Z,151.19,151.19,150.97,150.97,0.25,37.7425
1787650500000,2026-08-25T09:35:00Z,150.97,151.2,150.89,151.03,0.26,39.2711
1787650800000,2026-08-25T09:40:00Z,151.03,151.03,151.03,151.03,0,0
1787651100000,2026-08-25T09:45:00Z,151.03,151.03,151.03,151.03,0,0
1787651400000,2026-08-25T09:50:00Z,151.03,151.03,151.03,151.03,0,0
1787651700000,2026-08-25T09:55:00Z,151.03,151.26,151.03,151.24,14.45,2185.6334
1787652000000,2026-08-25T10:00:00Z,151.24,151.24,151.24,151.24,0,0
1787652300000,2026-08-25T10:05:00Z,151.24,151.62,151.15,151.62,0.24,36.3324
1787652600000,2026-08-25T10:10:00Z,151.62,151.62,151.5,151.5,0.08,12.12
1787652900000,2026-08-25T10:15:00Z,151.5,152.84,151.48,152.25,35.86,5465.7786
1787653200000,2026-08-25T10:20:00Z,152.25,152.25,152.25,152.25,0,0
1787653500000,2026-08-25T10:25:00Z,152.25,152.25,151.82,151.82,1.05,159.5082
1787653800000,2026-08-25T10:30:00Z,151.82,151.82,151.82,151.82,0,0
1787654100000,2026-08-25T10:35:00Z,151.82,151.82,151.49,151.49,1.27,192.4952
1787654400000,2026-08-25T10:40:00Z,151.49,151.49,151.49,151.49,0,0
1787654700000,2026-08-25T10:45:00Z,151.49,151.49,151.49,151.49,0,0
1787655000000,2026-08-25T10:50:00Z,151.49,151.53,151.49,151.53,0.13,19.6989
1787655300000,2026-08-25T10:55:00Z,151.53,152.06,151.47,152.06,0.18,27.3177
1787655600000,2026-08-25T11:00:00Z,152.06,152.06,151.63,151.63,0.21,31.8423
1787655900000,2026-08-25T11:05:00Z,151.63,151.63,151.38,151.38,0.33,49.9614
1787656200000,2026-08-25T11:10:00Z,151.38,151.38,151.13,151.13,0.3,45.339
1787656500000,2026-08-25T11:15:00Z,151.13,151.13,151.13,151.13,0,0
1787656800000,2026-08-25T11:20:00Z,151.13,151.13,151.13,151.13,0,0
1787657100000,2026-08-25T11:25:00Z,151.13,151.18,151.08,151.08,0.41,61.9547
1787657400000,2026-08-25T11:30:00Z,151.08,151.08,151.08,151.08,0,0
1787657700000,2026-08-25T11:35:00Z,151.08,151.08,151.08,151.08,0,0
1787658000000,2026-08-25T11:40:00Z,151.08,151.08,151.08,151.08,0,0
1787658300000,2026-08-25T11:45:00Z,151.08,151.08,151.08,151.08,0,0
1787658600000,2026-08-25T11:50:00Z,151.08,151.08,151.08,151.08,0,0
1787658900000,2026-08-25T11:55:00Z,151.08,151.59,151.08,151.59,0.22,33.3091
1787659200000,2026-08-25T12:00:00Z,151.59,151.59,151.59,151.59,0,0
1787659500000,2026-08-25T12:05:00Z,151.59,151.59,151.59,151.59,0,0
1787659800000,2026-08-25T12:10:00Z,151.59,151.59,151.25,151.25,0.47,71.1253
1787660100000,2026-08-25T12:15:00Z,151.25,151.65,150.8,150.89,1.4,211.7106
1787660400000,2026-08-25T12:20:00Z,150.89,150.89,150.89,150.89,0,0
1787660700000,2026-08-25T12:25:00Z,150.89,150.89,150.89,150.89,0,0
1787661000000,2026-08-25T12:30:00Z,150.89,151.45,150.89,151.45,0.11,16.6595
1787661300000,2026-08-25T12:35:00Z,151.45,151.45,151.22,151.22,0.1,15.122
1787661600000,2026-08-25T12:40:00Z,151.22,151.22,151.22,151.22,0,0
1787661900000,2026-08-25T12:45:00Z,151.22,151.22,151.22,151.22,0,0
1787662200000,2026-08-25T12:50:00Z,151.22,152.2,151.22,152.2,2.16,328.1866
1787662500000,2026-08-25T12:55:00Z,152.2,152.2,151.66,151.66,0.2,30.332
1787662800000,2026-08-25T13:00:00Z,151.66,151.76,151.51,151.76,0.3,45.478
1787663100000,2026-08-25T13:05:00Z,151.76,151.76,151.38,151.38,0.33,49.9584
1787663400000,2026-08-25T13:10:00Z,151.38,151.5,151.2,151.2,0.12,18.162
1787663700000,2026-08-25T13:15:00Z,151.2,151.2,151.2,151.2,0,0
1787664000000,2026-08-25T13:20:00Z,151.2,151.96,151.15,151.2,0.45,68.1771
1787664300000,2026-08-25T13:25:00Z,151.2,151.57,150.5,150.5,4.13,623.6139
1787664600000,2026-08-25T13:30:00Z,150.5,151.08,149.7,151.08,3.3,495.2483
1787664900000,2026-08-25T13:35:00Z,151.08,151.08,150.17,150.17,0.49,73.6566
1787665200000,2026-08-25T13:40:00Z,150.17,150.17,148.97,148.97,0.51,76.3236
1787665500000,2026-08-25T13:45:00Z,148.97,149.87,148.97,149.62,0.71,106.1988
1787665800000,2026-08-25T13:50:00Z,149.62,149.62,149.62,149.62,0,0
1787666100000,2026-08-25T13:55:00Z,149.62,150.17,149.27,149.27,0.68,101.8464
1787666400000,2026-08-25T14:00:00Z,149.27,149.27,148.68,148.68,0.28,41.7051
1787666700000,2026-08-25T14:05:00Z,148.68,148.68,148.68,148.68,0,0
1787667000000,2026-08-25T14:10:00Z,148.68,148.68,148.68,148.68,0,0
1787667300000,2026-08-25T14:15:00Z,148.68,148.68,148.08,148.08,3.35,496.5341
1787667600000,2026-08-25T14:20:00Z,148.08,148.68,148.08,148.68,0.24,35.6265
1787667900000,2026-08-25T14:25:00Z,148.68,148.68,148.08,148.08,1.23,182.2414
1787668200000,2026-08-25T14:30:00Z,148.08,148.08,147.79,147.79,0.25,36.9497
1787668500000,2026-08-25T14:35:00Z,147.79,148.03,147.79,148.03,0.21,31.0863
1787668800000,2026-08-25T14:40:00Z,148.03,148.35,148.03,148.04,5.97,885.4232
1787669100000,2026-08-25T14:45:00Z,148.04,148.33,148.04,148.33,0.19,28.1827
1787669400000,2026-08-25T14:50:00Z,148.33,148.68,148.25,148.68,1.04,154.3589
1787669700000,2026-08-25T14:55:00Z,148.68,148.68,148.68,148.68,0,0
1787670000000,2026-08-25T15:00:00Z,148.68,148.68,148.68,148.68,0,0
1787670300000,2026-08-25T15:05:00Z,148.68,148.92,148.6,148.92,0.9,133.9899
1787670600000,2026-08-25T15:10:00Z,148.92,148.97,148.92,148.97,0.63,93.8451
1787670900000,2026-08-25T15:15:00Z,148.97,149.27,148.97,149.27,0.33,49.2291
1787671200000,2026-08-25T15:20:00Z,149.27,149.57,149.27,149.57,0.33,49.3551
1787671500000,2026-08-25T15:25:00Z,149.57,149.57,149.43,149.43,0.16,23.9088
1787671800000,2026-08-25T15:30:00Z,149.43,149.44,149.43,149.43,2.37,354.1561
1787672100000,2026-08-25T15:35:00Z,149.43,149.67,149.22,149.22,0.22,32.8779
1787672400000,2026-08-25T15:40:00Z,149.22,149.36,149.22,149.23,0.93,138.8138
1787672700000,2026-08-25T15:45:00Z,149.23,149.23,149.23,149.23,0,0
1787673000000,2026-08-25T15:50:00Z,149.23,149.67,149.23,149.67,0.42,62.813
1787673300000,2026-08-25T15:55:00Z,149.67,149.67,149.67,149.67,0,0
1787673600000,2026-08-25T16:00:00Z,149.67,149.67,149.67,149.67,0,0
1787673900000,2026-08-25T16:05:00Z,149.67,149.67,149.37,149.37,0.51,76.1787
1787674200000,2026-08-25T16:10:00Z,149.37,149.37,148.38,148.38,2.19,325.7504
1787674500000,2026-08-25T16:15:00Z,148.38,148.38,148.08,148.08,1.92,284.3393
1787674800000,2026-08-25T16:20:00Z,148.08,148.08,148.08,148.08,0,0
1787675100000,2026-08-25T16:25:00Z,148.08,148.65,148.08,148.65,0.95,141.1727
1787675400000,2026-08-25T16:30:00Z,148.65,148.7,148.62,148.7,1.01,150.1508
1787675700000,2026-08-25T16:35:00Z,148.7,148.7,148.7,148.7,0,0
1787676000000,2026-08-25T16:40:00Z,148.7,148.75,148.65,148.65,0.5,74.335
1787676300000,2026-08-25T16:45:00Z,148.65,148.65,148.65,148.65,0,0
1787676600000,2026-08-25T16:50:00Z,148.65,148.65,148.65,148.65,0,0
1787676900000,2026-08-25T16:55:00Z,148.65,148.65,148.65,148.65,0,0
1787677200000,2026-08-25T17:00:00Z,148.65,148.65,148.65,148.65,0,0
1787677500000,2026-08-25T17:05:00Z,148.65,148.65,148.3,148.61,1.08,160.4153
1787677800000,2026-08-25T17:10:00Z,148.61,148.97,148.61,148.97,2.34,348.5141
1787678100000,2026-08-25T17:15:00Z,148.97,149.27,148.97,149.27,0.25,37.2713
1787678400000,2026-08-25T17:20:00Z,149.27,149.27,149.27,149.27,0,0
1787678700000,2026-08-25T17:25:00Z,149.27,149.27,149.11,149.11,0.99,147.7017
1787679000000,2026-08-25T17:30:00Z,149.11,149.11,149.11,149.11,0,0
1787679300000,2026-08-25T17:35:00Z,149.11,149.11,149.11,149.11,0,0
1787679600000,2026-08-25T17:40:00Z,149.11,149.11,149.11,149.11,0,0
1787679900000,2026-08-25T17:45:00Z,149.11,149.11,148.69,148.69,18.71,2786.9496
1787680200000,2026-08-25T17:50:00Z,148.69,148.87,148.69,148.87,1.42,211.296
1787680500000,2026-08-25T17:55:00Z,148.87,148.87,148.77,148.77,0.29,43.1433
1787680800000,2026-08-25T18:00:00Z,148.77,148.77,148.77,148.77,0,0
1787681100000,2026-08-25T18:05:00Z,148.77,148.77,148.6,148.6,2.21,328.5595
1787681400000,2026-08-25T18:10:00Z,148.6,148.6,148.6,148.6,0,0
1787681700000,2026-08-25T18:15:00Z,148.6,148.87,148.6,148.87,1.02,151.689
1787682000000,2026-08-25T18:20:00Z,148.87,148.87,148.87,148.87,0,0
1787682300000,2026-08-25T18:25:00Z,148.87,148.87,148.87,148.87,0,0
1787682600000,2026-08-25T18:30:00Z,148.87,148.87,148.87,148.87,0,0
1787682900000,2026-08-25T18:35:00Z,148.87,148.87,148.87,148.87,0,0
1787683200000,2026-08-25T18:40:00Z,148.87,148.87,148.2,148.2,0.52,77.1419
1787683500000,2026-08-25T18:45:00Z,148.2,148.2,148.2,148.2,0,0
1787683800000,2026-08-25T18:50:00Z,148.2,148.2,148.08,148.08,0.03,4.4424
1787684100000,2026-08-25T18:55:00Z,148.08,148.08,148.08,148.08,0,0
1787684400000,2026-08-25T19:00:00Z,148.08,148.19,148.08,148.19,6.78,1004.6671
1787684700000,2026-08-25T19:05:00Z,148.19,148.19,147.82,147.82,1.6,236.534
1787685000000,2026-08-25T19:10:00Z,147.82,147.82,147.78,147.78,0.24,35.4675
1787685300000,2026-08-25T19:15:00Z,147.78,147.78,147.33,147.7,2.78,410.2775
1787685600000,2026-08-25T19:20:00Z,147.7,147.76,147.7,147.74,1.34,197.9799
1787685900000,2026-08-25T19:25:00Z,147.74,147.93,147.74,147.93,0.9,133.101
1787686200000,2026-08-25T19:30:00Z,147.93,147.94,147.8,147.94,2.57,380.0716
1787686500000,2026-08-25T19:35:00Z,147.94,147.94,147.94,147.94,0,0
1787686800000,2026-08-25T19:40:00Z,147.94,147.94,147.64,147.64,0.2,29.528
1787687100000,2026-08-25T19:45:00Z,147.64,147.89,147.62,147.62,0.82,121.2374
1787687400000,2026-08-25T19:50:00Z,147.62,147.99,147.62,147.99,2.62,387.447
1787687700000,2026-08-25T19:55:00Z,147.99,147.99,147.3,147.3,0.99,145.9719
1787688000000,2026-08-25T20:00:00Z,147.3,147.3,147.3,147.3,0,0
1787688300000,2026-08-25T20:05:00Z,147.3,147.3,147.3,147.3,0,0
1787688600000,2026-08-25T20:10:00Z,147.3,147.3,147.3,147.3,0,0
1787688900000,2026-08-25T20:15:00Z,147.3,147.49,147.3,147.49,0.09,13.2741
1787689200000,2026-08-25T20:20:00Z,147.49,147.67,147.49,147.67,0.16,23.6272
1787689500000,2026-08-25T20:25:00Z,147.67,147.67,147.59,147.59,0.23,33.9457
1787689800000,2026-08-25T20:30:00Z,147.59,147.59,147.59,147.59,0,0
1787690100000,2026-08-25T20:35:00Z,147.59,147.59,147.59,147.59,0,0
1787690400000,2026-08-25T20:40:00Z,147.59,147.89,147.4,147.4,0.5,73.8225
1787690700000,2026-08-25T20:45:00Z,147.4,147.73,147.4,147.73,0.25,36.9325
1787691000000,2026-08-25T20:50:00Z,147.73,147.73,147.42,147.42,0.17,25.0614
1787691300000,2026-08-25T20:55:00Z,147.42,147.63,147.42,147.63,0.21,31.0023
1787691600000,2026-08-25T21:00:00Z,147.63,147.63,147.62,147.62,0.13,19.1906
1787691900000,2026-08-25T21:05:00Z,147.62,147.66,147.62,147.66,0.13,19.1958
1787692200000,2026-08-25T21:10:00Z,147.66,147.7,147.66,147.7,0.25,36.925
1787692500000,2026-08-25T21:15:00Z,147.7,147.74,147.7,147.74,0.07,10.3418
1787692800000,2026-08-25T21:20:00Z,147.74,147.74,147.74,147.74,0,0
1787693100000,2026-08-25T21:25:00Z,147.74,148.04,147.66,147.66,0.44,65.016
1787693400000,2026-08-25T21:30:00Z,147.66,148.39,147.66,148.39,0.1,14.8294
1787693700000,2026-08-25T21:35:00Z,148.39,148.39,148.39,148.39,0,0
1787694000000,2026-08-25T21:40:00Z,148.39,148.39,147.88,147.88,0.11,16.2668
1787694300000,2026-08-25T21:45:00Z,147.88,147.88,147.83,147.83,0.11,16.2613
1787694600000,2026-08-25T21:50:00Z,147.83,147.83,147.83,147.83,0,0
1787694900000,2026-08-25T21:55:00Z,147.83,147.91,147.83,147.91,0.15,22.1865
1787695200000,2026-08-25T22:00:00Z,147.91,147.91,147.91,147.91,0.12,17.7492
1787695500000,2026-08-25T22:05:00Z,147.91,148.03,147.91,148.03,0.15,22.2045
1787695800000,2026-08-25T22:10:00Z,148.03,148.27,147.82,147.82,0.36,53.2962
1787696100000,2026-08-25T22:15:00Z,147.82,147.82,147.82,147.82,0,0
1787696400000,2026-08-25T22:20:00Z,147.82,147.82,147.82,147.82,0,0
1787696700000,2026-08-25T22:25:00Z,147.82,147.82,147.82,147.82,0,0
1787697000000,2026-08-25T22:30:00Z,147.82,148.2,147.82,148.2,0.19,28.158
1787697300000,2026-08-25T22:35:00Z,148.2,148.2,148.19,148.19,0.23,34.0837
1787697600000,2026-08-25T22:40:00Z,148.19,148.19,148.19,148.19,0,0
1787697900000,2026-08-25T22:45:00Z,148.19,148.19,148.19,148.19,0,0
1787698200000,2026-08-25T22:50:00Z,148.19,148.19,148.19,148.19,0,0
1787698500000,2026-08-25T22:55:00Z,148.19,148.19,148.18,148.18,0.24,35.5632
1787698800000,2026-08-25T23:00:00Z,148.18,148.18,148.18,148.18,0,0
1787699100000,2026-08-25T23:05:00Z,148.18,148.18,148.18,148.18,0,0
1787699400000,2026-08-25T23:10:00Z,148.18,148.25,147.97,147.97,0.23,34.0779
1787699700000,2026-08-25T23:15:00Z,147.97,148.22,147.97,148.22,0.18,26.6616
1787700000000,2026-08-25T23:20:00Z,148.22,148.22,148.22,148.22,0,0
1787700300000,2026-08-25T23:25:00Z,148.22,148.22,148.22,148.22,0,0
1787700600000,2026-08-25T23:30:00Z,148.22,148.22,147.99,148.12,0.32,47.3776
1787700900000,2026-08-25T23:35:00Z,148.12,148.12,148.12,148.12,0,0
1787701200000,2026-08-25T23:40:00Z,148.12,148.12,148.12,148.12,0.09,13.3308
1787701500000,2026-08-25T23:45:00Z,148.12,148.34,147.99,147.99,0.3,44.4495
1787701800000,2026-08-25T23:50:00Z,147.99,148.17,147.99,148.17,0.17,25.1889
1787702100000,2026-08-25T23:55:00Z,148.17,148.17,148.15,148.15,0.07,10.3705
1787702400000,2026-08-26T00:00:00Z,148.15,148.15,148.15,148.15,0,0
1787702700000,2026-08-26T00:05:00Z,148.15,148.5,148.15,148.5,0.26,38.61
1787703000000,2026-08-26T00:10:00Z,148.5,148.5,148.02,148.02,0.08,11.8416
1787703300000,2026-08-26T00:15:00Z,148.02,148.22,148.02,148.22,1.19,176.3723
1787703600000,2026-08-26T00:20:00Z,148.22,148.22,148.22,148.22,0,0
1787703900000,2026-08-26T00:25:00Z,148.22,148.28,148.22,148.28,0.55,81.554
1787704200000,2026-08-26T00:30:00Z,148.28,148.28,148.28,148.28,0,0
1787704500000,2026-08-26T00:35:00Z,148.28,148.28,148.17,148.17,0.7,103.719
1787704800000,2026-08-26T00:40:00Z,148.17,148.17,148.13,148.13,0.22,32.5886
1787705100000,2026-08-26T00:45:00Z,148.13,148.13,148.06,148.06,0.13,19.2478
1787705400000,2026-08-26T00:50:00Z,148.06,148.06,147.94,147.94,0.21,31.0674
1787705700000,2026-08-26T00:55:00Z,147.94,148.03,147.94,148.03,0.13,19.2439
1787706000000,2026-08-26T01:00:00Z,148.03,148.03,148.03,148.03,0,0
1787706300000,2026-08-26T01:05:00Z,148.03,148.18,147.79,147.8,3.5,517.4659
1787706600000,2026-08-26T01:10:00Z,147.8,147.8,147.8,147.8,0,0
1787706900000,2026-08-26T01:15:00Z,147.8,147.8,147.8,147.8,0,0
1787707200000,2026-08-26T01:20:00Z,147.8,147.8,147.8,147.8,0,0
1787707500000,2026-08-26T01:25:00Z,147.8,147.8,147.8,147.8,0,0
1787707800000,2026-08-26T01:30:00Z,147.8,147.8,147.74,147.74,0.19,28.0706
1787708100000,2026-08-26T01:35:00Z,147.74,147.74,147.74,147.74,0,0
1787708400000,2026-08-26T01:40:00Z,147.74,147.87,147.6,147.87,0.22,32.5017
1787708700000,2026-08-26T01:45:00Z,147.87,147.87,147.59,147.59,0.19,28.0421
1787709000000,2026-08-26T01:50:00Z,147.59,147.59,147.59,147.59,0,0
1787709300000,2026-08-26T01:55:00Z,147.59,147.59,147.59,147.59,0,0
1787709600000,2026-08-26T02:00:00Z,147.59,147.59,147.59,147.59,0,0
1787709900000,2026-08-26T02:05:00Z,147.59,147.83,147.59,147.83,0.18,26.6094
1787710200000,2026-08-26T02:10:00Z,147.83,147.93,147.83,147.93,0.27,39.9411
1787710500000,2026-08-26T02:15:00Z,147.93,147.93,147.93,147.93,0,0
1787710800000,2026-08-26T02:20:00Z,147.93,147.93,147.93,147.93,0,0
1787711100000,2026-08-26T02:25:00Z,147.93,147.93,147.83,147.83,0.1,14.783
1787711400000,2026-08-26T02:30:00Z,147.83,147.83,147.83,147.83,0,0
1787711700000,2026-08-26T02:35:00Z,147.83,147.9,147.83,147.9,0.52,76.908
1787712000000,2026-08-26T02:40:00Z,147.9,147.9,147.9,147.9,0,0
1787712300000,2026-08-26T02:45:00Z,147.9,147.9,147.9,147.9,0,0
1787712600000,2026-08-26T02:50:00Z,147.9,147.9,147.9,147.9,0,0
1787712900000,2026-08-26T02:55:00Z,147.9,147.9,147.9,147.9,0,0
1787713200000,2026-08-26T03:00:00Z,147.9,147.9,147.9,147.9,0,0
1787713500000,2026-08-26T03:05:00Z,147.9,148.2,147.9,148.2,0.21,31.122
1787713800000,2026-08-26T03:10:00Z,148.2,148.2,148.08,148.08,0.09,13.3272
1787714100000,2026-08-26T03:15:00Z,148.08,148.08,148.08,148.08,0,0
1787714400000,2026-08-26T03:20:00Z,148.08,148.08,148.08,148.08,0,0
1787714700000,2026-08-26T03:25:00Z,148.08,148.08,148.08,148.08,0,0
1787715000000,2026-08-26T03:30:00Z,148.08,148.08,147.97,147.97,0.09,13.3173
1787715300000,2026-08-26T03:35:00Z,147.97,147.99,147.97,147.99,0.17,25.1583
1787715600000,2026-08-26T03:40:00Z,147.99,147.99,147.99,147.99,0,0
1787715900000,2026-08-26T03:45:00Z,147.99,148.02,147.99,148.02,0.07,10.3614
1787716200000,2026-08-26T03:50:00Z,148.02,148.33,148.02,148.33,0.1,14.833
1787716500000,2026-08-26T03:55:00Z,148.33,148.33,148.33,148.33,0,0
1787716800000,2026-08-26T04:00:00Z,148.33,148.38,147.92,148.38,0.28,41.4314
1787717100000,2026-08-26T04:05:00Z,148.38,148.39,147.88,147.88,0.34,50.3659
1787717400000,2026-08-26T04:10:00Z,147.88,148.38,147.88,148.38,4.69,695.8842
1787717700000,2026-08-26T04:15:00Z,148.38,148.38,148.38,148.38,0,0
1787718000000,2026-08-26T04:20:00Z,148.38,148.55,148.38,148.55,0.06,8.913
1787718300000,2026-08-26T04:25:00Z,148.55,148.55,148.28,148.28,0.13,19.2764
1787718600000,2026-08-26T04:30:00Z,148.28,148.28,148.28,148.28,0,0
1787718900000,2026-08-26T04:35:00Z,148.28,148.28,148.28,148.28,0,0
1787719200000,2026-08-26T04:40:00Z,148.28,148.42,148.28,148.42,0.07,10.3894
1787719500000,2026-08-26T04:45:00Z,148.42,148.42,148.33,148.33,0.52,77.1316
1787719800000,2026-08-26T04:50:00Z,148.33,148.43,148.33,148.43,0.23,34.1389
1787720100000,2026-08-26T04:55:00Z,148.43,148.43,148.42,148.42,0.5,74.21
1787720400000,2026-08-26T05:00:00Z,148.42,148.42,148.42,148.42,0,0
1787720700000,2026-08-26T05:05:00Z,148.42,148.48,148.42,148.48,0.25,37.12
1787721000000,2026-08-26T05:10:00Z,148.48,148.97,148.44,148.97,0.27,40.1019
1787721300000,2026-08-26T05:15:00Z,148.97,148.97,148.97,148.97,0,0
1787721600000,2026-08-26T05:20:00Z,148.97,148.97,148.69,148.69,0.07,10.4083
1787721900000,2026-08-26T05:25:00Z,148.69,148.69,148.69,148.69,0,0
1787722200000,2026-08-26T05:30:00Z,148.69,148.76,148.46,148.46,0.94,139.6053
1787722500000,2026-08-26T05:35:00Z,148.46,148.46,148.46,148.46,0,0
1787722800000,2026-08-26T05:40:00Z,148.46,148.46,148.46,148.46,0,0
1787723100000,2026-08-26T05:45:00Z,148.46,148.47,148.46,148.47,0.31,46.0257
1787723400000,2026-08-26T05:50:00Z,148.47,148.47,148.47,148.47,0,0
1787723700000,2026-08-26T05:55:00Z,148.47,148.47,148.47,148.47,0,0
1787724000000,2026-08-26T06:00:00Z,148.47,148.47,148.47,148.47,0,0
1787724300000,2026-08-26T06:05:00Z,148.47,148.5,148.47,148.5,0.1,14.85
1787724600000,2026-08-26T06:10:00Z,148.5,148.79,148.5,148.79,0.16,23.7856
1787724900000,2026-08-26T06:15:00Z,148.79,148.79,148.79,148.79,0,0
1787725200000,2026-08-26T06:20:00Z,148.79,148.79,148.79,148.79,0,0
1787725500000,2026-08-26T06:25:00Z,148.79,148.79,148.59,148.59,0.26,38.6334
1787725800000,2026-08-26T06:30:00Z,148.59,148.59,148.52,148.52,0.14,20.7928
1787726100000,2026-08-26T06:35:00Z,148.52,148.78,148.52,148.78,1.92,285.619
1787726400000,2026-08-26T06:40:00Z,148.78,148.78,148.53,148.53,0.14,20.7942
1787726700000,2026-08-26T06:45:00Z,148.53,148.55,148.53,148.55,0.21,31.1955
1787727000000,2026-08-26T06:50:00Z,148.55,148.55,148.55,148.55,0,0
1787727300000,2026-08-26T06:55:00Z,148.55,148.59,148.55,148.59,0.25,37.1475
1787727600000,2026-08-26T07:00:00Z,148.59,148.59,148.38,148.41,4.05,601.1777
1787727900000,2026-08-26T07:05:00Z,148.41,148.41,148.41,148.41,0,0
1787728200000,2026-08-26T07:10:00Z,148.41,148.41,148.41,148.41,0,0
1787728500000,2026-08-26T07:15:00Z,148.41,148.41,148.41,148.41,0,0
1787728800000,2026-08-26T07:20:00Z,148.41,148.41,148.41,148.41,0,0
1787729100000,2026-08-26T07:25:00Z,148.41,148.88,148.2,148.2,0.36,53.4744
1787729400000,2026-08-26T07:30:00Z,148.2,148.36,148.2,148.29,1.33,197.2816
1787729700000,2026-08-26T07:35:00Z,148.29,148.36,148.29,148.36,0.16,23.7376
1787730000000,2026-08-26T07:40:00Z,148.36,148.36,148.28,148.28,0.1,14.828
1787730300000,2026-08-26T07:45:00Z,148.28,148.28,148.28,148.28,0,0
1787730600000,2026-08-26T07:50:00Z,148.28,148.38,148.28,148.38,0.07,10.3866
1787730900000,2026-08-26T07:55:00Z,148.38,148.47,148.31,148.31,0.52,77.1628
1787731200000,2026-08-26T08:00:00Z,148.31,148.31,148.31,148.31,0,0
1787731500000,2026-08-26T08:05:00Z,148.31,148.31,148.31,148.31,0,0
1787731800000,2026-08-26T08:10:00Z,148.31,148.31,148.31,148.31,0,0
1787732100000,2026-08-26T08:15:00Z,148.31,148.88,148.26,148.26,0.48,71.3136
1787732400000,2026-08-26T08:20:00Z,148.26,148.51,148.26,148.51,0.22,32.6722
1787732700000,2026-08-26T08:25:00Z,148.51,148.51,148.51,148.51,0,0
1787733000000,2026-08-26T08:30:00Z,148.51,148.51,148.51,148.51,0,0
1787733300000,2026-08-26T08:35:00Z,148.51,148.65,148.51,148.65,0.24,35.676
1787733600000,2026-08-26T08:40:00Z,148.65,148.67,148.65,148.67,0.08,11.8936
1787733900000,2026-08-26T08:45:00Z,148.67,148.67,148.67,148.67,0,0
1787734200000,2026-08-26T08:50:00Z,148.67,148.8,148.67,148.8,0.26,38.688
1787734500000,2026-08-26T08:55:00Z,148.8,148.8,148.25,148.25,0.12,17.823
1787734800000,2026-08-26T09:00:00Z,148.25,148.64,148.25,148.64,0.18,26.7552
1787735100000,2026-08-26T09:05:00Z,148.64,148.64,148.59,148.59,0.16,23.7744
1787735400000,2026-08-26T09:10:00Z,148.59,148.59,148.59,148.59,0,0
1787735700000,2026-08-26T09:15:00Z,148.59,148.59,148.59,148.59,0,0
1787736000000,2026-08-26T09:20:00Z,148.59,148.59,148.59,148.59,0,0
1787736300000,2026-08-26T09:25:00Z,148.59,148.59,148.55,148.55,0.25,37.1375
1787736600000,2026-08-26T09:30:00Z,148.55,148.55,148.55,148.55,0,0
1787736900000,2026-08-26T09:35:00Z,148.55,148.71,148.24,148.24,0.17,25.2431
1787737200000,2026-08-26T09:40:00Z,148.24,148.8,148.24,148.8,0.12,17.856
1787737500000,2026-08-26T09:45:00Z,148.8,148.8,148.8,148.8,0,0
1787737800000,2026-08-26T09:50:00Z,148.8,148.8,148.64,148.64,0.22,32.7008
1787738100000,2026-08-26T09:55:00Z,148.64,148.64,148.62,148.62,0.1,14.862
1787738400000,2026-08-26T10:00:00Z,148.62,148.62,148.58,148.58,0.2,29.716
1787738700000,2026-08-26T10:05:00Z,148.58,148.58,148.58,148.58,0.1,14.858
1787739000000,2026-08-26T10:10:00Z,148.58,148.58,148.58,148.58,0,0
1787739300000,2026-08-26T10:15:00Z,148.58,148.63,148.58,148.63,0.11,16.3493
1787739600000,2026-08-26T10:20:00Z,148.63,148.68,148.63,148.68,0.09,13.3812
1787739900000,2026-08-26T10:25:00Z,148.68,148.68,148.63,148.63,0.18,26.7534
1787740200000,2026-08-26T10:30:00Z,148.63,148.63,148.58,148.58,0.26,38.6308
1787740500000,2026-08-26T10:35:00Z,148.58,148.58,148.58,148.58,0,0
1787740800000,2026-08-26T10:40:00Z,148.58,148.76,148.58,148.76,0.07,10.4132
1787741100000,2026-08-26T10:45:00Z,148.76,148.84,148.57,148.84,0.26,38.6633
1787741400000,2026-08-26T10:50:00Z,148.84,148.84,148.84,148.84,0,0
1787741700000,2026-08-26T10:55:00Z,148.84,148.84,148.54,148.54,0.34,50.5036
1787742000000,2026-08-26T11:00:00Z,148.54,148.54,148.54,148.54,0,0
1787742300000,2026-08-26T11:05:00Z,148.54,148.54,148.54,148.54,0,0
1787742600000,2026-08-26T11:10:00Z,148.54,148.54,148.54,148.54,0,0
1787742900000,2026-08-26T11:15:00Z,148.54,148.6,148.54,148.6,0.2,29.72
1787743200000,2026-08-26T11:20:00Z,148.6,148.64,148.6,148.64,1.91,283.8644
1787743500000,2026-08-26T11:25:00Z,148.64,148.64,148.64,148.64,0,0
1787743800000,2026-08-26T11:30:00Z,148.64,148.64,148.64,148.64,0,0
1787744100000,2026-08-26T11:35:00Z,148.64,148.64,148.64,148.64,0,0
1787744400000,2026-08-26T11:40:00Z,148.64,148.79,148.61,148.79,0.26,38.662
1787744700000,2026-08-26T11:45:00Z,148.79,148.79,148.79,148.79,0,0
1787745000000,2026-08-26T11:50:00Z,148.79,148.79,148.79,148.79,0,0
1787745300000,2026-08-26T11:55:00Z,148.79,148.79,148.79,148.79,0,0
1787745600000,2026-08-26T12:00:00Z,148.79,148.89,148.59,148.89,0.24,35.6976
1787745900000,2026-08-26T12:05:00Z,148.89,148.89,148.89,148.89,0,0
1787746200000,2026-08-26T12:10:00Z,148.89,148.89,148.89,148.89,0,0
1787746500000,2026-08-26T12:15:00Z,148.89,148.89,148.73,148.73,0.5,74.392
1787746800000,2026-08-26T12:20:00Z,148.73,148.73,148.73,148.73,0,0
1787747100000,2026-08-26T12:25:00Z,148.73,148.9,148.52,148.52,0.3,44.65
1787747400000,2026-08-26T12:30:00Z,148.52,148.52,148.52,148.52,0,0
1787747700000,2026-08-26T12:35:00Z,148.52,148.52,148.08,148.08,2.45,363.1817
1787748000000,2026-08-26T12:40:00Z,148.08,148.08,148.08,148.08,0,0
1787748300000,2026-08-26T12:45:00Z,148.08,148.08,148.01,148.02,0.26,38.483
1787748600000,2026-08-26T12:50:00Z,148.02,148.02,147.49,147.63,13.97,2061.9527
1787748900000,2026-08-26T12:55:00Z,147.63,147.72,145,146.32,7.81,1137.2971
1787749200000,2026-08-26T13:00:00Z,146.32,146.32,146.32,146.32,0,0
1787749500000,2026-08-26T13:05:00Z,146.32,146.32,146.32,146.32,0,0
1787749800000,2026-08-26T13:10:00Z,146.32,146.72,146.32,146.69,0.21,30.8097
1787750100000,2026-08-26T13:15:00Z,146.69,146.69,146.69,146.69,0,0
1787750400000,2026-08-26T13:20:00Z,146.69,146.85,146.69,146.85,1.12,164.4608
1787750700000,2026-08-26T13:25:00Z,146.85,147.46,146.85,147.46,0.87,128.0871
1787751000000,2026-08-26T13:30:00Z,147.46,149.15,147.26,149.15,7.71,1140.8136
1787751300000,2026-08-26T13:35:00Z,149.15,149.27,148.38,149.27,0.3,44.6277
1787751600000,2026-08-26T13:40:00Z,149.27,149.57,149.06,149.57,0.66,98.5798
1787751900000,2026-08-26T13:45:00Z,149.57,150.47,149.39,149.57,1.01,151.4271
1787752200000,2026-08-26T13:50:00Z,149.57,149.57,149.27,149.27,0.76,113.4452
1787752500000,2026-08-26T13:55:00Z,149.27,149.27,149.27,149.27,0,0
1787752800000,2026-08-26T14:00:00Z,149.27,149.54,149.27,149.54,3.51,524.1924
1787753100000,2026-08-26T14:05:00Z,149.54,149.84,149.54,149.84,0.09,13.4856
1787753400000,2026-08-26T14:10:00Z,149.84,149.84,148.38,148.38,0.94,139.864
1787753700000,2026-08-26T14:15:00Z,148.38,148.38,148.08,148.08,0.03,4.4424
1787754000000,2026-08-26T14:20:00Z,148.08,148.21,148.08,148.21,0.2,29.642
1787754300000,2026-08-26T14:25:00Z,148.21,148.21,148.21,148.21,0,0
1787754600000,2026-08-26T14:30:00Z,148.21,148.21,147.79,147.87,2.17,321.0009
1787754900000,2026-08-26T14:35:00Z,147.87,148.38,147.87,148.38,1.4,207.5973
1787755200000,2026-08-26T14:40:00Z,148.38,148.38,147.84,147.84,1.08,159.7745
1787755500000,2026-08-26T14:45:00Z,147.84,147.84,147.23,147.23,0.58,85.4243
1787755800000,2026-08-26T14:50:00Z,147.23,147.23,147.23,147.23,0,0
1787756100000,2026-08-26T14:55:00Z,147.23,147.23,147.23,147.23,0,0
1787756400000,2026-08-26T15:00:00Z,147.23,147.32,147.19,147.32,1.09,160.4945
1787756700000,2026-08-26T15:05:00Z,147.32,147.59,147.25,147.59,1.78,262.4145
1787757000000,2026-08-26T15:10:00Z,147.59,147.64,147.59,147.64,0.31,45.7684
1787757300000,2026-08-26T15:15:00Z,147.64,147.64,147.35,147.35,0.21,30.9435
1787757600000,2026-08-26T15:20:00Z,147.35,147.35,147.31,147.31,0.21,30.9351
1787757900000,2026-08-26T15:25:00Z,147.31,147.31,147.31,147.31,0,0
1787758200000,2026-08-26T15:30:00Z,147.31,147.31,147.02,147.02,0.19,27.9338
1787758500000,2026-08-26T15:35:00Z,147.02,147.02,146.62,146.62,0.51,74.7846
1787758800000,2026-08-26T15:40:00Z,146.62,147.49,146.62,147.49,8.08,1189.3752
1787759100000,2026-08-26T15:45:00Z,147.49,147.49,147.41,147.41,0.13,19.1633
1787759400000,2026-08-26T15:50:00Z,147.41,148.08,147,148.08,29.67,4387.2751
1787759700000,2026-08-26T15:55:00Z,148.08,148.08,147.24,147.39,16.4,2418.4181
1787760000000,2026-08-26T16:00:00Z,147.39,147.47,147.39,147.45,1.96,288.9614
1787760300000,2026-08-26T16:05:00Z,147.45,147.45,147.45,147.45,0,0
1787760600000,2026-08-26T16:10:00Z,147.45,147.45,147.4,147.4,0.09,13.266
1787760900000,2026-08-26T16:15:00Z,147.4,147.4,147.32,147.32,2.73,402.2572
1787761200000,2026-08-26T16:20:00Z,147.32,147.32,147.18,147.18,1.65,242.8716
1787761500000,2026-08-26T16:25:00Z,147.18,147.18,147.18,147.18,0,0
1787761800000,2026-08-26T16:30:00Z,147.18,147.46,147.18,147.46,0.18,26.5428
1787762100000,2026-08-26T16:35:00Z,147.46,147.46,147.46,147.46,0,0
1787762400000,2026-08-26T16:40:00Z,147.46,147.46,147.07,147.07,0.3,44.121
1787762700000,2026-08-26T16:45:00Z,147.07,147.07,147.07,147.07,0,0
1787763000000,2026-08-26T16:50:00Z,147.07,147.66,146.95,146.95,1.27,186.7202
1787763300000,2026-08-26T16:55:00Z,146.95,146.95,146.95,146.95,0,0
1787763600000,2026-08-26T17:00:00Z,146.95,146.95,146.95,146.95,0,0
1787763900000,2026-08-26T17:05:00Z,146.95,146.95,146.95,146.95,0,0
1787764200000,2026-08-26T17:10:00Z,146.95,147.48,146.95,147.48,0.17,25.0716
1787764500000,2026-08-26T17:15:00Z,147.48,147.49,147.48,147.49,0.12,17.6988
1787764800000,2026-08-26T17:20:00Z,147.49,147.49,147.49,147.49,0,0
1787765100000,2026-08-26T17:25:00Z,147.49,147.73,147.49,147.59,0.69,101.8603
1787765400000,2026-08-26T17:30:00Z,147.59,147.59,147.59,147.59,0,0
1787765700000,2026-08-26T17:35:00Z,147.59,147.59,147.59,147.59,0,0
1787766000000,2026-08-26T17:40:00Z,147.59,147.98,147.59,147.98,0.76,112.3492
1787766300000,2026-08-26T17:45:00Z,147.98,147.98,147.98,147.98,0,0
1787766600000,2026-08-26T17:50:00Z,147.98,147.98,147.63,147.63,0.14,20.6682
1787766900000,2026-08-26T17:55:00Z,147.63,147.63,147.59,147.59,0.22,32.4698
1787767200000,2026-08-26T18:00:00Z,147.59,147.59,147.44,147.44,0.14,20.6416
1787767500000,2026-08-26T18:05:00Z,147.44,147.8,147.32,147.47,0.36,53.133
1787767800000,2026-08-26T18:10:00Z,147.47,147.47,146.79,146.79,6.46,950.3569
1787768100000,2026-08-26T18:15:00Z,146.79,146.79,146.79,146.79,0,0
1787768400000,2026-08-26T18:20:00Z,146.79,147.15,146.79,147.15,0.2,29.43
1787768700000,2026-08-26T18:25:00Z,147.15,147.15,146.99,146.99,0.72,105.8328
1787769000000,2026-08-26T18:30:00Z,146.99,146.99,146.61,146.61,2.84,416.7612
1787769300000,2026-08-26T18:35:00Z,146.61,146.61,146.61,146.61,0,0
1787769600000,2026-08-26T18:40:00Z,146.61,146.61,146.61,146.61,0,0
1787769900000,2026-08-26T18:45:00Z,146.61,146.99,146.61,146.99,0.1,14.699
1787770200000,2026-08-26T18:50:00Z,146.99,146.99,146.99,146.99,0,0
1787770500000,2026-08-26T18:55:00Z,146.99,146.99,146.98,146.99,0.46,67.6123
1787770800000,2026-08-26T19:00:00Z,146.99,147.49,146.99,147.49,1.18,173.837
1787771100000,2026-08-26T19:05:00Z,147.49,147.49,147.49,147.49,0,0
1787771400000,2026-08-26T19:10:00Z,147.49,147.49,147.49,147.49,0,0
1787771700000,2026-08-26T19:15:00Z,147.49,147.65,147.49,147.65,0.31,45.7715
1787772000000,2026-08-26T19:20:00Z,147.65,147.8,147.65,147.8,0.65,96.0635
1787772300000,2026-08-26T19:25:00Z,147.8,147.8,147.59,147.59,0.71,104.7889
1787772600000,2026-08-26T19:30:00Z,147.59,147.59,147.46,147.46,0.19,28.0174
1787772900000,2026-08-26T19:35:00Z,147.46,147.55,147.19,147.19,2.41,355.003
1787773200000,2026-08-26T19:40:00Z,147.19,147.19,147.19,147.19,0,0
1787773500000,2026-08-26T19:45:00Z,147.19,147.19,147.19,147.19,0,0
1787773800000,2026-08-26T19:50:00Z,147.19,147.68,147.08,147.68,2.58,380.0793
1787774100000,2026-08-26T19:55:00Z,147.68,147.68,146.9,146.9,0.77,113.2562
1787774400000,2026-08-26T20:00:00Z,146.9,146.9,146.9,146.9,0,0
1787774700000,2026-08-26T20:05:00Z,146.9,146.9,146.9,146.9,0,0
1787775000000,2026-08-26T20:10:00Z,146.9,146.9,146.86,146.86,0.17,24.9662
1787775300000,2026-08-26T20:15:00Z,146.86,146.86,146.86,146.86,0,0
1787775600000,2026-08-26T20:20:00Z,146.86,146.86,146.61,146.61,0.95,139.3816
1787775900000,2026-08-26T20:25:00Z,146.61,147.08,146.61,146.86,0.38,55.8486
1787776200000,2026-08-26T20:30:00Z,146.86,146.86,146.86,146.86,0,0
1787776500000,2026-08-26T20:35:00Z,146.86,146.86,146.86,146.86,0,0
1787776800000,2026-08-26T20:40:00Z,146.86,147.08,146.86,147.08,0.19,27.9452
1787777100000,2026-08-26T20:45:00Z,147.08,147.08,147.08,147.08,0,0
1787777400000,2026-08-26T20:50:00Z,147.08,147.08,147.08,147.08,0,0
1787777700000,2026-08-26T20:55:00Z,147.08,147.08,146.85,146.85,0.23,33.7755
1787778000000,2026-08-26T21:00:00Z,146.85,146.85,146.85,146.85,0,0
1787778300000,2026-08-26T21:05:00Z,146.85,146.85,146.85,146.85,0,0
1787778600000,2026-08-26T21:10:00Z,146.85,146.85,146.85,146.85,0,0
1787778900000,2026-08-26T21:15:00Z,146.85,147.19,146.85,147.19,0.16,23.5491
1787779200000,2026-08-26T21:20:00Z,147.19,148.06,147.19,148.06,0.46,67.854
1787779500000,2026-08-26T21:25:00Z,148.06,148.19,148.06,148.19,0.97,143.741
1787779800000,2026-08-26T21:30:00Z,148.19,148.19,148.19,148.19,0,0
1787780100000,2026-08-26T21:35:00Z,148.19,148.48,147.52,148.48,0.08,11.837
1787780400000,2026-08-26T21:40:00Z,148.48,148.48,147.6,147.62,0.16,23.6942
1787780700000,2026-08-26T21:45:00Z,147.62,147.62,147.62,147.62,0,0
1787781000000,2026-08-26T21:50:00Z,147.62,147.62,147.62,147.62,0,0
1787781300000,2026-08-26T21:55:00Z,147.62,147.62,147.62,147.62,0,0
1787781600000,2026-08-26T22:00:00Z,147.62,147.62,147.62,147.62,0,0
1787781900000,2026-08-26T22:05:00Z,147.62,147.79,147.62,147.79,0.2,29.558
1787782200000,2026-08-26T22:10:00Z,147.79,148.1,147.79,148.1,0.22,32.582
1787782500000,2026-08-26T22:15:00Z,148.1,148.32,147.52,148.32,0.08,11.8336
1787782800000,2026-08-26T22:20:00Z,148.32,148.32,148.32,148.32,0,0
1787783100000,2026-08-26T22:25:00Z,148.32,148.49,148.22,148.49,8.83,1310.9026
1787783400000,2026-08-26T22:30:00Z,148.49,148.49,148.49,148.49,0,0
1787783700000,2026-08-26T22:35:00Z,148.49,148.49,147.85,147.85,8.83,1305.5186
1787784000000,2026-08-26T22:40:00Z,147.85,147.85,147.85,147.85,0,0
1787784300000,2026-08-26T22:45:00Z,147.85,147.85,147.85,147.85,0,0
1787784600000,2026-08-26T22:50:00Z,147.85,147.85,147.85,147.85,0,0
1787784900000,2026-08-26T22:55:00Z,147.85,148.03,147.85,148.03,0.21,31.0863
1787785200000,2026-08-26T23:00:00Z,148.03,148.03,148.03,148.03,0,0
1787785500000,2026-08-26T23:05:00Z,148.03,148.19,148.03,148.19,0.1,14.819
1787785800000,2026-08-26T23:10:00Z,148.19,148.19,148.19,148.19,0,0
1787786100000,2026-08-26T23:15:00Z,148.19,148.19,148.19,148.19,0,0
1787786400000,2026-08-26T23:20:00Z,148.19,148.19,148.19,148.19,0,0
1787786700000,2026-08-26T23:25:00Z,148.19,148.19,148.17,148.17,0.46,68.1613
1787787000000,2026-08-26T23:30:00Z,148.17,148.17,148.08,148.08,0.31,45.9048
1787787300000,2026-08-26T23:35:00Z,148.08,148.08,148.08,148.08,0,0
1787787600000,2026-08-26T23:40:00Z,148.08,148.08,148.08,148.08,0,0
1787787900000,2026-08-26T23:45:00Z,148.08,148.08,148,148,0.07,10.36
1787788200000,2026-08-26T23:50:00Z,148,148,147.9,147.9,0.77,113.9087
1787788500000,2026-08-26T23:55:00Z,147.9,147.92,147.9,147.92,0.15,22.188
1787788800000,2026-08-27T00:00:00Z,147.92,147.92,147.92,147.92,0,0
1787789100000,2026-08-27T00:05:00Z,147.92,147.93,147.92,147.93,0.25,36.9825
1787789400000,2026-08-27T00:10:00Z,147.93,148.39,147.88,148.39,2.32,344.2029
1787789700000,2026-08-27T00:15:00Z,148.39,148.39,148.33,148.33,0.31,45.9823
1787790000000,2026-08-27T00:20:00Z,148.33,148.33,148.33,148.33,0,0
1787790300000,2026-08-27T00:25:00Z,148.33,148.33,148.33,148.33,0,0
1787790600000,2026-08-27T00:30:00Z,148.33,148.33,148.33,148.33,0,0
1787790900000,2026-08-27T00:35:00Z,148.33,148.33,148.26,148.26,0.15,22.239
1787791200000,2026-08-27T00:40:00Z,148.26,148.28,148.17,148.17,0.54,80.0371
1787791500000,2026-08-27T00:45:00Z,148.17,148.17,147.97,147.97,0.82,121.3354
1787791800000,2026-08-27T00:50:00Z,147.97,147.97,147.79,147.79,0.85,125.6745
1787792100000,2026-08-27T00:55:00Z,147.79,147.79,147.79,147.79,0,0
1787792400000,2026-08-27T01:00:00Z,147.79,147.79,147.79,147.79,0,0
1787792700000,2026-08-27T01:05:00Z,147.79,147.79,147.54,147.54,0.19,28.0326
1787793000000,2026-08-27T01:10:00Z,147.54,147.93,147.54,147.93,0.31,45.8583
1787793300000,2026-08-27T01:15:00Z,147.93,147.93,147.93,147.93,0,0
1787793600000,2026-08-27T01:20:00Z,147.93,147.93,147.93,147.93,0,0
1787793900000,2026-08-27T01:25:00Z,147.93,148.16,147.93,148.16,0.13,19.2608
1787794200000,2026-08-27T01:30:00Z,148.16,148.16,148.11,148.11,0.32,47.3952
1787794500000,2026-08-27T01:35:00Z,148.11,148.11,148.11,148.11,0,0
1787794800000,2026-08-27T01:40:00Z,148.11,148.11,148.11,148.11,0,0
1787795100000,2026-08-27T01:45:00Z,148.11,148.11,148.11,148.11,0,0
1787795400000,2026-08-27T01:50:00Z,148.11,148.11,148.11,148.11,0,0
1787795700000,2026-08-27T01:55:00Z,148.11,148.11,147.91,147.91,0.19,28.1029
1787796000000,2026-08-27T02:00:00Z,147.91,147.91,147.91,147.91,0,0
1787796300000,2026-08-27T02:05:00Z,147.91,147.91,147.91,147.91,0,0
1787796600000,2026-08-27T02:10:00Z,147.91,147.91,147.91,147.91,0,0
1787796900000,2026-08-27T02:15:00Z,147.91,148.1,147.91,148.1,0.27,39.987
1787797200000,2026-08-27T02:20:00Z,148.1,148.1,148.1,148.1,0,0
1787797500000,2026-08-27T02:25:00Z,148.1,148.18,148.1,148.18,0.08,11.8544
1787797800000,2026-08-27T02:30:00Z,148.18,148.18,148.18,148.18,0,0
1787798100000,2026-08-27T02:35:00Z,148.18,148.18,148.18,148.18,0,0
1787798400000,2026-08-27T02:40:00Z,148.18,148.18,148.01,148.01,0.1,14.801
1787798700000,2026-08-27T02:45:00Z,148.01,148.01,148.01,148.01,0,0
1787799000000,2026-08-27T02:50:00Z,148.01,148.01,148.01,148.01,0,0
1787799300000,2026-08-27T02:55:00Z,148.01,148.26,148.01,148.25,0.76,112.6713
1787799600000,2026-08-27T03:00:00Z,148.25,148.25,148.25,148.25,0,0
1787799900000,2026-08-27T03:05:00Z,148.25,148.31,148.25,148.31,0.31,45.9761
1787800200000,2026-08-27T03:10:00Z,148.31,148.65,148.31,148.65,10.86,1611.9926
1787800500000,2026-08-27T03:15:00Z,148.65,148.65,148.51,148.51,0.11,16.3361
1787800800000,2026-08-27T03:20:00Z,148.51,148.51,148.5,148.5,0.05,7.425
1787801100000,2026-08-27T03:25:00Z,148.5,148.51,148.5,148.51,0.21,31.1871
1787801400000,2026-08-27T03:30:00Z,148.51,148.51,148.5,148.5,12.5,1856.2513
1787801700000,2026-08-27T03:35:00Z,148.5,148.5,148.5,148.5,1.94,288.09
1787802000000,2026-08-27T03:40:00Z,148.5,148.54,148.5,148.54,0.26,38.6204
1787802300000,2026-08-27T03:45:00Z,148.54,148.54,148.54,148.54,0,0
1787802600000,2026-08-27T03:50:00Z,148.54,148.61,148.54,148.61,0.13,19.3193
1787802900000,2026-08-27T03:55:00Z,148.61,148.61,148.61,148.61,0.5,74.305
1787803200000,2026-08-27T04:00:00Z,148.61,148.61,148.61,148.61,0,0
1787803500000,2026-08-27T04:05:00Z,148.61,148.61,148.61,148.61,0,0
1787803800000,2026-08-27T04:10:00Z,148.61,148.61,148.51,148.51,2.31,343.0581
1787804100000,2026-08-27T04:15:00Z,148.51,148.54,148.5,148.5,10.25,1522.1428
1787804400000,2026-08-27T04:20:00Z,148.5,148.54,148.5,148.5,8.36,1241.5286
1787804700000,2026-08-27T04:25:00Z,148.5,148.56,148.5,148.54,9.83,1460.0919
1787805000000,2026-08-27T04:30:00Z,148.54,148.64,148.54,148.64,0.79,117.3848
1787805300000,2026-08-27T04:35:00Z,148.64,148.7,148.64,148.66,3.43,509.9265
1787805600000,2026-08-27T04:40:00Z,148.66,148.66,148.66,148.66,0,0
1787805900000,2026-08-27T04:45:00Z,148.66,148.66,148.66,148.66,0,0
1787806200000,2026-08-27T04:50:00Z,148.66,148.7,148.5,148.5,8.78,1304.0187
1787806500000,2026-08-27T04:55:00Z,148.5,148.5,148.5,148.5,0,0
1787806800000,2026-08-27T05:00:00Z,148.5,148.55,148.5,148.5,2.83,420.272
1787807100000,2026-08-27T05:05:00Z,148.5,148.5,148.5,148.5,3.5,519.75
1787807400000,2026-08-27T05:10:00Z,148.5,148.5,148.5,148.5,0,0
1787807700000,2026-08-27T05:15:00Z,148.5,148.5,148.5,148.5,0,0
1787808000000,2026-08-27T05:20:00Z,148.5,148.5,148.5,148.5,0,0
1787808300000,2026-08-27T05:25:00Z,148.5,148.51,148.5,148.51,0.14,20.7914
1787808600000,2026-08-27T05:30:00Z,148.51,148.56,148.51,148.56,0.15,22.284
1787808900000,2026-08-27T05:35:00Z,148.56,148.56,148.5,148.5,15.24,2263.14
1787809200000,2026-08-27T05:40:00Z,148.5,148.52,148.5,148.5,15.88,2358.37
1787809500000,2026-08-27T05:45:00Z,148.5,148.5,148.5,148.5,0,0
1787809800000,2026-08-27T05:50:00Z,148.5,148.5,148.5,148.5,0,0
1787810100000,2026-08-27T05:55:00Z,148.5,148.5,148.5,148.5,0,0
1787810400000,2026-08-27T06:00:00Z,148.5,148.58,148.5,148.58,0.14,20.8012
1787810700000,2026-08-27T06:05:00Z,148.58,148.58,148.5,148.5,20.08,2981.8816
1787811000000,2026-08-27T06:10:00Z,148.5,148.5,148.5,148.5,0,0
1787811300000,2026-08-27T06:15:00Z,148.5,148.5,148.5,148.5,0,0
1787811600000,2026-08-27T06:20:00Z,148.5,148.5,148.5,148.5,0,0
1787811900000,2026-08-27T06:25:00Z,148.5,148.51,148.5,148.51,0.1,14.851
1787812200000,2026-08-27T06:30:00Z,148.51,148.51,148.51,148.51,0,0
1787812500000,2026-08-27T06:35:00Z,148.51,148.51,148.51,148.51,0,0
1787812800000,2026-08-27T06:40:00Z,148.51,148.51,148.51,148.51,0,0
1787813100000,2026-08-27T06:45:00Z,148.51,148.53,148.51,148.53,0.11,16.3383
1787813400000,2026-08-27T06:50:00Z,148.53,148.53,148.52,148.52,0.22,32.6744
1787813700000,2026-08-27T06:55:00Z,148.52,148.52,148.52,148.52,0.08,11.8816
1787814000000,2026-08-27T07:00:00Z,148.52,148.6,148.52,148.6,0.14,20.804
1787814300000,2026-08-27T07:05:00Z,148.6,148.6,148.6,148.6,0,0
1787814600000,2026-08-27T07:10:00Z,148.6,148.6,148.6,148.6,0,0
1787814900000,2026-08-27T07:15:00Z,148.6,148.7,148.5,148.51,16.49,2449.3167
1787815200000,2026-08-27T07:20:00Z,148.51,148.51,148.51,148.51,0,0
1787815500000,2026-08-27T07:25:00Z,148.51,148.51,148.51,148.51,0,0
1787815800000,2026-08-27T07:30:00Z,148.51,148.51,148.51,148.51,0,0
1787816100000,2026-08-27T07:35:00Z,148.51,148.55,148.51,148.55,0.23,34.1665
1787816400000,2026-08-27T07:40:00Z,148.55,148.59,148.55,148.59,0.31,46.0629
1787816700000,2026-08-27T07:45:00Z,148.59,148.59,148.59,148.59,0,0
1787817000000,2026-08-27T07:50:00Z,148.59,148.59,148.59,148.59,0,0
1787817300000,2026-08-27T07:55:00Z,148.59,148.59,148.52,148.52,0.06,8.9112
1787817600000,2026-08-27T08:00:00Z,148.52,148.52,148.52,148.52,0,0
1787817900000,2026-08-27T08:05:00Z,148.52,148.52,148.52,148.52,0,0
1787818200000,2026-08-27T08:10:00Z,148.52,148.97,148.52,148.9,1.98,294.8627
1787818500000,2026-08-27T08:15:00Z,148.9,149.57,148.9,149.57,1.31,195.6237
1787818800000,2026-08-27T08:20:00Z,149.57,149.57,149.57,149.57,0,0
1787819100000,2026-08-27T08:25:00Z,149.57,149.78,149.57,149.78,0.15,22.467
1787819400000,2026-08-27T08:30:00Z,149.78,149.78,149.78,149.78,0,0
1787819700000,2026-08-27T08:35:00Z,149.78,149.78,149.78,149.78,0,0
1787820000000,2026-08-27T08:40:00Z,149.78,149.78,149.01,149.01,0.38,56.734
1787820300000,2026-08-27T08:45:00Z,149.01,149.59,149.01,149.59,0.17,25.4303
1787820600000,2026-08-27T08:50:00Z,149.59,149.59,149.14,149.14,0.22,32.8108
1787820900000,2026-08-27T08:55:00Z,149.14,149.39,149.14,149.39,0.13,19.4207
1787821200000,2026-08-27T09:00:00Z,149.39,149.39,149.39,149.39,0,0
1787821500000,2026-08-27T09:05:00Z,149.39,149.39,149.25,149.25,0.13,19.4025
1787821800000,2026-08-27T09:10:00Z,149.25,149.29,149.25,149.29,0.26,38.8154
1787822100000,2026-08-27T09:15:00Z,149.29,149.32,149.29,149.32,0.22,32.8504
1787822400000,2026-08-27T09:20:00Z,149.32,149.32,149.27,149.27,0.22,32.8394
1787822700000,2026-08-27T09:25:00Z,149.27,149.65,149.27,149.65,5.14,769.1848
1787823000000,2026-08-27T09:30:00Z,149.65,149.7,149.2,149.69,0.32,47.8232
1787823300000,2026-08-27T09:35:00Z,149.69,149.69,149.69,149.69,0,0
1787823600000,2026-08-27T09:40:00Z,149.69,149.69,149.43,149.43,0.19,28.3917
1787823900000,2026-08-27T09:45:00Z,149.43,149.43,149.43,149.43,0,0
1787824200000,2026-08-27T09:50:00Z,149.43,149.61,149.43,149.61,0.32,47.8752
1787824500000,2026-08-27T09:55:00Z,149.61,149.61,149.61,149.61,0,0
1787824800000,2026-08-27T10:00:00Z,149.61,149.61,149.43,149.43,0.18,26.8974
1787825100000,2026-08-27T10:05:00Z,149.43,149.43,149.04,149.04,0.19,28.3176
1787825400000,2026-08-27T10:10:00Z,149.04,149.05,149.04,149.05,0.24,35.772
1787825700000,2026-08-27T10:15:00Z,149.05,149.05,149.05,149.05,0,0
1787826000000,2026-08-27T10:20:00Z,149.05,149.22,149.05,149.22,0.31,46.2582
1787826300000,2026-08-27T10:25:00Z,149.22,149.22,149.22,149.22,0,0
1787826600000,2026-08-27T10:30:00Z,149.22,149.22,149.22,149.22,0,0
1787826900000,2026-08-27T10:35:00Z,149.22,149.34,149.22,149.34,4.38,654.0928
1787827200000,2026-08-27T10:40:00Z,149.34,149.34,149.34,149.34,0,0
1787827500000,2026-08-27T10:45:00Z,149.34,149.34,149.34,149.34,0,0
1787827800000,2026-08-27T10:50:00Z,149.34,149.34,149,149.31,0.42,62.6451
1787828100000,2026-08-27T10:55:00Z,149.31,149.31,149.31,149.31,0,0
1787828400000,2026-08-27T11:00:00Z,149.31,149.31,149.31,149.31,0,0
1787828700000,2026-08-27T11:05:00Z,149.31,149.31,149.31,149.31,0,0
1787829000000,2026-08-27T11:10:00Z,149.31,149.33,149.01,149.33,0.16,23.8672
1787829300000,2026-08-27T11:15:00Z,149.33,149.33,149.33,149.33,0,0
1787829600000,2026-08-27T11:20:00Z,149.33,149.33,149.33,149.33,0,0
1787829900000,2026-08-27T11:25:00Z,149.33,149.33,148.99,148.99,0.49,73.0123
1787830200000,2026-08-27T11:30:00Z,148.99,148.99,148.99,148.99,0,0
1787830500000,2026-08-27T11:35:00Z,148.99,148.99,148.97,148.97,0.34,50.6529
1787830800000,2026-08-27T11:40:00Z,148.97,148.97,148.78,148.78,0.11,16.3658
1787831100000,2026-08-27T11:45:00Z,148.78,148.78,148.78,148.78,0,0
1787831400000,2026-08-27T11:50:00Z,148.78,148.96,148.54,148.6,23.68,3518.971
1787831700000,2026-08-27T11:55:00Z,148.6,148.6,148.6,148.6,0,0
1787832000000,2026-08-27T12:00:00Z,148.6,148.65,148.6,148.65,0.16,23.784
1787832300000,2026-08-27T12:05:00Z,148.65,148.72,148.65,148.72,0.1,14.872
1787832600000,2026-08-27T12:10:00Z,148.72,148.72,148.72,148.72,0,0
1787832900000,2026-08-27T12:15:00Z,148.72,148.8,148.72,148.8,6.25,929.9838
1787833200000,2026-08-27T12:20:00Z,148.8,148.8,148.72,148.72,0.05,7.436
1787833500000,2026-08-27T12:25:00Z,148.72,148.98,148.66,148.98,0.25,37.181
1787833800000,2026-08-27T12:30:00Z,148.98,148.98,148.98,148.98,0,0
1787834100000,2026-08-27T12:35:00Z,148.98,148.98,148.56,148.56,0.09,13.3704
1787834400000,2026-08-27T12:40:00Z,148.56,148.56,148.56,148.56,0,0
1787834700000,2026-08-27T12:45:00Z,148.56,148.56,148.56,148.56,0,0
1787835000000,2026-08-27T12:50:00Z,148.56,148.56,148.56,148.56,0,0
1787835300000,2026-08-27T12:55:00Z,148.56,148.6,148.56,148.6,0.13,19.318
1787835600000,2026-08-27T13:00:00Z,148.6,148.6,148.54,148.54,0.1,14.854
1787835900000,2026-08-27T13:05:00Z,148.54,148.54,148.5,148.5,13.98,2076.04
1787836200000,2026-08-27T13:10:00Z,148.5,148.5,148.38,148.38,20,2969.8305
1787836500000,2026-08-27T13:15:00Z,148.38,148.38,148.32,148.36,0.62,91.9708
1787836800000,2026-08-27T13:20:00Z,148.36,148.36,148.19,148.19,0.31,45.9389
1787837100000,2026-08-27T13:25:00Z,148.19,148.64,148.1,148.29,10.44,1550.5192
1787837400000,2026-08-27T13:30:00Z,148.29,148.45,145.16,145.16,28.68,4208.3219
1787837700000,2026-08-27T13:35:00Z,145.16,146.61,145.16,146.61,4.54,663.5078
1787838000000,2026-08-27T13:40:00Z,146.61,146.61,145.21,145.21,3.67,533.9099
1787838300000,2026-08-27T13:45:00Z,145.21,146.02,145.13,145.2,11.33,1645.3666
1787838600000,2026-08-27T13:50:00Z,145.2,146.01,145.2,145.6,9.01,1311.3544
1787838900000,2026-08-27T13:55:00Z,145.6,145.73,145.15,145.73,2.06,299.6164
1787839200000,2026-08-27T14:00:00Z,145.73,146.02,145.73,146.02,1.35,197.061
1787839500000,2026-08-27T14:05:00Z,146.02,146.31,146.02,146.31,1.34,196.0292
1787839800000,2026-08-27T14:10:00Z,146.31,146.68,146.31,146.68,3.35,491.1356
1787840100000,2026-08-27T14:15:00Z,146.68,147.49,146.68,147.48,6.2,912.5124
1787840400000,2026-08-27T14:20:00Z,147.48,147.48,146.81,146.81,1.25,183.6152
1787840700000,2026-08-27T14:25:00Z,146.81,147.47,146.81,147.47,0.08,11.7976
1787841000000,2026-08-27T14:30:00Z,147.47,147.47,147.23,147.41,0.28,41.2377
1787841300000,2026-08-27T14:35:00Z,147.41,147.49,147.41,147.49,1.34,197.6204
1787841600000,2026-08-27T14:40:00Z,147.49,147.49,147.49,147.49,0,0
1787841900000,2026-08-27T14:45:00Z,147.49,147.49,146.9,146.9,2.14,314.4257
1787842200000,2026-08-27T14:50:00Z,146.9,146.9,146.9,146.9,0,0
1787842500000,2026-08-27T14:55:00Z,146.9,147.49,146.9,147.49,1.35,199.0951
1787842800000,2026-08-27T15:00:00Z,147.49,147.79,147.49,147.79,1.02,150.7458
1787843100000,2026-08-27T15:05:00Z,147.79,147.79,147.19,147.19,2.39,351.7959
1787843400000,2026-08-27T15:10:00Z,147.19,147.19,147.19,147.19,0,0
1787843700000,2026-08-27T15:15:00Z,147.19,147.59,147.19,147.59,0.31,45.7529
1787844000000,2026-08-27T15:20:00Z,147.59,147.85,147.59,147.85,1.01,149.2685
1787844300000,2026-08-27T15:25:00Z,147.85,147.85,147.85,147.85,0,0
1787844600000,2026-08-27T15:30:00Z,147.85,147.85,147.35,147.35,0.11,16.2085
1787844900000,2026-08-27T15:35:00Z,147.35,147.35,147.35,147.35,0,0
1787845200000,2026-08-27T15:40:00Z,147.35,147.35,147.35,147.35,0,0
1787845500000,2026-08-27T15:45:00Z,147.35,148.38,147.35,148.38,2.8,414.8683
1787845800000,2026-08-27T15:50:00Z,148.38,148.78,148.38,148.78,0.69,102.5902
1787846100000,2026-08-27T15:55:00Z,148.78,148.78,148.78,148.78,0,0
1787846400000,2026-08-27T16:00:00Z,148.78,149.56,148.78,149.39,51.46,7674.8687
1787846700000,2026-08-27T16:05:00Z,149.39,149.87,149.39,149.87,0.42,62.8226
1787847000000,2026-08-27T16:10:00Z,149.87,149.87,149.87,149.87,0,0
1787847300000,2026-08-27T16:15:00Z,149.87,149.87,149.27,149.27,1.52,226.917
1787847600000,2026-08-27T16:20:00Z,149.27,149.27,149.2,149.22,10.06,1500.9806
1787847900000,2026-08-27T16:25:00Z,149.22,149.56,149.22,149.56,0.18,26.8911
1787848200000,2026-08-27T16:30:00Z,149.56,149.56,149.54,149.54,0.25,37.385
1787848500000,2026-08-27T16:35:00Z,149.54,149.54,149.33,149.33,0.17,25.3861
1787848800000,2026-08-27T16:40:00Z,149.33,149.45,149.33,149.45,0.17,25.4065
1787849100000,2026-08-27T16:45:00Z,149.45,150.17,149.37,150.17,1.71,255.5571
1787849400000,2026-08-27T16:50:00Z,150.17,150.17,150.17,150.17,0,0
1787849700000,2026-08-27T16:55:00Z,150.17,151.08,150.17,151.08,0.1,15.0807
1787850000000,2026-08-27T17:00:00Z,151.08,151.4,151.08,151.4,1.15,174.0894
1787850300000,2026-08-27T17:05:00Z,151.4,151.4,151.4,151.4,0,0
1787850600000,2026-08-27T17:10:00Z,151.4,151.69,151.4,151.69,0.03,4.5507
1787850900000,2026-08-27T17:15:00Z,151.69,151.7,151.69,151.7,0.1,15.17
1787851200000,2026-08-27T17:20:00Z,151.7,151.91,151.61,151.91,0.22,33.3662
1787851500000,2026-08-27T17:25:00Z,151.91,151.91,151.08,151.08,2.11,319.0771
1787851800000,2026-08-27T17:30:00Z,151.08,151.08,151.08,151.08,0,0
1787852100000,2026-08-27T17:35:00Z,151.08,151.08,151.08,151.08,0,0
1787852400000,2026-08-27T17:40:00Z,151.08,151.08,151.08,151.08,0,0
1787852700000,2026-08-27T17:45:00Z,151.08,151.08,150.91,150.91,1.47,221.8409
1787853000000,2026-08-27T17:50:00Z,150.91,150.91,150.91,150.91,0,0
1787853300000,2026-08-27T17:55:00Z,150.91,150.91,150.91,150.91,0,0
1787853600000,2026-08-27T18:00:00Z,150.91,151.07,150.78,151.07,20.34,3072.6652
1787853900000,2026-08-27T18:05:00Z,151.07,151.28,151.07,151.28,0.31,46.8968
1787854200000,2026-08-27T18:10:00Z,151.28,151.28,150.63,150.63,1.31,197.3253
1787854500000,2026-08-27T18:15:00Z,150.63,150.63,150.63,150.63,0,0
1787854800000,2026-08-27T18:20:00Z,150.63,150.63,150.63,150.63,0,0
1787855100000,2026-08-27T18:25:00Z,150.63,150.63,150.63,150.63,0,0
1787855400000,2026-08-27T18:30:00Z,150.63,150.63,150.63,150.63,0,0
1787855700000,2026-08-27T18:35:00Z,150.63,150.7,150.63,150.7,0.31,46.717
1787856000000,2026-08-27T18:40:00Z,150.7,150.7,150.7,150.7,0,0
1787856300000,2026-08-27T18:45:00Z,150.7,151.3,150.7,151.3,0.22,33.286
1787856600000,2026-08-27T18:50:00Z,151.3,151.3,151.14,151.14,0.04,6.0456
1787856900000,2026-08-27T18:55:00Z,151.14,151.29,151.14,151.29,0.32,48.4128
1787857200000,2026-08-27T19:00:00Z,151.29,151.99,151.29,151.98,2.88,436.7078
1787857500000,2026-08-27T19:05:00Z,151.98,153.09,151.98,153.09,1.14,173.7987
1787857800000,2026-08-27T19:10:00Z,153.09,153.52,153.09,153.52,1.06,162.5619
1787858100000,2026-08-27T19:15:00Z,153.52,153.94,153.47,153.47,72.79,11193.0619
1787858400000,2026-08-27T19:20:00Z,153.47,153.47,153.27,153.27,5.14,787.8078
1787858700000,2026-08-27T19:25:00Z,153.27,153.27,153.21,153.21,0.53,81.2013
1787859000000,2026-08-27T19:30:00Z,153.21,153.21,153.21,153.21,0,0
1787859300000,2026-08-27T19:35:00Z,153.21,153.21,153.21,153.21,0,0
1787859600000,2026-08-27T19:40:00Z,153.21,153.21,152.93,152.93,0.04,6.1172
1787859900000,2026-08-27T19:45:00Z,152.93,153.47,152.93,153.47,0.31,47.5757
1787860200000,2026-08-27T19:50:00Z,153.47,153.66,153.32,153.66,2.82,433.2158
1787860500000,2026-08-27T19:55:00Z,153.66,153.66,152.6,152.6,4.95,758.4963
1787860800000,2026-08-27T20:00:00Z,152.6,152.6,152.29,152.41,10.11,1539.7615
1787861100000,2026-08-27T20:05:00Z,152.41,152.41,152.41,152.41,0,0
1787861400000,2026-08-27T20:10:00Z,152.41,152.41,152.41,152.41,0,0
1787861700000,2026-08-27T20:15:00Z,152.41,152.91,152.41,152.91,0.34,51.9863
1787862000000,2026-08-27T20:20:00Z,152.91,153.21,152.91,153.21,0.67,102.6187
1787862300000,2026-08-27T20:25:00Z,153.21,153.21,153.21,153.21,0,0
1787862600000,2026-08-27T20:30:00Z,153.21,153.27,152.1,153.24,2.69,410.9847
1787862900000,2026-08-27T20:35:00Z,153.24,153.24,153.24,153.24,0,0
1787863200000,2026-08-27T20:40:00Z,153.24,153.24,152.6,152.6,0.07,10.686
1787863500000,2026-08-27T20:45:00Z,152.6,152.6,152.6,152.6,0,0
1787863800000,2026-08-27T20:50:00Z,152.6,152.7,152.4,152.7,0.39,59.5319
1787864100000,2026-08-27T20:55:00Z,152.7,152.7,152.7,152.7,0,0
1787864400000,2026-08-27T21:00:00Z,152.7,152.7,152.7,152.7,0,0
1787864700000,2026-08-27T21:05:00Z,152.7,152.7,152.7,152.7,0,0
1787865000000,2026-08-27T21:10:00Z,152.7,152.7,152.36,152.36,0.07,10.6652
1787865300000,2026-08-27T21:15:00Z,152.36,152.36,152.36,152.36,0,0
1787865600000,2026-08-27T21:20:00Z,152.36,152.36,152.36,152.36,0,0
1787865900000,2026-08-27T21:25:00Z,152.36,153.2,152.36,153.2,6.09,932.7329
1787866200000,2026-08-27T21:30:00Z,153.2,153.2,153.2,153.2,0,0
1787866500000,2026-08-27T21:35:00Z,153.2,153.2,152.48,152.48,0.16,24.3968
1787866800000,2026-08-27T21:40:00Z,152.48,153.21,152.42,153.21,0.25,38.1287
1787867100000,2026-08-27T21:45:00Z,153.21,153.21,152.63,152.63,0.2,30.526
1787867400000,2026-08-27T21:50:00Z,152.63,153.25,152.05,153.2,2.03,310.0993
1787867700000,2026-08-27T21:55:00Z,153.2,153.2,153.2,153.2,0,0
1787868000000,2026-08-27T22:00:00Z,153.2,153.2,152.62,152.62,0.07,10.6834
1787868300000,2026-08-27T22:05:00Z,152.62,153.21,152.62,153.21,0.23,35.2243
1787868600000,2026-08-27T22:10:00Z,153.21,154.14,153.21,154.14,33.27,5117.5683
1787868900000,2026-08-27T22:15:00Z,154.14,154.14,153.25,153.27,2.39,366.3665
1787869200000,2026-08-27T22:20:00Z,153.27,153.27,153.27,153.27,0,0
1787869500000,2026-08-27T22:25:00Z,153.27,153.27,153.27,153.27,0,0
1787869800000,2026-08-27T22:30:00Z,153.27,153.5,152.75,152.75,3.5,535.7052
1787870100000,2026-08-27T22:35:00Z,152.75,153.5,152.75,152.75,0.08,12.25
1787870400000,2026-08-27T22:40:00Z,152.75,152.75,152.75,152.75,0,0
1787870700000,2026-08-27T22:45:00Z,152.75,153.51,152.75,153.51,0.18,27.6102
1787871000000,2026-08-27T22:50:00Z,153.51,153.51,153.25,153.25,0.3,45.975
1787871300000,2026-08-27T22:55:00Z,153.25,154.07,153.25,154.07,2.22,340.7774
1787871600000,2026-08-27T23:00:00Z,154.07,154.07,153.13,153.13,0.5,76.7409
1787871900000,2026-08-27T23:05:00Z,153.13,153.8,153.02,153.02,0.1,15.341
1787872200000,2026-08-27T23:10:00Z,153.02,153.02,153.02,153.02,0,0
1787872500000,2026-08-27T23:15:00Z,153.02,153.8,153,153,0.12,18.408
1787872800000,2026-08-27T23:20:00Z,153,153,153,153,0,0
1787873100000,2026-08-27T23:25:00Z,153,153,153,153,0,0
1787873400000,2026-08-27T23:30:00Z,153,153.14,153,153.12,2.8,428.713
1787873700000,2026-08-27T23:35:00Z,153.12,153.12,153,153,2.04,312.1676
1787874000000,2026-08-27T23:40:00Z,153,153,153,153,0,0
1787874300000,2026-08-27T23:45:00Z,153,153,153,153,0,0
1787874600000,2026-08-27T23:50:00Z,153,153,153,153,0,0
1787874900000,2026-08-27T23:55:00Z,153,153,152.8,152.8,2.19,334.8139
1787875200000,2026-08-28T00:00:00Z,152.8,152.8,152.8,152.8,0,0
1787875500000,2026-08-28T00:05:00Z,152.8,152.8,152.8,152.8,0,0
1787875800000,2026-08-28T00:10:00Z,152.8,152.8,152.71,152.71,0.7,106.9
1787876100000,2026-08-28T00:15:00Z,152.71,152.71,152.71,152.71,0,0
1787876400000,2026-08-28T00:20:00Z,152.71,152.71,152.71,152.71,0,0
1787876700000,2026-08-28T00:25:00Z,152.71,152.8,150.17,150.17,4.09,622.4569
1787877000000,2026-08-28T00:30:00Z,150.17,153.4,149.57,153.19,16.26,2465.1145
1787877300000,2026-08-28T00:35:00Z,153.19,153.19,152,153.19,0.2,30.5388
1787877600000,2026-08-28T00:40:00Z,153.19,153.19,153.19,153.19,0.08,12.2552
1787877900000,2026-08-28T00:45:00Z,153.19,153.19,152.3,153.18,0.24,36.664
1787878200000,2026-08-28T00:50:00Z,153.18,153.18,150.8,150.8,0.69,104.7429
1787878500000,2026-08-28T00:55:00Z,150.8,153.7,150.6,152.29,5.38,820.7708
1787878800000,2026-08-28T01:00:00Z,152.29,152.8,151.6,152,0.89,135.4877
1787879100000,2026-08-28T01:05:00Z,152,152.91,152,152.91,0.84,127.9773
1787879400000,2026-08-28T01:10:00Z,152.91,153.89,152.3,153.21,0.95,145.5908
1787879700000,2026-08-28T01:15:00Z,153.21,153.6,151.7,153.6,5.27,807.2481
1787880000000,2026-08-28T01:20:00Z,153.6,153.6,153,153.09,2.26,345.7818
1787880300000,2026-08-28T01:25:00Z,153.09,153.09,153,153.07,1,153.0007
1787880600000,2026-08-28T01:30:00Z,153.07,153.07,152.92,152.92,0.12,18.3504
1787880900000,2026-08-28T01:35:00Z,152.92,152.92,152.92,152.92,0,0
1787881200000,2026-08-28T01:40:00Z,152.92,153.82,152.92,153.82,0.2,30.696
1787881500000,2026-08-28T01:45:00Z,153.82,153.82,153.25,153.25,0.25,38.3125
1787881800000,2026-08-28T01:50:00Z,153.25,153.25,153.25,153.25,0,0
1787882100000,2026-08-28T01:55:00Z,153.25,153.25,153.25,153.25,0,0
1787882400000,2026-08-28T02:00:00Z,153.25,154.4,153.25,153.91,0.89,137.1038
1787882700000,2026-08-28T02:05:00Z,153.91,153.91,153.91,153.91,0,0
1787883000000,2026-08-28T02:10:00Z,153.91,154.43,153.91,154.43,0.95,146.7085
1787883300000,2026-08-28T02:15:00Z,154.43,154.43,154.11,154.11,2.44,376.0345
1787883600000,2026-08-28T02:20:00Z,154.11,154.11,153.97,153.97,0.31,47.7307
1787883900000,2026-08-28T02:25:00Z,153.97,153.99,153.89,153.99,0.14,21.5486
1787884200000,2026-08-28T02:30:00Z,153.99,153.99,153.87,153.87,0.31,47.6997
1787884500000,2026-08-28T02:35:00Z,153.87,153.87,153.87,153.87,0,0
1787884800000,2026-08-28T02:40:00Z,153.87,153.87,153.87,153.87,0,0
1787885100000,2026-08-28T02:45:00Z,153.87,154.42,153.87,154.42,0.07,10.8094
1787885400000,2026-08-28T02:50:00Z,154.42,154.42,154.42,154.42,0,0
1787885700000,2026-08-28T02:55:00Z,154.42,154.42,153.83,153.83,0.3,46.149
1787886000000,2026-08-28T03:00:00Z,153.83,153.83,153.83,153.83,0,0
1787886300000,2026-08-28T03:05:00Z,153.83,153.83,153.83,153.83,0,0
1787886600000,2026-08-28T03:10:00Z,153.83,154.26,153.79,153.79,0.26,40.0465
1787886900000,2026-08-28T03:15:00Z,153.79,154.3,153.79,154.3,0.18,27.774
1787887200000,2026-08-28T03:20:00Z,154.3,154.3,154.02,154.02,0.3,46.206
1787887500000,2026-08-28T03:25:00Z,154.02,154.02,154.02,154.02,0,0
1787887800000,2026-08-28T03:30:00Z,154.02,154.02,153.97,153.97,0.3,46.191
1787888100000,2026-08-28T03:35:00Z,153.97,153.97,153.97,153.97,0,0
1787888400000,2026-08-28T03:40:00Z,153.97,153.97,153.84,153.84,0.36,55.4014
1787888700000,2026-08-28T03:45:00Z,153.84,153.84,153.84,153.84,0,0
1787889000000,2026-08-28T03:50:00Z,153.84,153.91,153.43,153.43,65.18,10013.7351
1787889300000,2026-08-28T03:55:00Z,153.43,153.43,153.43,153.43,0,0
1787889600000,2026-08-28T04:00:00Z,153.43,153.43,153.43,153.43,0,0
1787889900000,2026-08-28T04:05:00Z,153.43,153.43,153.43,153.43,0,0
1787890200000,2026-08-28T04:10:00Z,153.43,153.88,153.43,153.88,0.07,10.7716
1787890500000,2026-08-28T04:15:00Z,153.88,153.88,153.88,153.88,0,0
1787890800000,2026-08-28T04:20:00Z,153.88,153.88,153.88,153.88,0,0
1787891100000,2026-08-28T04:25:00Z,153.88,154.41,153.79,153.79,1.39,214.3378
1787891400000,2026-08-28T04:30:00Z,153.79,153.79,153.79,153.79,0,0
1787891700000,2026-08-28T04:35:00Z,153.79,153.82,153.79,153.82,0.3,46.146
1787892000000,2026-08-28T04:40:00Z,153.82,153.82,153.81,153.81,0.15,23.0715
1787892300000,2026-08-28T04:45:00Z,153.81,154.12,153.81,154.12,0.17,26.2004
1787892600000,2026-08-28T04:50:00Z,154.12,154.12,153.53,153.53,1.11,170.5261
1787892900000,2026-08-28T04:55:00Z,153.53,154,153.53,154,0.15,23.1
1787893200000,2026-08-28T05:00:00Z,154,154,154,154,0,0
1787893500000,2026-08-28T05:05:00Z,154,154,154,154,0,0
1787893800000,2026-08-28T05:10:00Z,154,154.41,153.53,154.41,3.71,570.8345
1787894100000,2026-08-28T05:15:00Z,154.41,154.41,154.41,154.41,0,0
1787894400000,2026-08-28T05:20:00Z,154.41,154.41,153.61,153.61,0.3,46.1445
1787894700000,2026-08-28T05:25:00Z,153.61,153.61,153.61,153.61,0,0
1787895000000,2026-08-28T05:30:00Z,153.61,153.82,153.61,153.82,0.3,46.146
1787895300000,2026-08-28T05:35:00Z,153.82,153.82,153.52,153.52,0.88,135.1471
1787895600000,2026-08-28T05:40:00Z,153.52,153.86,153.52,153.86,0.22,33.8492
1787895900000,2026-08-28T05:45:00Z,153.86,153.86,153.39,153.39,0.31,47.5509
1787896200000,2026-08-28T05:50:00Z,153.39,153.81,153.39,153.45,0.16,24.5808
1787896500000,2026-08-28T05:55:00Z,153.45,153.51,153.45,153.51,0.31,47.5881
1787896800000,2026-08-28T06:00:00Z,153.51,153.61,153.51,153.61,0.24,36.8664
1787897100000,2026-08-28T06:05:00Z,153.61,153.61,153.61,153.61,0,0
1787897400000,2026-08-28T06:10:00Z,153.61,153.66,153.61,153.66,0.31,47.6346
1787897700000,2026-08-28T06:15:00Z,153.66,153.66,153.66,153.66,0,0
1787898000000,2026-08-28T06:20:00Z,153.66,153.66,153.66,153.66,0,0
1787898300000,2026-08-28T06:25:00Z,153.66,153.66,153.66,153.66,0,0
1787898600000,2026-08-28T06:30:00Z,153.66,153.66,153.66,153.66,0,0
1787898900000,2026-08-28T06:35:00Z,153.66,153.95,153.66,153.95,0.11,16.9345
1787899200000,2026-08-28T06:40:00Z,153.95,153.98,153.95,153.98,0.24,36.9552
1787899500000,2026-08-28T06:45:00Z,153.98,153.98,153.98,153.98,0,0
1787899800000,2026-08-28T06:50:00Z,153.98,153.98,153.9,153.9,0.22,33.858
1787900100000,2026-08-28T06:55:00Z,153.9,153.9,153.9,153.9,0,0
1787900400000,2026-08-28T07:00:00Z,153.9,153.9,153.9,153.9,0,0
1787900700000,2026-08-28T07:05:00Z,153.9,153.9,153.66,153.66,20,3074.4961
1787901000000,2026-08-28T07:10:00Z,153.66,153.66,153.66,153.66,0,0
1787901300000,2026-08-28T07:15:00Z,153.66,154.01,153.66,154.01,0.43,66.1957
1787901600000,2026-08-28T07:20:00Z,154.01,154.01,154.01,154.01,0,0
1787901900000,2026-08-28T07:25:00Z,154.01,154.01,153.93,153.93,2.66,409.4538
1787902200000,2026-08-28T07:30:00Z,153.93,153.93,153.93,153.93,0,0
1787902500000,2026-08-28T07:35:00Z,153.93,153.93,153.93,153.93,0,0
1787902800000,2026-08-28T07:40:00Z,153.93,154.13,153.93,154.13,0.16,24.6608
1787903100000,2026-08-28T07:45:00Z,154.13,154.14,154.13,154.14,0.03,4.6242
1787903400000,2026-08-28T07:50:00Z,154.14,154.14,154.14,154.14,0,0
1787903700000,2026-08-28T07:55:00Z,154.14,154.14,154.14,154.14,0,0
1787904000000,2026-08-28T08:00:00Z,154.14,154.14,154.09,154.09,0.17,26.1953
1787904300000,2026-08-28T08:05:00Z,154.09,154.09,154.05,154.05,0.12,18.486
1787904600000,2026-08-28T08:10:00Z,154.05,154.05,154.05,154.05,0,0
1787904900000,2026-08-28T08:15:00Z,154.05,154.1,154.05,154.1,0.09,13.869
1787905200000,2026-08-28T08:20:00Z,154.1,154.1,153.86,153.86,0.09,13.8474
1787905500000,2026-08-28T08:25:00Z,153.86,153.96,153.86,153.96,0.2,30.792
1787905800000,2026-08-28T08:30:00Z,153.96,154.08,153.96,154.08,0.12,18.4896
1787906100000,2026-08-28T08:35:00Z,154.08,154.08,153.97,153.97,0.85,130.8857
1787906400000,2026-08-28T08:40:00Z,153.97,154.2,153.97,154.2,0.06,9.252
1787906700000,2026-08-28T08:45:00Z,154.2,154.2,154.2,154.2,0,0
1787907000000,2026-08-28T08:50:00Z,154.2,154.2,154.16,154.16,0.09,13.8744
1787907300000,2026-08-28T08:55:00Z,154.16,154.39,154.16,154.39,0.51,78.7025
1787907600000,2026-08-28T09:00:00Z,154.39,154.39,154.39,154.39,0,0
1787907900000,2026-08-28T09:05:00Z,154.39,154.39,154.39,154.39,0,0
1787908200000,2026-08-28T09:10:00Z,154.39,155.2,154.39,154.51,5.31,822.1059
1787908500000,2026-08-28T09:15:00Z,154.51,154.51,154.51,154.51,0,0
1787908800000,2026-08-28T09:20:00Z,154.51,154.51,154.44,154.44,0.33,50.9832
1787909100000,2026-08-28T09:25:00Z,154.44,154.44,154.44,154.44,0,0
1787909400000,2026-08-28T09:30:00Z,154.44,154.44,154.44,154.44,0,0
1787909700000,2026-08-28T09:35:00Z,154.44,154.44,154.44,154.44,0.09,13.8996
1787910000000,2026-08-28T09:40:00Z,154.44,154.53,154.44,154.52,0.41,63.3562
1787910300000,2026-08-28T09:45:00Z,154.52,154.52,154.33,154.33,0.15,23.1495
1787910600000,2026-08-28T09:50:00Z,154.33,154.4,154.33,154.4,0.24,37.056
1787910900000,2026-08-28T09:55:00Z,154.4,154.4,154.34,154.34,0.14,21.6076
1787911200000,2026-08-28T10:00:00Z,154.34,154.9,154.22,154.72,0.23,35.5242
1787911500000,2026-08-28T10:05:00Z,154.72,154.72,154.34,154.34,0.22,33.9548
1787911800000,2026-08-28T10:10:00Z,154.34,154.34,154.34,154.34,0,0
1787912100000,2026-08-28T10:15:00Z,154.34,154.34,154.34,154.34,0,0
1787912400000,2026-08-28T10:20:00Z,154.34,154.34,154.34,154.34,0,0
1787912700000,2026-08-28T10:25:00Z,154.34,154.45,154.34,154.45,0.12,18.534
1787913000000,2026-08-28T10:30:00Z,154.45,154.45,154.45,154.45,0,0
1787913300000,2026-08-28T10:35:00Z,154.45,154.59,154.45,154.59,0.25,38.6475
1787913600000,2026-08-28T10:40:00Z,154.59,154.59,154.22,154.22,0.57,87.998
1787913900000,2026-08-28T10:45:00Z,154.22,154.22,154.22,154.22,0,0
1787914200000,2026-08-28T10:50:00Z,154.22,154.64,154.22,154.64,0.2,30.928
1787914500000,2026-08-28T10:55:00Z,154.64,154.64,154.39,154.39,0.05,7.7195
1787914800000,2026-08-28T11:00:00Z,154.39,155.06,154.39,155.06,0.93,143.9418
1787915100000,2026-08-28T11:05:00Z,155.06,155.06,155.06,155.06,0,0
1787915400000,2026-08-28T11:10:00Z,155.06,155.06,154.75,154.75,0.3,46.425
1787915700000,2026-08-28T11:15:00Z,154.75,154.75,154.47,154.47,0.66,102.036
1787916000000,2026-08-28T11:20:00Z,154.47,154.47,154.47,154.47,0,0
1787916300000,2026-08-28T11:25:00Z,154.47,154.98,154.47,154.54,0.26,40.2376
1787916600000,2026-08-28T11:30:00Z,154.54,155.19,154.54,155.19,0.38,58.8829
1787916900000,2026-08-28T11:35:00Z,155.19,155.37,155.19,155.37,0.11,17.0907
1787917200000,2026-08-28T11:40:00Z,155.37,155.37,155.02,155.02,0.18,27.9036
1787917500000,2026-08-28T11:45:00Z,155.02,155.17,154.65,154.65,0.24,37.1784
1787917800000,2026-08-28T11:50:00Z,154.65,154.8,153.52,153.52,30.63,4717.4911
1787918100000,2026-08-28T11:55:00Z,153.52,154.14,153.24,154.12,0.23,35.4012
1787918400000,2026-08-28T12:00:00Z,154.12,154.12,153.54,153.54,0.13,19.9602
1787918700000,2026-08-28T12:05:00Z,153.54,153.54,153.54,153.54,0,0
1787919000000,2026-08-28T12:10:00Z,153.54,153.54,153.54,153.54,0,0
1787919300000,2026-08-28T12:15:00Z,153.54,154.69,152.94,154.29,7.28,1121.4221
1787919600000,2026-08-28T12:20:00Z,154.29,154.59,153.53,154.13,5.31,817.0824
1787919900000,2026-08-28T12:25:00Z,154.13,154.13,153.53,153.53,0.06,9.2118
1787920200000,2026-08-28T12:30:00Z,153.53,153.79,153.53,153.79,0.1,15.379
1787920500000,2026-08-28T12:35:00Z,153.79,153.79,153.79,153.79,0,0
1787920800000,2026-08-28T12:40:00Z,153.79,153.79,153.52,153.52,0.09,13.818
1787921100000,2026-08-28T12:45:00Z,153.52,154.05,153.3,153.4,0.24,36.885
1787921400000,2026-08-28T12:50:00Z,153.4,154,153.4,153.9,1.08,166.1802
1787921700000,2026-08-28T12:55:00Z,153.9,153.9,153.9,153.9,0.04,6.156
1787922000000,2026-08-28T13:00:00Z,153.9,153.9,153.64,153.64,0.12,18.4368
1787922300000,2026-08-28T13:05:00Z,153.64,153.64,153.64,153.64,0,0
1787922600000,2026-08-28T13:10:00Z,153.64,153.64,153.42,153.54,22.65,3476.5434
1787922900000,2026-08-28T13:15:00Z,153.54,153.89,153.03,153.03,2.7,413.8692
1787923200000,2026-08-28T13:20:00Z,153.03,153.03,151.99,151.99,0.62,94.3137
1787923500000,2026-08-28T13:25:00Z,151.99,152.28,151.69,151.69,0.81,123.0459
1787923800000,2026-08-28T13:30:00Z,151.69,152.49,150.16,151.08,91.95,13868.7332
1787924100000,2026-08-28T13:35:00Z,151.08,151.69,151.01,151.69,4.85,734.1136
1787924400000,2026-08-28T13:40:00Z,151.69,151.95,148.51,149.27,20.93,3153.6863
1787924700000,2026-08-28T13:45:00Z,149.27,150.15,148.38,150.12,6.83,1018.801
1787925000000,2026-08-28T13:50:00Z,150.12,150.18,148.71,149.57,2.76,412.9428
1787925300000,2026-08-28T13:55:00Z,149.57,151.05,149.57,150.03,5,752.2379
1787925600000,2026-08-28T14:00:00Z,150.03,151.08,147.81,148.97,9.99,1490.0512
1787925900000,2026-08-28T14:05:00Z,148.97,150.31,148.11,148.11,8.65,1293.3735
1787926200000,2026-08-28T14:10:00Z,148.11,148.96,147.84,148.11,5.28,783.6277
1787926500000,2026-08-28T14:15:00Z,148.11,148.82,148.11,148.82,1.43,212.8095
1787926800000,2026-08-28T14:20:00Z,148.82,148.82,148.82,148.82,0,0
1787927100000,2026-08-28T14:25:00Z,148.82,149.85,148.6,149.16,6.18,921.9971
1787927400000,2026-08-28T14:30:00Z,149.16,149.79,148.71,148.74,3.91,582.9727
1787927700000,2026-08-28T14:35:00Z,148.74,149.87,148.74,149.87,0.87,130.1106
1787928000000,2026-08-28T14:40:00Z,149.87,149.87,148.97,149.87,4.46,665.6726
1787928300000,2026-08-28T14:45:00Z,149.87,149.87,149.87,149.87,0,0
1787928600000,2026-08-28T14:50:00Z,149.87,150.78,149.87,150.78,17.18,2581.2274
1787928900000,2026-08-28T14:55:00Z,150.78,151.05,149.91,150.17,14.95,2245.442
1787929200000,2026-08-28T15:00:00Z,150.17,150.21,149.37,149.73,0.79,118.3449
1787929500000,2026-08-28T15:05:00Z,149.73,150.23,149.73,149.9,9.5,1425.7446
1787929800000,2026-08-28T15:10:00Z,149.9,149.9,149.9,149.9,0,0
1787930100000,2026-08-28T15:15:00Z,149.9,149.9,149.9,149.9,0,0
1787930400000,2026-08-28T15:20:00Z,149.9,149.9,149.9,149.9,0,0
1787930700000,2026-08-28T15:25:00Z,149.9,149.94,149.9,149.94,0.13,19.4922
1787931000000,2026-08-28T15:30:00Z,149.94,149.94,149.27,149.27,1.98,295.8946
1787931300000,2026-08-28T15:35:00Z,149.27,149.27,149.27,149.27,0,0
1787931600000,2026-08-28T15:40:00Z,149.27,149.37,148.71,148.71,1.34,199.684
1787931900000,2026-08-28T15:45:00Z,148.71,149.44,148.68,148.68,3.56,531.6764
1787932200000,2026-08-28T15:50:00Z,148.68,148.68,147.5,147.62,15.62,2304.8907
1787932500000,2026-08-28T15:55:00Z,147.62,147.62,147.49,147.49,0.53,78.1697
1787932800000,2026-08-28T16:00:00Z,147.49,147.49,147.27,147.27,0.26,38.2902
1787933100000,2026-08-28T16:05:00Z,147.27,147.85,147.27,147.85,0.19,28.0915
1787933400000,2026-08-28T16:10:00Z,147.85,148.33,147.85,148.33,2.68,396.9008
1787933700000,2026-08-28T16:15:00Z,148.33,148.33,147.85,147.85,1.19,176.0299
1787934000000,2026-08-28T16:20:00Z,147.85,147.85,147.49,147.49,0.34,50.1559
1787934300000,2026-08-28T16:25:00Z,147.49,147.49,147.23,147.23,0.19,27.9737
1787934600000,2026-08-28T16:30:00Z,147.23,147.86,147.23,147.86,0.25,36.965
1787934900000,2026-08-28T16:35:00Z,147.86,147.86,147.86,147.86,0,0
1787935200000,2026-08-28T16:40:00Z,147.86,147.86,147.34,147.75,0.52,76.6947
1787935500000,2026-08-28T16:45:00Z,147.75,148.08,147.33,148.08,1.32,194.9275
1787935800000,2026-08-28T16:50:00Z,148.08,148.08,148.08,148.08,0,0
1787936100000,2026-08-28T16:55:00Z,148.08,148.08,147.49,147.49,0.33,48.7077
1787936400000,2026-08-28T17:00:00Z,147.49,147.49,147.19,147.19,0.03,4.4157
1787936700000,2026-08-28T17:05:00Z,147.19,147.19,146.95,146.95,0.8,117.56
1787937000000,2026-08-28T17:10:00Z,146.95,146.95,146.9,146.9,0.03,4.407
1787937300000,2026-08-28T17:15:00Z,146.9,147.38,146.9,147.38,0.16,23.5608
1787937600000,2026-08-28T17:20:00Z,147.38,147.38,147.38,147.38,0,0
1787937900000,2026-08-28T17:25:00Z,147.38,147.79,147.17,147.79,2.93,432.0455
1787938200000,2026-08-28T17:30:00Z,147.79,147.79,147.79,147.79,0,0
1787938500000,2026-08-28T17:35:00Z,147.79,147.79,147.2,147.2,1.03,151.6666
1787938800000,2026-08-28T17:40:00Z,147.2,147.54,146.9,147.3,3.31,487.17
1787939100000,2026-08-28T17:45:00Z,147.3,147.3,147.3,147.3,0,0
1787939400000,2026-08-28T17:50:00Z,147.3,147.3,147.3,147.3,0,0
1787939700000,2026-08-28T17:55:00Z,147.3,147.3,147.09,147.09,0.25,36.7725
1787940000000,2026-08-28T18:00:00Z,147.09,147.2,147.07,147.2,0.2,29.427
1787940300000,2026-08-28T18:05:00Z,147.2,147.2,146.87,147.1,0.18,26.4573
1787940600000,2026-08-28T18:10:00Z,147.1,147.1,147.1,147.1,0,0
1787940900000,2026-08-28T18:15:00Z,147.1,147.15,147.1,147.15,0.31,45.6165
1787941200000,2026-08-28T18:20:00Z,147.15,147.15,147.15,147.15,0,0
1787941500000,2026-08-28T18:25:00Z,147.15,147.15,147.13,147.13,0.3,44.139
1787941800000,2026-08-28T18:30:00Z,147.13,147.13,147.13,147.13,0,0
1787942100000,2026-08-28T18:35:00Z,147.13,147.13,146.61,146.61,0.53,77.7033
1787942400000,2026-08-28T18:40:00Z,146.61,147.09,146.61,147.09,0.31,45.5979
1787942700000,2026-08-28T18:45:00Z,147.09,147.09,147.09,147.09,0,0
1787943000000,2026-08-28T18:50:00Z,147.09,147.09,147.09,147.09,0,0
1787943300000,2026-08-28T18:55:00Z,147.09,147.09,147.09,147.09,0,0
1787943600000,2026-08-28T19:00:00Z,147.09,147.09,147.09,147.09,0,0
1787943900000,2026-08-28T19:05:00Z,147.09,147.12,146.85,147.12,1.01,148.5165
1787944200000,2026-08-28T19:10:00Z,147.12,147.19,147.12,147.19,0.75,110.3853
1787944500000,2026-08-28T19:15:00Z,147.19,147.19,147.19,147.19,0,0
1787944800000,2026-08-28T19:20:00Z,147.19,147.19,147.19,147.19,0,0
1787945100000,2026-08-28T19:25:00Z,147.19,147.71,147.19,147.71,0.18,26.5488
1787945400000,2026-08-28T19:30:00Z,147.71,147.71,147.08,147.08,0.14,20.5912
1787945700000,2026-08-28T19:35:00Z,147.08,147.26,147.08,147.26,0.17,25.0342
1787946000000,2026-08-28T19:40:00Z,147.26,147.26,147.26,147.26,0,0
1787946300000,2026-08-28T19:45:00Z,147.26,147.75,147.26,147.75,0.78,115.1743
1787946600000,2026-08-28T19:50:00Z,147.75,148.38,147.75,148.38,12.21,1811.2827
1787946900000,2026-08-28T19:55:00Z,148.38,148.38,148.38,148.38,0,0
1787947200000,2026-08-28T20:00:00Z,148.38,148.38,148.38,148.38,0,0
1787947500000,2026-08-28T20:05:00Z,148.38,148.38,148.38,148.38,0,0
1787947800000,2026-08-28T20:10:00Z,148.38,148.38,148.04,148.04,0.13,19.2452
1787948100000,2026-08-28T20:15:00Z,148.04,148.23,148.04,148.23,0.2,29.646
1787948400000,2026-08-28T20:20:00Z,148.23,148.35,148.23,148.35,0.11,16.3185
1787948700000,2026-08-28T20:25:00Z,148.35,148.45,148.35,148.45,0.2,29.69
1787949000000,2026-08-28T20:30:00Z,148.45,148.45,148.45,148.45,0,0
1787949300000,2026-08-28T20:35:00Z,148.45,148.45,148.45,148.45,0,0
1787949600000,2026-08-28T20:40:00Z,148.45,148.45,148.45,148.45,0,0
1787949900000,2026-08-28T20:45:00Z,148.45,148.49,148.45,148.49,0.1,14.849
1787950200000,2026-08-28T20:50:00Z,148.49,148.49,148.42,148.43,0.31,46.0103
1787950500000,2026-08-28T20:55:00Z,148.43,148.43,148.43,148.43,0,0
1787950800000,2026-08-28T21:00:00Z,148.43,148.43,148.43,148.43,0,0
1787951100000,2026-08-28T21:05:00Z,148.43,148.43,148.43,148.43,0,0
1787951400000,2026-08-28T21:10:00Z,148.43,148.43,148.43,148.43,0,0
1787951700000,2026-08-28T21:15:00Z,148.43,148.55,148.2,148.55,0.16,23.733
1787952000000,2026-08-28T21:20:00Z,148.55,148.55,148.55,148.55,0,0
1787952300000,2026-08-28T21:25:00Z,148.55,148.55,148,148,6.68,988.64
1787952600000,2026-08-28T21:30:00Z,148,148,148,148,0,0
1787952900000,2026-08-28T21:35:00Z,148,148,148,148,0,0
1787953200000,2026-08-28T21:40:00Z,148,148.41,147.49,148.08,0.18,26.6577
1787953500000,2026-08-28T21:45:00Z,148.08,148.08,148.08,148.08,0,0
1787953800000,2026-08-28T21:50:00Z,148.08,148.08,147.87,147.87,0.18,26.6166
1787954100000,2026-08-28T21:55:00Z,147.87,148.09,147.19,147.19,0.13,19.2067
1787954400000,2026-08-28T22:00:00Z,147.19,148.65,147.19,148.65,2.53,373.8504
1787954700000,2026-08-28T22:05:00Z,148.65,148.8,147.65,148.8,4.16,617.2155
1787955000000,2026-08-28T22:10:00Z,148.8,148.8,148.8,148.8,0,0
1787955300000,2026-08-28T22:15:00Z,148.8,148.8,148.09,148.1,0.85,126.0078
1787955600000,2026-08-28T22:20:00Z,148.1,148.1,148.1,148.1,0,0
1787955900000,2026-08-28T22:25:00Z,148.1,148.1,148.1,148.1,0,0
1787956200000,2026-08-28T22:30:00Z,148.1,148.1,148.1,148.1,0,0
1787956500000,2026-08-28T22:35:00Z,148.1,148.18,148.1,148.18,0.11,16.2998
1787956800000,2026-08-28T22:40:00Z,148.18,148.18,148.18,148.18,0,0
1787957100000,2026-08-28T22:45:00Z,148.18,148.42,148.18,148.42,0.12,17.8104
1787957400000,2026-08-28T22:50:00Z,148.42,148.42,148.42,148.42,0,0
1787957700000,2026-08-28T22:55:00Z,148.42,148.42,148.42,148.42,0,0
1787958000000,2026-08-28T23:00:00Z,148.42,148.42,148.42,148.42,0,0
1787958300000,2026-08-28T23:05:00Z,148.42,148.44,148.16,148.16,0.4,59.32
1787958600000,2026-08-28T23:10:00Z,148.16,148.5,148.16,148.5,0.18,26.73
1787958900000,2026-08-28T23:15:00Z,148.5,148.5,148.41,148.41,0.15,22.2615
1787959200000,2026-08-28T23:20:00Z,148.41,148.41,148.41,148.41,0,0
1787959500000,2026-08-28T23:25:00Z,148.41,148.43,148.41,148.43,0.15,22.2645
1787959800000,2026-08-28T23:30:00Z,148.43,148.51,148.26,148.26,0.43,63.8068
1787960100000,2026-08-28T23:35:00Z,148.26,148.48,148.26,148.48,0.12,17.8176
1787960400000,2026-08-28T23:40:00Z,148.48,148.48,148.48,148.48,0,0
1787960700000,2026-08-28T23:45:00Z,148.48,148.48,148.48,148.48,0,0
1787961000000,2026-08-28T23:50:00Z,148.48,148.48,148.48,148.48,0,0
1787961300000,2026-08-28T23:55:00Z,148.48,148.52,148.48,148.52,0.27,40.1004
1787961600000,2026-08-29T00:00:00Z,148.52,148.52,148.43,148.43,0.09,13.3587
1787961900000,2026-08-29T00:05:00Z,148.43,148.43,148.43,148.43,0,0
1787962200000,2026-08-29T00:10:00Z,148.43,148.51,148.43,148.51,0.14,20.7914
1787962500000,2026-08-29T00:15:00Z,148.51,148.51,148.51,148.51,0,0
1787962800000,2026-08-29T00:20:00Z,148.51,148.51,148.45,148.45,0.23,34.1435
1787963100000,2026-08-29T00:25:00Z,148.45,148.45,148.45,148.45,0,0
1787963400000,2026-08-29T00:30:00Z,148.45,148.45,148.45,148.45,0,0
1787963700000,2026-08-29T00:35:00Z,148.45,148.45,148.45,148.45,0,0
1787964000000,2026-08-29T00:40:00Z,148.45,148.48,148.3,148.3,3.96,587.3225
1787964300000,2026-08-29T00:45:00Z,148.3,148.3,148.3,148.3,0,0
1787964600000,2026-08-29T00:50:00Z,148.3,148.3,148.3,148.3,0,0
1787964900000,2026-08-29T00:55:00Z,148.3,148.46,148.3,148.46,0.19,28.2074
1787965200000,2026-08-29T01:00:00Z,148.46,148.46,148.42,148.42,0.2,29.684
1787965500000,2026-08-29T01:05:00Z,148.42,148.42,148.42,148.42,0,0
1787965800000,2026-08-29T01:10:00Z,148.42,148.42,148.42,148.42,0,0
1787966100000,2026-08-29T01:15:00Z,148.42,148.42,148.32,148.33,0.41,60.8123
1787966400000,2026-08-29T01:20:00Z,148.33,148.33,148.33,148.33,0,0
1787966700000,2026-08-29T01:25:00Z,148.33,148.47,148.33,148.47,0.22,32.6634
1787967000000,2026-08-29T01:30:00Z,148.47,148.51,148.47,148.51,0.25,37.1275
1787967300000,2026-08-29T01:35:00Z,148.51,148.51,148.36,148.36,0.14,20.7704
1787967600000,2026-08-29T01:40:00Z,148.36,148.36,148.35,148.35,0.22,32.637
1787967900000,2026-08-29T01:45:00Z,148.35,148.35,148.35,148.35,0,0
1787968200000,2026-08-29T01:50:00Z,148.35,148.35,148.35,148.35,0,0
1787968500000,2026-08-29T01:55:00Z,148.35,148.52,148.35,148.52,0.14,20.7928
1787968800000,2026-08-29T02:00:00Z,148.52,148.52,148.52,148.52,0,0
1787969100000,2026-08-29T02:05:00Z,148.52,148.52,148.32,148.32,0.08,11.8656
1787969400000,2026-08-29T02:10:00Z,148.32,148.32,148.32,148.32,0,0
1787969700000,2026-08-29T02:15:00Z,148.32,148.32,148.32,148.32,0.08,11.8656
1787970000000,2026-08-29T02:20:00Z,148.32,148.45,148.32,148.45,0.12,17.814
1787970300000,2026-08-29T02:25:00Z,148.45,148.45,148.4,148.4,0.16,23.744
1787970600000,2026-08-29T02:30:00Z,148.4,148.4,148.4,148.4,0,0
1787970900000,2026-08-29T02:35:00Z,148.4,148.4,148.37,148.38,0.55,81.6059
1787971200000,2026-08-29T02:40:00Z,148.38,148.38,148.38,148.38,0,0
1787971500000,2026-08-29T02:45:00Z,148.38,148.45,148.38,148.45,0.24,35.628
1787971800000,2026-08-29T02:50:00Z,148.45,148.45,148.35,148.36,0.43,63.7917
1787972100000,2026-08-29T02:55:00Z,148.36,148.36,148.36,148.36,0,0
1787972400000,2026-08-29T03:00:00Z,148.36,148.36,148.36,148.36,0,0
1787972700000,2026-08-29T03:05:00Z,148.36,148.38,148.36,148.38,0.17,25.2246
1787973000000,2026-08-29T03:10:00Z,148.38,148.41,148.38,148.41,0.07,10.3887
1787973300000,2026-08-29T03:15:00Z,148.41,148.41,148.41,148.41,0,0
1787973600000,2026-08-29T03:20:00Z,148.41,148.41,148.35,148.35,0.18,26.703
1787973900000,2026-08-29T03:25:00Z,148.35,148.35,148.35,148.35,0,0
1787974200000,2026-08-29T03:30:00Z,148.35,148.35,148.35,148.35,0,0
1787974500000,2026-08-29T03:35:00Z,148.35,148.35,148.35,148.35,0,0
1787974800000,2026-08-29T03:40:00Z,148.35,148.42,148.35,148.42,0.08,11.8736
1787975100000,2026-08-29T03:45:00Z,148.42,148.58,148.42,148.58,0.51,75.7758
1787975400000,2026-08-29T03:50:00Z,148.58,148.58,148.37,148.37,0.08,11.8696
1787975700000,2026-08-29T03:55:00Z,148.37,148.37,148.37,148.37,0,0
1787976000000,2026-08-29T04:00:00Z,148.37,148.37,148.37,148.37,0,0
1787976300000,2026-08-29T04:05:00Z,148.37,148.37,148.37,148.37,0,0
1787976600000,2026-08-29T04:10:00Z,148.37,148.41,148.37,148.41,0.12,17.8092
1787976900000,2026-08-29T04:15:00Z,148.41,148.46,148.1,148.1,0.42,62.2776
1787977200000,2026-08-29T04:20:00Z,148.1,148.47,148.1,148.47,0.23,34.1481
1787977500000,2026-08-29T04:25:00Z,148.47,148.47,148.47,148.47,0,0
1787977800000,2026-08-29T04:30:00Z,148.47,148.47,148.47,148.47,0,0
1787978100000,2026-08-29T04:35:00Z,148.47,148.47,148.33,148.34,0.48,71.2002
1787978400000,2026-08-29T04:40:00Z,148.34,148.34,148.31,148.31,0.15,22.2465
1787978700000,2026-08-29T04:45:00Z,148.31,148.31,148.31,148.31,0,0
1787979000000,2026-08-29T04:50:00Z,148.31,148.31,148.31,148.31,0,0
1787979300000,2026-08-29T04:55:00Z,148.31,148.31,148.31,148.31,0,0
1787979600000,2026-08-29T05:00:00Z,148.31,148.45,148.31,148.45,0.09,13.3605
1787979900000,2026-08-29T05:05:00Z,148.45,148.45,148.45,148.45,0.22,32.659
1787980200000,2026-08-29T05:10:00Z,148.45,148.58,148.33,148.58,0.16,23.7528
1787980500000,2026-08-29T05:15:00Z,148.58,148.58,148.58,148.58,0,0
1787980800000,2026-08-29T05:20:00Z,148.58,148.58,148.58,148.58,0,0
1787981100000,2026-08-29T05:25:00Z,148.58,148.58,148.46,148.46,0.2,29.692
1787981400000,2026-08-29T05:30:00Z,148.46,148.46,148.42,148.42,0.21,31.1682
1787981700000,2026-08-29T05:35:00Z,148.42,148.51,148.42,148.51,0.21,31.1871
1787982000000,2026-08-29T05:40:00Z,148.51,148.51,148.51,148.51,0,0
1787982300000,2026-08-29T05:45:00Z,148.51,148.51,148.51,148.51,0,0
1787982600000,2026-08-29T05:50:00Z,148.51,148.51,148.51,148.51,0,0
1787982900000,2026-08-29T05:55:00Z,148.51,148.51,148.31,148.32,0.35,51.909
1787983200000,2026-08-29T06:00:00Z,148.32,148.38,148.32,148.38,0.14,20.7732
1787983500000,2026-08-29T06:05:00Z,148.38,148.38,148.38,148.38,0,0
1787983800000,2026-08-29T06:10:00Z,148.38,148.38,148.38,148.38,0,0
1787984100000,2026-08-29T06:15:00Z,148.38,148.4,148.38,148.4,0.23,34.132
1787984400000,2026-08-29T06:20:00Z,148.4,148.4,148.31,148.31,0.23,34.1113
1787984700000,2026-08-29T06:25:00Z,148.31,148.33,148.31,148.33,0.17,25.2161
1787985000000,2026-08-29T06:30:00Z,148.33,148.33,148.33,148.33,0.11,16.3163
1787985300000,2026-08-29T06:35:00Z,148.33,148.42,148.33,148.42,0.07,10.3894
1787985600000,2026-08-29T06:40:00Z,148.42,148.42,148.42,148.42,0,0
1787985900000,2026-08-29T06:45:00Z,148.42,148.42,148.3,148.3,0.68,100.844
1787986200000,2026-08-29T06:50:00Z,148.3,148.3,148.3,148.3,0,0
1787986500000,2026-08-29T06:55:00Z,148.3,148.3,148.3,148.3,0,0
1787986800000,2026-08-29T07:00:00Z,148.3,148.43,148.3,148.43,0.21,31.1703
1787987100000,2026-08-29T07:05:00Z,148.43,148.43,148.36,148.36,0.16,23.7376
1787987400000,2026-08-29T07:10:00Z,148.36,148.36,148.36,148.36,0,0
1787987700000,2026-08-29T07:15:00Z,148.36,148.36,148.36,148.36,0,0
1787988000000,2026-08-29T07:20:00Z,148.36,148.39,148.36,148.39,0.19,28.1941
1787988300000,2026-08-29T07:25:00Z,148.39,148.52,148.39,148.52,0.15,22.278
1787988600000,2026-08-29T07:30:00Z,148.52,148.52,148.38,148.38,0.22,32.6436
1787988900000,2026-08-29T07:35:00Z,148.38,148.38,148.35,148.35,0.07,10.3845
1787989200000,2026-08-29T07:40:00Z,148.35,148.42,148.35,148.42,0.23,34.1366
1787989500000,2026-08-29T07:45:00Z,148.42,148.42,148.42,148.42,0,0
1787989800000,2026-08-29T07:50:00Z,148.42,148.42,148.42,148.42,0,0
1787990100000,2026-08-29T07:55:00Z,148.42,148.42,148.42,148.42,0,0
1787990400000,2026-08-29T08:00:00Z,148.42,148.46,148.42,148.46,0.14,20.7844
1787990700000,2026-08-29T08:05:00Z,148.46,148.52,148.46,148.52,0.1,14.852
1787991000000,2026-08-29T08:10:00Z,148.52,148.52,148.52,148.52,0,0
1787991300000,2026-08-29T08:15:00Z,148.52,148.52,148.52,148.52,0,0
1787991600000,2026-08-29T08:20:00Z,148.52,148.52,148.5,148.5,0.19,28.215
1787991900000,2026-08-29T08:25:00Z,148.5,148.5,148.41,148.41,0.19,28.1979
1787992200000,2026-08-29T08:30:00Z,148.41,148.41,148.38,148.38,0.18,26.7084
1787992500000,2026-08-29T08:35:00Z,148.38,148.38,148,148,1.1,162.8564
1787992800000,2026-08-29T08:40:00Z,148,148,148,148,0,0
1787993100000,2026-08-29T08:45:00Z,148,148,148,148,0,0
1787993400000,2026-08-29T08:50:00Z,148,148.41,148,148.4,1.31,194.4121
1787993700000,2026-08-29T08:55:00Z,148.4,148.57,148.35,148.57,0.52,77.1992
1787994000000,2026-08-29T09:00:00Z,148.57,148.57,148.53,148.53,0.25,37.1325
1787994300000,2026-08-29T09:05:00Z,148.53,148.53,148.46,148.46,0.12,17.8152
1787994600000,2026-08-29T09:10:00Z,148.46,148.49,148.46,148.46,0.62,92.0532
1787994900000,2026-08-29T09:15:00Z,148.46,148.46,148.46,148.46,0,0
1787995200000,2026-08-29T09:20:00Z,148.46,148.6,148.46,148.6,0.16,23.7745
1787995500000,2026-08-29T09:25:00Z,148.6,148.6,148.49,148.49,0.41,60.8809
1787995800000,2026-08-29T09:30:00Z,148.49,148.49,148.49,148.49,0,0
1787996100000,2026-08-29T09:35:00Z,148.49,148.49,148.49,148.49,0,0
1787996400000,2026-08-29T09:40:00Z,148.49,148.49,148.49,148.49,0,0
1787996700000,2026-08-29T09:45:00Z,148.49,148.49,148.49,148.49,0,0
1787997000000,2026-08-29T09:50:00Z,148.49,148.49,148.49,148.49,0,0
1787997300000,2026-08-29T09:55:00Z,148.49,148.49,148.49,148.49,0,0
1787997600000,2026-08-29T10:00:00Z,148.49,148.49,148.49,148.49,0,0
1787997900000,2026-08-29T10:05:00Z,148.49,148.49,148.49,148.49,0,0
1787998200000,2026-08-29T10:10:00Z,148.49,148.49,148.49,148.49,0.06,8.9094
1787998500000,2026-08-29T10:15:00Z,148.49,148.69,148,148.69,1.84,273.0633
1787998800000,2026-08-29T10:20:00Z,148.69,148.69,148.69,148.69,0,0
1787999100000,2026-08-29T10:25:00Z,148.69,148.69,148.69,148.69,0,0
1787999400000,2026-08-29T10:30:00Z,148.69,148.69,148.43,148.43,0.1,14.843
1787999700000,2026-08-29T10:35:00Z,148.43,148.43,148.43,148.43,0,0
1788000000000,2026-08-29T10:40:00Z,148.43,148.47,148.43,148.47,0.23,34.1481
1788000300000,2026-08-29T10:45:00Z,148.47,148.47,148.47,148.47,0,0
1788000600000,2026-08-29T10:50:00Z,148.47,148.47,148.47,148.47,0,0
1788000900000,2026-08-29T10:55:00Z,148.47,148.47,148.47,148.47,0,0
1788001200000,2026-08-29T11:00:00Z,148.47,148.47,148.31,148.31,0.13,19.2803
1788001500000,2026-08-29T11:05:00Z,148.31,148.31,148.31,148.31,0,0
1788001800000,2026-08-29T11:10:00Z,148.31,148.31,148.31,148.31,0,0
1788002100000,2026-08-29T11:15:00Z,148.31,148.31,148.31,148.31,0,0
1788002400000,2026-08-29T11:20:00Z,148.31,148.53,148.31,148.53,0.08,11.8824
1788002700000,2026-08-29T11:25:00Z,148.53,148.53,148.53,148.53,0,0
1788003000000,2026-08-29T11:30:00Z,148.53,148.53,148.53,148.53,0,0
1788003300000,2026-08-29T11:35:00Z,148.53,148.53,148.53,148.53,0,0
1788003600000,2026-08-29T11:40:00Z,148.53,148.53,148.38,148.39,0.49,72.7081
1788003900000,2026-08-29T11:45:00Z,148.39,148.39,148.39,148.39,0,0
1788004200000,2026-08-29T11:50:00Z,148.39,148.39,148.39,148.39,0,0
1788004500000,2026-08-29T11:55:00Z,148.39,148.39,148.39,148.39,0,0
1788004800000,2026-08-29T12:00:00Z,148.39,148.39,148.32,148.32,0.45,66.744
1788005100000,2026-08-29T12:05:00Z,148.32,148.43,148.32,148.43,0.2,29.686
1788005400000,2026-08-29T12:10:00Z,148.43,148.43,148.43,148.43,0,0
1788005700000,2026-08-29T12:15:00Z,148.43,148.43,148.4,148.4,0.07,10.388
1788006000000,2026-08-29T12:20:00Z,148.4,148.4,148.4,148.4,0,0
1788006300000,2026-08-29T12:25:00Z,148.4,148.42,148.4,148.42,0.12,17.8104
1788006600000,2026-08-29T12:30:00Z,148.42,148.47,148.42,148.47,0.11,16.3317
1788006900000,2026-08-29T12:35:00Z,148.47,148.52,148.12,148.12,0.12,17.7984
1788007200000,2026-08-29T12:40:00Z,148.12,148.12,148.12,148.12,0,0
1788007500000,2026-08-29T12:45:00Z,148.12,148.12,148.12,148.12,0,0
1788007800000,2026-08-29T12:50:00Z,148.12,148.12,148.12,148.12,0,0
1788008100000,2026-08-29T12:55:00Z,148.12,148.44,148.12,148.44,0.11,16.3284
1788008400000,2026-08-29T13:00:00Z,148.44,148.51,148.44,148.51,0.16,23.7616
1788008700000,2026-08-29T13:05:00Z,148.51,148.51,148.51,148.51,0,0
1788009000000,2026-08-29T13:10:00Z,148.51,148.51,148.51,148.51,0,0
1788009300000,2026-08-29T13:15:00Z,148.51,148.51,148.51,148.51,0,0
1788009600000,2026-08-29T13:20:00Z,148.51,148.51,148.48,148.48,0.24,35.6352
1788009900000,2026-08-29T13:25:00Z,148.48,148.48,148.34,148.34,0.17,25.2178
1788010200000,2026-08-29T13:30:00Z,148.34,148.48,148.34,148.48,0.11,16.3328
1788010500000,2026-08-29T13:35:00Z,148.48,148.48,148.48,148.48,0,0
1788010800000,2026-08-29T13:40:00Z,148.48,148.48,148.42,148.42,0.17,25.2314
1788011100000,2026-08-29T13:45:00Z,148.42,148.42,148.42,148.42,0,0
1788011400000,2026-08-29T13:50:00Z,148.42,148.5,148.42,148.5,0.08,11.88
1788011700000,2026-08-29T13:55:00Z,148.5,148.5,148.5,148.5,0,0
1788012000000,2026-08-29T14:00:00Z,148.5,148.5,148.5,148.5,0,0
1788012300000,2026-08-29T14:05:00Z,148.5,148.5,148.38,148.38,0.13,19.2894
1788012600000,2026-08-29T14:10:00Z,148.38,148.51,148.38,148.51,0.26,38.6126
1788012900000,2026-08-29T14:15:00Z,148.51,148.51,148.36,148.36,0.25,37.09
1788013200000,2026-08-29T14:20:00Z,148.36,148.36,148.36,148.36,0,0
1788013500000,2026-08-29T14:25:00Z,148.36,148.49,148.36,148.49,0.17,25.2433
1788013800000,2026-08-29T14:30:00Z,148.49,148.49,148.49,148.49,0,0
1788014100000,2026-08-29T14:35:00Z,148.49,148.49,148.4,148.41,0.43,63.8132
1788014400000,2026-08-29T14:40:00Z,148.41,148.41,148.41,148.41,0,0
1788014700000,2026-08-29T14:45:00Z,148.41,148.41,148.41,148.41,0,0
1788015000000,2026-08-29T14:50:00Z,148.41,148.41,148.41,148.41,0,0
1788015300000,2026-08-29T14:55:00Z,148.41,148.49,148.41,148.49,0.08,11.8792
1788015600000,2026-08-29T15:00:00Z,148.49,148.49,148.35,148.35,0.08,11.868
1788015900000,2026-08-29T15:05:00Z,148.35,148.52,148.35,148.52,0.2,29.704
1788016200000,2026-08-29T15:10:00Z,148.52,148.52,148.52,148.52,0,0
1788016500000,2026-08-29T15:15:00Z,148.52,148.52,148.33,148.33,0.12,17.7996
1788016800000,2026-08-29T15:20:00Z,148.33,148.68,148.33,148.68,0.43,63.8183
1788017100000,2026-08-29T15:25:00Z,148.68,148.68,148.47,148.47,0.47,69.784
1788017400000,2026-08-29T15:30:00Z,148.47,148.47,148.44,148.44,0.24,35.6256
1788017700000,2026-08-29T15:35:00Z,148.44,148.44,148.44,148.44,0,0
1788018000000,2026-08-29T15:40:00Z,148.44,148.65,148.32,148.65,0.26,38.6061
1788018300000,2026-08-29T15:45:00Z,148.65,148.65,148.5,148.5,0.21,31.185
1788018600000,2026-08-29T15:50:00Z,148.5,148.5,148.5,148.5,0,0
1788018900000,2026-08-29T15:55:00Z,148.5,148.5,148.5,148.5,0,0
1788019200000,2026-08-29T16:00:00Z,148.5,148.5,148.5,148.5,0,0
1788019500000,2026-08-29T16:05:00Z,148.5,148.5,148.49,148.49,0.14,20.7886
1788019800000,2026-08-29T16:10:00Z,148.49,148.49,148.49,148.49,0,0
1788020100000,2026-08-29T16:15:00Z,148.49,148.49,148.49,148.49,0,0
1788020400000,2026-08-29T16:20:00Z,148.49,148.49,148.49,148.49,0,0
1788020700000,2026-08-29T16:25:00Z,148.49,148.5,148.49,148.5,0.22,32.67
1788021000000,2026-08-29T16:30:00Z,148.5,148.5,148.5,148.5,0,0
1788021300000,2026-08-29T16:35:00Z,148.5,148.66,148.35,148.66,0.38,56.4319
1788021600000,2026-08-29T16:40:00Z,148.66,148.66,148.66,148.66,0,0
1788021900000,2026-08-29T16:45:00Z,148.66,148.66,148.46,148.46,0.25,37.115
1788022200000,2026-08-29T16:50:00Z,148.46,148.46,148.46,148.46,0,0
1788022500000,2026-08-29T16:55:00Z,148.46,148.46,148.46,148.46,0,0
1788022800000,2026-08-29T17:00:00Z,148.46,148.46,148.46,148.46,0,0
1788023100000,2026-08-29T17:05:00Z,148.46,148.46,148.42,148.42,0.21,31.1682
1788023400000,2026-08-29T17:10:00Z,148.42,148.42,148.01,148.01,1.17,173.2417
1788023700000,2026-08-29T17:15:00Z,148.01,148.01,148.01,148.01,0,0
1788024000000,2026-08-29T17:20:00Z,148.01,148.01,148.01,148.01,0,0
1788024300000,2026-08-29T17:25:00Z,148.01,148.01,148.01,148.01,0,0
1788024600000,2026-08-29T17:30:00Z,148.01,148.7,148.01,148.7,0.24,35.683
1788024900000,2026-08-29T17:35:00Z,148.7,148.7,148.55,148.55,0.09,13.3695
1788025200000,2026-08-29T17:40:00Z,148.55,148.69,148.55,148.69,0.1,14.869
1788025500000,2026-08-29T17:45:00Z,148.69,148.69,148.57,148.57,0.09,13.3713
1788025800000,2026-08-29T17:50:00Z,148.57,148.57,148.57,148.57,0,0
1788026100000,2026-08-29T17:55:00Z,148.57,148.58,148.57,148.58,0.11,16.3438
1788026400000,2026-08-29T18:00:00Z,148.58,148.58,148.58,148.58,0,0
1788026700000,2026-08-29T18:05:00Z,148.58,148.58,148.56,148.56,0.56,83.1967
1788027000000,2026-08-29T18:10:00Z,148.56,148.56,148.56,148.56,0,0
1788027300000,2026-08-29T18:15:00Z,148.56,148.56,148.46,148.46,0.22,32.6612
1788027600000,2026-08-29T18:20:00Z,148.46,148.46,148.46,148.46,0,0
1788027900000,2026-08-29T18:25:00Z,148.46,148.46,148.46,148.46,0,0
1788028200000,2026-08-29T18:30:00Z,148.46,148.46,148.46,148.46,0,0
1788028500000,2026-08-29T18:35:00Z,148.46,148.46,148.46,148.46,0,0
1788028800000,2026-08-29T18:40:00Z,148.46,148.46,148.46,148.46,0,0
1788029100000,2026-08-29T18:45:00Z,148.46,148.46,148.46,148.46,0,0
1788029400000,2026-08-29T18:50:00Z,148.46,148.46,148.46,148.46,0,0
1788029700000,2026-08-29T18:55:00Z,148.46,148.46,148.46,148.46,0,0
1788030000000,2026-08-29T19:00:00Z,148.46,148.46,148.45,148.45,0.21,31.1745
1788030300000,2026-08-29T19:05:00Z,148.45,148.45,148.45,148.45,0,0
1788030600000,2026-08-29T19:10:00Z,148.45,148.45,148.45,148.45,0,0
1788030900000,2026-08-29T19:15:00Z,148.45,148.45,148.45,148.45,0,0
1788031200000,2026-08-29T19:20:00Z,148.45,148.45,148.45,148.45,0,0
1788031500000,2026-08-29T19:25:00Z,148.45,148.45,148.45,148.45,0,0
1788031800000,2026-08-29T19:30:00Z,148.45,148.45,148.45,148.45,0,0
1788032100000,2026-08-29T19:35:00Z,148.45,148.45,148.45,148.45,0,0
1788032400000,2026-08-29T19:40:00Z,148.45,148.45,148.45,148.45,0,0
1788032700000,2026-08-29T19:45:00Z,148.45,148.45,148.45,148.45,0,0
1788033000000,2026-08-29T19:50:00Z,148.45,148.45,148.45,148.45,0,0
1788033300000,2026-08-29T19:55:00Z,148.45,148.45,148.45,148.45,0,0
1788033600000,2026-08-29T20:00:00Z,148.45,148.45,148.45,148.45,0,0
1788033900000,2026-08-29T20:05:00Z,148.45,148.45,148.45,148.45,0,0
1788034200000,2026-08-29T20:10:00Z,148.45,148.45,148.45,148.45,0,0
1788034500000,2026-08-29T20:15:00Z,148.45,148.45,148.45,148.45,0,0
1788034800000,2026-08-29T20:20:00Z,148.45,148.45,148.45,148.45,0,0
1788035100000,2026-08-29T20:25:00Z,148.45,148.45,148.45,148.45,0,0
1788035400000,2026-08-29T20:30:00Z,148.45,148.45,148.45,148.45,0,0
1788035700000,2026-08-29T20:35:00Z,148.45,148.45,148.45,148.45,0,0
1788036000000,2026-08-29T20:40:00Z,148.45,148.45,148.45,148.45,0,0
1788036300000,2026-08-29T20:45:00Z,148.45,148.45,148.45,148.45,0,0
1788036600000,2026-08-29T20:50:00Z,148.45,148.45,148.45,148.45,0,0
1788036900000,2026-08-29T20:55:00Z,148.45,148.45,148.45,148.45,0,0
1788037200000,2026-08-29T21:00:00Z,148.45,148.54,148.45,148.53,0.28,41.5898
1788037500000,2026-08-29T21:05:00Z,148.53,148.53,148.53,148.53,0,0
1788037800000,2026-08-29T21:10:00Z,148.53,148.53,148.53,148.53,0,0
1788038100000,2026-08-29T21:15:00Z,148.53,148.53,148.53,148.53,0,0
1788038400000,2026-08-29T21:20:00Z,148.53,148.7,148.44,148.7,0.26,38.6282
1788038700000,2026-08-29T21:25:00Z,148.7,148.81,148.7,148.81,0.28,41.6581
1788039000000,2026-08-29T21:30:00Z,148.81,148.81,148.81,148.81,0,0
1788039300000,2026-08-29T21:35:00Z,148.81,148.81,148.81,148.81,0,0
1788039600000,2026-08-29T21:40:00Z,148.81,148.81,148.81,148.81,0,0
1788039900000,2026-08-29T21:45:00Z,148.81,148.81,148.81,148.81,0,0
1788040200000,2026-08-29T21:50:00Z,148.81,148.81,148.81,148.81,0,0
1788040500000,2026-08-29T21:55:00Z,148.81,148.81,148.81,148.81,0,0
1788040800000,2026-08-29T22:00:00Z,148.81,148.81,148.41,148.41,0.19,28.1979
1788041100000,2026-08-29T22:05:00Z,148.41,148.41,148.41,148.41,0,0
1788041400000,2026-08-29T22:10:00Z,148.41,148.41,148.41,148.41,0,0
1788041700000,2026-08-29T22:15:00Z,148.41,148.8,148.09,148.8,0.12,17.8134
1788042000000,2026-08-29T22:20:00Z,148.8,148.8,148.8,148.8,0,0
1788042300000,2026-08-29T22:25:00Z,148.8,148.8,148.8,148.8,0,0
1788042600000,2026-08-29T22:30:00Z,148.8,148.8,148.8,148.8,0,0
1788042900000,2026-08-29T22:35:00Z,148.8,148.8,148.8,148.8,0,0
1788043200000,2026-08-29T22:40:00Z,148.8,148.8,148.43,148.43,0.07,10.3901
1788043500000,2026-08-29T22:45:00Z,148.43,148.43,148.43,148.43,0,0
1788043800000,2026-08-29T22:50:00Z,148.43,148.43,148.43,148.43,0,0
1788044100000,2026-08-29T22:55:00Z,148.43,148.43,148.43,148.43,0,0
1788044400000,2026-08-29T23:00:00Z,148.43,148.43,148.38,148.38,0.16,23.7408
1788044700000,2026-08-29T23:05:00Z,148.38,148.38,148.38,148.38,0,0
1788045000000,2026-08-29T23:10:00Z,148.38,148.38,148.38,148.38,0,0
1788045300000,2026-08-29T23:15:00Z,148.38,148.38,148.38,148.38,0,0
1788045600000,2026-08-29T23:20:00Z,148.38,148.38,148.38,148.38,0,0
1788045900000,2026-08-29T23:25:00Z,148.38,148.38,148.38,148.38,0,0
1788046200000,2026-08-29T23:30:00Z,148.38,148.38,148.38,148.38,0,0
1788046500000,2026-08-29T23:35:00Z,148.38,148.38,148.38,148.38,0,0
1788046800000,2026-08-29T23:40:00Z,148.38,148.4,148.38,148.4,0.26,38.584
1788047100000,2026-08-29T23:45:00Z,148.4,148.4,148.4,148.4,0,0
1788047400000,2026-08-29T23:50:00Z,148.4,148.4,148.4,148.4,0,0
1788047700000,2026-08-29T23:55:00Z,148.4,148.4,148.4,148.4,0,0
1788048000000,2026-08-30T00:00:00Z,148.4,148.4,148.4,148.4,0,0
1788048300000,2026-08-30T00:05:00Z,148.4,148.4,148.4,148.4,0,0
1788048600000,2026-08-30T00:10:00Z,148.4,148.4,148.4,148.4,0,0
1788048900000,2026-08-30T00:15:00Z,148.4,148.4,148.4,148.4,0,0
1788049200000,2026-08-30T00:20:00Z,148.4,148.4,148.4,148.4,0,0
1788049500000,2026-08-30T00:25:00Z,148.4,148.4,148.4,148.4,0,0
1788049800000,2026-08-30T00:30:00Z,148.4,148.4,148.4,148.4,0,0
1788050100000,2026-08-30T00:35:00Z,148.4,148.4,148.4,148.4,0,0
1788050400000,2026-08-30T00:40:00Z,148.4,148.4,148.36,148.36,0.13,19.2868
1788050700000,2026-08-30T00:45:00Z,148.36,148.39,148.36,148.39,0.08,11.8712
1788051000000,2026-08-30T00:50:00Z,148.39,148.39,148.39,148.39,0,0
1788051300000,2026-08-30T00:55:00Z,148.39,148.39,148.39,148.39,0,0
1788051600000,2026-08-30T01:00:00Z,148.39,148.39,148.39,148.39,0,0
1788051900000,2026-08-30T01:05:00Z,148.39,148.39,148.39,148.39,0,0
1788052200000,2026-08-30T01:10:00Z,148.39,148.39,148.39,148.39,0,0
1788052500000,2026-08-30T01:15:00Z,148.39,148.39,148.39,148.39,0,0
1788052800000,2026-08-30T01:20:00Z,148.39,148.39,148.39,148.39,0,0
1788053100000,2026-08-30T01:25:00Z,148.39,148.39,148.39,148.39,0,0
1788053400000,2026-08-30T01:30:00Z,148.39,148.39,148.39,148.39,0,0
1788053700000,2026-08-30T01:35:00Z,148.39,148.39,148.39,148.39,0,0
1788054000000,2026-08-30T01:40:00Z,148.39,148.39,148.39,148.39,0,0
1788054300000,2026-08-30T01:45:00Z,148.39,148.39,148.39,148.39,0,0
1788054600000,2026-08-30T01:50:00Z,148.39,148.39,148.39,148.39,0,0
1788054900000,2026-08-30T01:55:00Z,148.39,148.39,148.39,148.39,0,0
1788055200000,2026-08-30T02:00:00Z,148.39,148.39,148.39,148.39,0,0
1788055500000,2026-08-30T02:05:00Z,148.39,148.39,148.39,148.39,0,0
1788055800000,2026-08-30T02:10:00Z,148.39,148.39,148.39,148.39,0,0
1788056100000,2026-08-30T02:15:00Z,148.39,148.39,148.39,148.39,0,0
1788056400000,2026-08-30T02:20:00Z,148.39,148.39,148.39,148.39,0,0
1788056700000,2026-08-30T02:25:00Z,148.39,148.39,148.39,148.39,0,0
1788057000000,2026-08-30T02:30:00Z,148.39,148.39,148.39,148.39,0,0
1788057300000,2026-08-30T02:35:00Z,148.39,148.39,148.39,148.39,0,0
1788057600000,2026-08-30T02:40:00Z,148.39,148.39,148.39,148.39,0,0
1788057900000,2026-08-30T02:45:00Z,148.39,148.39,148.39,148.39,0,0
1788058200000,2026-08-30T02:50:00Z,148.39,148.39,148.39,148.39,0,0
1788058500000,2026-08-30T02:55:00Z,148.39,148.39,148.39,148.39,0,0
1788058800000,2026-08-30T03:00:00Z,148.39,148.39,148.39,148.39,0,0
1788059100000,2026-08-30T03:05:00Z,148.39,148.39,148.39,148.39,0,0
1788059400000,2026-08-30T03:10:00Z,148.39,148.39,148.39,148.39,0,0
1788059700000,2026-08-30T03:15:00Z,148.39,148.39,148.39,148.39,0,0
1788060000000,2026-08-30T03:20:00Z,148.39,148.39,148.39,148.39,0,0
1788060300000,2026-08-30T03:25:00Z,148.39,148.39,148.39,148.39,0,0
1788060600000,2026-08-30T03:30:00Z,148.39,148.39,148.39,148.39,0,0
1788060900000,2026-08-30T03:35:00Z,148.39,148.39,148.39,148.39,0,0
1788061200000,2026-08-30T03:40:00Z,148.39,148.39,148.39,148.39,0,0
1788061500000,2026-08-30T03:45:00Z,148.39,148.39,148.39,148.39,0,0
1788061800000,2026-08-30T03:50:00Z,148.39,148.39,148.39,148.39,0,0
1788062100000,2026-08-30T03:55:00Z,148.39,148.39,148.39,148.39,0,0
1788062400000,2026-08-30T04:00:00Z,148.39,148.39,148.37,148.37,0.09,13.3533
1788062700000,2026-08-30T04:05:00Z,148.37,148.37,148.37,148.37,0,0
1788063000000,2026-08-30T04:10:00Z,148.37,148.37,148.37,148.37,0,0
1788063300000,2026-08-30T04:15:00Z,148.37,148.37,148.37,148.37,0,0
1788063600000,2026-08-30T04:20:00Z,148.37,148.37,148.37,148.37,0,0
1788063900000,2026-08-30T04:25:00Z,148.37,148.37,148.37,148.37,0,0
1788064200000,2026-08-30T04:30:00Z,148.37,148.37,148.37,148.37,0,0
1788064500000,2026-08-30T04:35:00Z,148.37,148.37,148.37,148.37,0,0
1788064800000,2026-08-30T04:40:00Z,148.37,148.37,148.37,148.37,0,0
1788065100000,2026-08-30T04:45:00Z,148.37,148.37,148.37,148.37,0,0
1788065400000,2026-08-30T04:50:00Z,148.37,148.38,148.37,148.38,0.1,14.838
1788065700000,2026-08-30T04:55:00Z,148.38,148.38,148.37,148.37,0.19,28.1903
1788066000000,2026-08-30T05:00:00Z,148.37,148.37,148.36,148.36,0.12,17.8032
1788066300000,2026-08-30T05:05:00Z,148.36,148.36,148.36,148.36,0,0
1788066600000,2026-08-30T05:10:00Z,148.36,148.36,148.36,148.36,0,0
1788066900000,2026-08-30T05:15:00Z,148.36,148.36,148.36,148.36,0,0
1788067200000,2026-08-30T05:20:00Z,148.36,148.36,148.36,148.36,0,0
1788067500000,2026-08-30T05:25:00Z,148.36,148.36,148.36,148.36,0,0
1788067800000,2026-08-30T05:30:00Z,148.36,148.36,148.36,148.36,0,0
1788068100000,2026-08-30T05:35:00Z,148.36,148.36,148.36,148.36,0,0
1788068400000,2026-08-30T05:40:00Z,148.36,148.36,148.36,148.36,0,0
1788068700000,2026-08-30T05:45:00Z,148.36,148.36,148.36,148.36,0,0
1788069000000,2026-08-30T05:50:00Z,148.36,148.36,148.36,148.36,0,0
1788069300000,2026-08-30T05:55:00Z,148.36,148.36,148.36,148.36,0,0
1788069600000,2026-08-30T06:00:00Z,148.36,148.36,148.36,148.36,0,0
1788069900000,2026-08-30T06:05:00Z,148.36,148.36,148.36,148.36,0,0
1788070200000,2026-08-30T06:10:00Z,148.36,148.36,148.36,148.36,0,0
1788070500000,2026-08-30T06:15:00Z,148.36,148.36,148.36,148.36,0,0
1788070800000,2026-08-30T06:20:00Z,148.36,148.36,148.36,148.36,0,0
1788071100000,2026-08-30T06:25:00Z,148.36,148.36,148.36,148.36,0,0
1788071400000,2026-08-30T06:30:00Z,148.36,148.36,148.36,148.36,0,0
1788071700000,2026-08-30T06:35:00Z,148.36,148.36,148.36,148.36,0,0
1788072000000,2026-08-30T06:40:00Z,148.36,148.36,148.36,148.36,0,0
1788072300000,2026-08-30T06:45:00Z,148.36,148.36,148.36,148.36,0,0
1788072600000,2026-08-30T06:50:00Z,148.36,148.36,148.36,148.36,0,0
1788072900000,2026-08-30T06:55:00Z,148.36,148.36,148.36,148.36,0.13,19.2868
1788073200000,2026-08-30T07:00:00Z,148.36,148.36,148.36,148.36,0,0
1788073500000,2026-08-30T07:05:00Z,148.36,148.36,148.36,148.36,0,0
1788073800000,2026-08-30T07:10:00Z,148.36,148.36,148.36,148.36,0,0
1788074100000,2026-08-30T07:15:00Z,148.36,148.36,148.36,148.36,0,0
1788074400000,2026-08-30T07:20:00Z,148.36,148.36,148.36,148.36,0,0
1788074700000,2026-08-30T07:25:00Z,148.36,148.36,148.36,148.36,0,0
1788075000000,2026-08-30T07:30:00Z,148.36,148.36,148.36,148.36,0,0
1788075300000,2026-08-30T07:35:00Z,148.36,148.36,148.36,148.36,0,0
1788075600000,2026-08-30T07:40:00Z,148.36,148.36,148.36,148.36,0,0
1788075900000,2026-08-30T07:45:00Z,148.36,148.36,148.36,148.36,0,0
1788076200000,2026-08-30T07:50:00Z,148.36,148.36,148.36,148.36,0,0
1788076500000,2026-08-30T07:55:00Z,148.36,148.36,148.36,148.36,0,0
1788076800000,2026-08-30T08:00:00Z,148.36,148.39,148.36,148.39,0.17,25.2263
1788077100000,2026-08-30T08:05:00Z,148.39,148.39,148.39,148.39,0,0
1788077400000,2026-08-30T08:10:00Z,148.39,148.39,148.39,148.39,0,0
1788077700000,2026-08-30T08:15:00Z,148.39,148.39,148.39,148.39,0,0
1788078000000,2026-08-30T08:20:00Z,148.39,148.39,148.01,148.01,1.19,176.198
1788078300000,2026-08-30T08:25:00Z,148.01,148.01,148.01,148.01,0,0
1788078600000,2026-08-30T08:30:00Z,148.01,148.01,148.01,148.01,0,0
1788078900000,2026-08-30T08:35:00Z,148.01,148.01,148.01,148.01,0,0
1788079200000,2026-08-30T08:40:00Z,148.01,148.39,148.01,148.39,0.15,22.2585
1788079500000,2026-08-30T08:45:00Z,148.39,148.39,148.39,148.39,0,0
1788079800000,2026-08-30T08:50:00Z,148.39,148.39,148.39,148.39,0,0
1788080100000,2026-08-30T08:55:00Z,148.39,148.39,148.39,148.39,0,0
1788080400000,2026-08-30T09:00:00Z,148.39,148.39,148.39,148.39,0.13,19.2907
1788080700000,2026-08-30T09:05:00Z,148.39,148.39,148.36,148.36,0.07,10.3852
1788081000000,2026-08-30T09:10:00Z,148.36,148.39,148.36,148.39,0.13,19.2907
1788081300000,2026-08-30T09:15:00Z,148.39,148.39,148.37,148.37,0.19,28.1903
1788081600000,2026-08-30T09:20:00Z,148.37,148.37,148.37,148.37,0.24,35.6088
1788081900000,2026-08-30T09:25:00Z,148.37,148.54,148.37,148.54,0.69,102.4554
1788082200000,2026-08-30T09:30:00Z,148.54,148.54,148.54,148.54,0,0
1788082500000,2026-08-30T09:35:00Z,148.54,148.54,148.54,148.54,0,0
1788082800000,2026-08-30T09:40:00Z,148.54,148.54,148.53,148.53,0.08,11.8824
1788083100000,2026-08-30T09:45:00Z,148.53,148.53,148.4,148.4,0.25,37.1
1788083400000,2026-08-30T09:50:00Z,148.4,148.4,148.36,148.36,0.07,10.3852
1788083700000,2026-08-30T09:55:00Z,148.36,148.52,148.36,148.52,0.14,20.7928
1788084000000,2026-08-30T10:00:00Z,148.52,148.52,148.03,148.03,1.17,173.2741
1788084300000,2026-08-30T10:05:00Z,148.03,148.65,148.03,148.06,0.16,23.7364
1788084600000,2026-08-30T10:10:00Z,148.06,148.06,148.06,148.06,0,0
1788084900000,2026-08-30T10:15:00Z,148.06,148.5,148.06,148.5,0.06,8.91
1788085200000,2026-08-30T10:20:00Z,148.5,148.5,148.5,148.5,0,0
1788085500000,2026-08-30T10:25:00Z,148.5,148.5,148.5,148.5,0,0
1788085800000,2026-08-30T10:30:00Z,148.5,148.5,148.5,148.5,0,0
1788086100000,2026-08-30T10:35:00Z,148.5,148.51,148.5,148.51,0.25,37.1275
1788086400000,2026-08-30T10:40:00Z,148.51,148.51,148.51,148.51,0,0
1788086700000,2026-08-30T10:45:00Z,148.51,148.51,148.51,148.51,0,0
1788087000000,2026-08-30T10:50:00Z,148.51,148.64,148.08,148.64,0.08,11.8688
1788087300000,2026-08-30T10:55:00Z,148.64,148.64,148.64,148.64,0,0
1788087600000,2026-08-30T11:00:00Z,148.64,148.64,148.51,148.51,0.08,11.8808
1788087900000,2026-08-30T11:05:00Z,148.51,148.51,148.51,148.51,0,0
1788088200000,2026-08-30T11:10:00Z,148.51,148.51,148.51,148.51,0,0
1788088500000,2026-08-30T11:15:00Z,148.51,148.51,148.51,148.51,0,0
1788088800000,2026-08-30T11:20:00Z,148.51,148.62,148.08,148.08,0.08,11.868
1788089100000,2026-08-30T11:25:00Z,148.08,148.08,148.08,148.08,0,0
1788089400000,2026-08-30T11:30:00Z,148.08,148.08,148.08,148.08,0,0
1788089700000,2026-08-30T11:35:00Z,148.08,148.08,148.08,148.08,0,0
1788090000000,2026-08-30T11:40:00Z,148.08,148.08,148.08,148.08,0,0
1788090300000,2026-08-30T11:45:00Z,148.08,148.08,148.08,148.08,0,0
1788090600000,2026-08-30T11:50:00Z,148.08,148.08,148.08,148.08,0,0
1788090900000,2026-08-30T11:55:00Z,148.08,148.08,148.08,148.08,0,0
1788091200000,2026-08-30T12:00:00Z,148.08,148.08,148.08,148.08,0,0
1788091500000,2026-08-30T12:05:00Z,148.08,148.08,148.08,148.08,0,0
1788091800000,2026-08-30T12:10:00Z,148.08,148.08,148.08,148.08,0,0
1788092100000,2026-08-30T12:15:00Z,148.08,148.08,148.08,148.08,0,0
1788092400000,2026-08-30T12:20:00Z,148.08,148.08,148.08,148.08,0,0
1788092700000,2026-08-30T12:25:00Z,148.08,148.08,148.08,148.08,0,0
1788093000000,2026-08-30T12:30:00Z,148.08,148.08,148.08,148.08,0,0
1788093300000,2026-08-30T12:35:00Z,148.08,148.08,148.08,148.08,0,0
1788093600000,2026-08-30T12:40:00Z,148.08,148.08,148.08,148.08,0,0
1788093900000,2026-08-30T12:45:00Z,148.08,148.08,148.08,148.08,0,0
1788094200000,2026-08-30T12:50:00Z,148.08,148.08,148.08,148.08,0,0
1788094500000,2026-08-30T12:55:00Z,148.08,148.08,148.08,148.08,0,0
1788094800000,2026-08-30T13:00:00Z,148.08,148.08,148.08,148.08,0,0
1788095100000,2026-08-30T13:05:00Z,148.08,148.08,148.08,148.08,0,0
1788095400000,2026-08-30T13:10:00Z,148.08,148.08,148.08,148.08,0,0
1788095700000,2026-08-30T13:15:00Z,148.08,148.08,148.08,148.08,0,0
1788096000000,2026-08-30T13:20:00Z,148.08,148.08,148.08,148.08,0,0
1788096300000,2026-08-30T13:25:00Z,148.08,148.08,148.08,148.08,0,0
1788096600000,2026-08-30T13:30:00Z,148.08,148.62,148.08,148.62,0.08,11.868
1788096900000,2026-08-30T13:35:00Z,148.62,148.62,148.62,148.62,0,0
1788097200000,2026-08-30T13:40:00Z,148.62,148.62,148.54,148.54,0.1,14.854
1788097500000,2026-08-30T13:45:00Z,148.54,148.54,148.54,148.54,0,0
1788097800000,2026-08-30T13:50:00Z,148.54,148.55,148.54,148.55,0.15,22.2825
1788098100000,2026-08-30T13:55:00Z,148.55,148.55,148.55,148.55,0,0
1788098400000,2026-08-30T14:00:00Z,148.55,148.55,148.52,148.52,0.22,32.6744
1788098700000,2026-08-30T14:05:00Z,148.52,148.52,148.52,148.52,0,0
1788099000000,2026-08-30T14:10:00Z,148.52,148.52,148.52,148.52,0,0
1788099300000,2026-08-30T14:15:00Z,148.52,148.52,148.52,148.52,0,0
1788099600000,2026-08-30T14:20:00Z,148.52,148.52,148.52,148.52,0,0
1788099900000,2026-08-30T14:25:00Z,148.52,148.52,148.52,148.52,0,0
1788100200000,2026-08-30T14:30:00Z,148.52,148.52,148.52,148.52,0,0
1788100500000,2026-08-30T14:35:00Z,148.52,148.52,148.52,148.52,0,0
1788100800000,2026-08-30T14:40:00Z,148.52,148.52,148.52,148.52,0,0
1788101100000,2026-08-30T14:45:00Z,148.52,148.52,148.52,148.52,0,0
1788101400000,2026-08-30T14:50:00Z,148.52,148.52,148.52,148.52,0.08,11.8816
1788101700000,2026-08-30T14:55:00Z,148.52,148.52,148.52,148.52,0,0
1788102000000,2026-08-30T15:00:00Z,148.52,148.53,148.52,148.53,0.21,31.1913
1788102300000,2026-08-30T15:05:00Z,148.53,148.53,148.53,148.53,0,0
1788102600000,2026-08-30T15:10:00Z,148.53,148.53,148.53,148.53,0,0
1788102900000,2026-08-30T15:15:00Z,148.53,148.53,148.53,148.53,0,0
1788103200000,2026-08-30T15:20:00Z,148.53,148.53,148.53,148.53,0,0
1788103500000,2026-08-30T15:25:00Z,148.53,148.53,148.53,148.53,0,0
1788103800000,2026-08-30T15:30:00Z,148.53,148.53,148.53,148.53,0,0
1788104100000,2026-08-30T15:35:00Z,148.53,148.53,148.53,148.53,0,0
1788104400000,2026-08-30T15:40:00Z,148.53,148.53,148.53,148.53,0,0
1788104700000,2026-08-30T15:45:00Z,148.53,148.53,148.53,148.53,0,0
1788105000000,2026-08-30T15:50:00Z,148.53,148.53,148.53,148.53,0,0
1788105300000,2026-08-30T15:55:00Z,148.53,148.53,148.53,148.53,0,0
1788105600000,2026-08-30T16:00:00Z,148.53,148.53,148.51,148.51,0.11,16.3361
1788105900000,2026-08-30T16:05:00Z,148.51,148.51,148.51,148.51,0,0
1788106200000,2026-08-30T16:10:00Z,148.51,148.51,148.51,148.51,0,0
1788106500000,2026-08-30T16:15:00Z,148.51,148.51,148.51,148.51,0,0
1788106800000,2026-08-30T16:20:00Z,148.51,148.51,148.51,148.51,0,0
1788107100000,2026-08-30T16:25:00Z,148.51,148.51,148.51,148.51,0,0
1788107400000,2026-08-30T16:30:00Z,148.51,148.51,148.51,148.51,0,0
1788107700000,2026-08-30T16:35:00Z,148.51,148.51,148.51,148.51,0,0
1788108000000,2026-08-30T16:40:00Z,148.51,148.51,148.51,148.51,0,0
1788108300000,2026-08-30T16:45:00Z,148.51,148.51,148.51,148.51,0,0
1788108600000,2026-08-30T16:50:00Z,148.51,148.51,148.51,148.51,0,0
1788108900000,2026-08-30T16:55:00Z,148.51,148.51,148.51,148.51,0,0
1788109200000,2026-08-30T17:00:00Z,148.51,148.51,148.51,148.51,0,0
1788109500000,2026-08-30T17:05:00Z,148.51,148.51,148.51,148.51,0,0
1788109800000,2026-08-30T17:10:00Z,148.51,148.51,148.51,148.51,0,0
1788110100000,2026-08-30T17:15:00Z,148.51,148.51,148.51,148.51,0,0
1788110400000,2026-08-30T17:20:00Z,148.51,148.51,148.51,148.51,0,0
1788110700000,2026-08-30T17:25:00Z,148.51,148.51,148.51,148.51,0.21,31.1871
1788111000000,2026-08-30T17:30:00Z,148.51,148.51,148.51,148.51,0,0
1788111300000,2026-08-30T17:35:00Z,148.51,148.51,147.99,147.99,1.18,174.782
1788111600000,2026-08-30T17:40:00Z,147.99,147.99,147.99,147.99,0,0
1788111900000,2026-08-30T17:45:00Z,147.99,148.5,147.99,148.5,0.09,13.365
1788112200000,2026-08-30T17:50:00Z,148.5,148.53,148.5,148.53,0.16,23.7648
1788112500000,2026-08-30T17:55:00Z,148.53,148.53,148.53,148.53,0,0
1788112800000,2026-08-30T18:00:00Z,148.53,148.53,148.53,148.53,0,0
1788113100000,2026-08-30T18:05:00Z,148.53,148.53,148.53,148.53,0,0
1788113400000,2026-08-30T18:10:00Z,148.53,148.53,148.5,148.5,0.23,34.155
1788113700000,2026-08-30T18:15:00Z,148.5,148.5,148.5,148.5,0,0
1788114000000,2026-08-30T18:20:00Z,148.5,148.5,148.5,148.5,0,0
1788114300000,2026-08-30T18:25:00Z,148.5,148.5,148.5,148.5,0,0
1788114600000,2026-08-30T18:30:00Z,148.5,148.5,148.5,148.5,0,0
1788114900000,2026-08-30T18:35:00Z,148.5,148.5,148.5,148.5,0,0
1788115200000,2026-08-30T18:40:00Z,148.5,148.5,148.5,148.5,0,0
1788115500000,2026-08-30T18:45:00Z,148.5,148.5,148.5,148.5,0,0
1788115800000,2026-08-30T18:50:00Z,148.5,148.5,148.5,148.5,0,0
1788116100000,2026-08-30T18:55:00Z,148.5,148.5,148.5,148.5,0,0
1788116400000,2026-08-30T19:00:00Z,148.5,148.5,148.5,148.5,0.07,10.395
1788116700000,2026-08-30T19:05:00Z,148.5,148.5,148.5,148.5,0,0
1788117000000,2026-08-30T19:10:00Z,148.5,148.5,148.38,148.38,0.14,20.7732
1788117300000,2026-08-30T19:15:00Z,148.38,148.38,148.38,148.38,0.1,14.838
1788117600000,2026-08-30T19:20:00Z,148.38,148.38,148.38,148.38,0,0
1788117900000,2026-08-30T19:25:00Z,148.38,148.38,148.37,148.37,0.15,22.2555
1788118200000,2026-08-30T19:30:00Z,148.37,148.38,148.37,148.38,0.15,22.257
1788118500000,2026-08-30T19:35:00Z,148.38,148.38,148.38,148.38,0,0
1788118800000,2026-08-30T19:40:00Z,148.38,148.38,148.37,148.37,0.08,11.8696
1788119100000,2026-08-30T19:45:00Z,148.37,148.38,148.37,148.38,0.25,37.095
1788119400000,2026-08-30T19:50:00Z,148.38,148.38,148.37,148.37,0.18,26.7066
1788119700000,2026-08-30T19:55:00Z,148.37,148.51,148.36,148.4,1.22,181.0544
1788120000000,2026-08-30T20:00:00Z,148.4,148.4,148.4,148.4,0,0
1788120300000,2026-08-30T20:05:00Z,148.4,148.4,148.4,148.4,0,0
1788120600000,2026-08-30T20:10:00Z,148.4,148.4,148.4,148.4,0,0
1788120900000,2026-08-30T20:15:00Z,148.4,148.4,148.4,148.4,0,0
1788121200000,2026-08-30T20:20:00Z,148.4,148.4,148.4,148.4,0,0
1788121500000,2026-08-30T20:25:00Z,148.4,148.4,148.36,148.36,0.28,41.5408
1788121800000,2026-08-30T20:30:00Z,148.36,148.36,148.36,148.36,0,0
1788122100000,2026-08-30T20:35:00Z,148.36,148.36,148.36,148.36,0,0
1788122400000,2026-08-30T20:40:00Z,148.36,148.46,148.36,148.46,0.22,32.6612
1788122700000,2026-08-30T20:45:00Z,148.46,148.46,148.46,148.46,0,0
1788123000000,2026-08-30T20:50:00Z,148.46,148.46,148.46,148.46,0,0
1788123300000,2026-08-30T20:55:00Z,148.46,148.46,147.99,147.99,1.28,189.7861
1788123600000,2026-08-30T21:00:00Z,147.99,148.49,147.99,148.49,0.09,13.3641
1788123900000,2026-08-30T21:05:00Z,148.49,148.49,148.49,148.49,0,0
1788124200000,2026-08-30T21:10:00Z,148.49,148.49,148.33,148.33,0.19,28.1827
1788124500000,2026-08-30T21:15:00Z,148.33,148.33,148.33,148.33,0,0
1788124800000,2026-08-30T21:20:00Z,148.33,148.33,148.33,148.33,0,0
1788125100000,2026-08-30T21:25:00Z,148.33,148.33,147.98,147.98,0.15,22.197
1788125400000,2026-08-30T21:30:00Z,147.98,147.98,147.98,147.98,0,0
1788125700000,2026-08-30T21:35:00Z,147.98,148.36,147.98,148.36,0.2,29.672
1788126000000,2026-08-30T21:40:00Z,148.36,148.36,148.36,148.36,0,0
1788126300000,2026-08-30T21:45:00Z,148.36,148.36,148.36,148.36,0,0
1788126600000,2026-08-30T21:50:00Z,148.36,148.36,148.36,148.36,0,0
1788126900000,2026-08-30T21:55:00Z,148.36,148.44,148.36,148.44,0.08,11.8752
1788127200000,2026-08-30T22:00:00Z,148.44,148.44,148.44,148.44,0,0
1788127500000,2026-08-30T22:05:00Z,148.44,148.44,148.44,148.44,0,0
1788127800000,2026-08-30T22:10:00Z,148.44,148.44,148.44,148.44,0.14,20.7816
1788128100000,2026-08-30T22:15:00Z,148.44,148.44,148.33,148.33,0.19,28.1827
1788128400000,2026-08-30T22:20:00Z,148.33,148.33,148.33,148.33,0,0
1788128700000,2026-08-30T22:25:00Z,148.33,148.4,148.33,148.4,0.15,22.26
1788129000000,2026-08-30T22:30:00Z,148.4,148.53,148.4,148.53,0.23,34.1619
1788129300000,2026-08-30T22:35:00Z,148.53,148.53,148.53,148.53,0,0
1788129600000,2026-08-30T22:40:00Z,148.53,148.53,148.53,148.53,0,0
1788129900000,2026-08-30T22:45:00Z,148.53,148.53,148.39,148.39,0.25,37.0975
1788130200000,2026-08-30T22:50:00Z,148.39,148.39,148.39,148.39,0,0
1788130500000,2026-08-30T22:55:00Z,148.39,148.54,148.39,148.54,0.14,20.7956
1788130800000,2026-08-30T23:00:00Z,148.54,148.54,148.54,148.54,0,0
1788131100000,2026-08-30T23:05:00Z,148.54,148.54,148.54,148.54,0,0
1788131400000,2026-08-30T23:10:00Z,148.54,148.54,148.37,148.37,0.23,34.1251
1788131700000,2026-08-30T23:15:00Z,148.37,148.37,148.37,148.37,0,0
1788132000000,2026-08-30T23:20:00Z,148.37,148.37,148.37,148.37,0,0
1788132300000,2026-08-30T23:25:00Z,148.37,148.37,148.34,148.35,0.55,81.5893
1788132600000,2026-08-30T23:30:00Z,148.35,148.35,148.35,148.35,0,0
1788132900000,2026-08-30T23:35:00Z,148.35,148.35,148.35,148.35,0,0
1788133200000,2026-08-30T23:40:00Z,148.35,148.35,148.35,148.35,0,0
1788133500000,2026-08-30T23:45:00Z,148.35,148.54,148.35,148.54,0.14,20.7956
1788133800000,2026-08-30T23:50:00Z,148.54,148.54,148.54,148.54,0,0
1788134100000,2026-08-30T23:55:00Z,148.54,148.54,148.54,148.54,0,0
1788134400000,2026-08-31T00:00:00Z,148.54,148.54,147.26,147.26,1.01,149.2098
1788134700000,2026-08-31T00:05:00Z,147.26,147.26,147.26,147.26,0,0
1788135000000,2026-08-31T00:10:00Z,147.26,148.06,147.25,148.06,0.18,26.5834
1788135300000,2026-08-31T00:15:00Z,148.06,148.06,148.06,148.06,0,0
1788135600000,2026-08-31T00:20:00Z,148.06,148.06,147.77,147.77,0.07,10.3439
1788135900000,2026-08-31T00:25:00Z,147.77,147.77,147.77,147.77,0,0
1788136200000,2026-08-31T00:30:00Z,147.77,147.77,147.73,147.73,0.18,26.5914
1788136500000,2026-08-31T00:35:00Z,147.73,147.73,147.33,147.33,0.09,13.2597
1788136800000,2026-08-31T00:40:00Z,147.33,147.76,147.33,147.73,0.43,63.5275
1788137100000,2026-08-31T00:45:00Z,147.73,147.73,147.73,147.73,0,0
1788137400000,2026-08-31T00:50:00Z,147.73,147.73,147.73,147.73,0,0
1788137700000,2026-08-31T00:55:00Z,147.73,148.07,146.97,147.96,5.06,746.6387
1788138000000,2026-08-31T01:00:00Z,147.96,147.96,147.96,147.96,0,0
1788138300000,2026-08-31T01:05:00Z,147.96,147.96,147.96,147.96,0,0
1788138600000,2026-08-31T01:10:00Z,147.96,147.96,147.96,147.96,0,0
1788138900000,2026-08-31T01:15:00Z,147.96,147.96,147.5,147.5,0.14,20.65
1788139200000,2026-08-31T01:20:00Z,147.5,147.56,147.5,147.56,0.16,23.6096
1788139500000,2026-08-31T01:25:00Z,147.56,147.56,147.47,147.47,0.26,38.3422
1788139800000,2026-08-31T01:30:00Z,147.47,147.5,147.47,147.5,0.16,23.6
1788140100000,2026-08-31T01:35:00Z,147.5,147.5,147.5,147.5,0,0
1788140400000,2026-08-31T01:40:00Z,147.5,147.5,147.5,147.5,0,0
1788140700000,2026-08-31T01:45:00Z,147.5,147.5,147.5,147.5,0,0
1788141000000,2026-08-31T01:50:00Z,147.5,147.5,147.47,147.47,0.09,13.2723
1788141300000,2026-08-31T01:55:00Z,147.47,147.47,147.47,147.47,0,0
1788141600000,2026-08-31T02:00:00Z,147.47,147.47,147.47,147.47,0,0
1788141900000,2026-08-31T02:05:00Z,147.47,147.47,147.47,147.47,0,0
1788142200000,2026-08-31T02:10:00Z,147.47,147.56,147.47,147.56,0.11,16.2316
1788142500000,2026-08-31T02:15:00Z,147.56,147.56,147.56,147.56,0,0
1788142800000,2026-08-31T02:20:00Z,147.56,147.56,147.56,147.56,0,0
1788143100000,2026-08-31T02:25:00Z,147.56,147.58,147.56,147.58,0.06,8.8548
1788143400000,2026-08-31T02:30:00Z,147.58,147.58,147.58,147.58,0,0
1788143700000,2026-08-31T02:35:00Z,147.58,147.58,147.46,147.46,0.25,36.865
1788144000000,2026-08-31T02:40:00Z,147.46,147.57,147.46,147.57,0.09,13.2813
1788144300000,2026-08-31T02:45:00Z,147.57,147.57,147.57,147.57,0,0
1788144600000,2026-08-31T02:50:00Z,147.57,147.87,147.57,147.87,0.09,13.3083
1788144900000,2026-08-31T02:55:00Z,147.87,147.87,147.87,147.87,0,0
1788145200000,2026-08-31T03:00:00Z,147.87,147.87,147.87,147.87,0,0
1788145500000,2026-08-31T03:05:00Z,147.87,147.87,147.19,147.19,0.67,98.6653
1788145800000,2026-08-31T03:10:00Z,147.19,147.19,147.19,147.19,0,0
1788146100000,2026-08-31T03:15:00Z,147.19,147.19,147.19,147.19,0,0
1788146400000,2026-08-31T03:20:00Z,147.19,147.19,147.19,147.19,0,0
1788146700000,2026-08-31T03:25:00Z,147.19,147.19,147.19,147.19,0,0
1788147000000,2026-08-31T03:30:00Z,147.19,147.57,147.19,147.57,0.09,13.2813
1788147300000,2026-08-31T03:35:00Z,147.57,147.57,147.57,147.57,0,0
1788147600000,2026-08-31T03:40:00Z,147.57,147.57,147.57,147.57,0,0
1788147900000,2026-08-31T03:45:00Z,147.57,147.57,147.57,147.57,0,0
1788148200000,2026-08-31T03:50:00Z,147.57,147.71,147.37,147.37,0.36,53.1144
1788148500000,2026-08-31T03:55:00Z,147.37,147.37,147.37,147.37,0,0
1788148800000,2026-08-31T04:00:00Z,147.37,147.37,147.33,147.33,0.09,13.2597
1788149100000,2026-08-31T04:05:00Z,147.33,147.33,147.27,147.29,0.58,85.4218
1788149400000,2026-08-31T04:10:00Z,147.29,147.37,147.29,147.37,0.23,33.8951
1788149700000,2026-08-31T04:15:00Z,147.37,147.37,147.27,147.27,0.14,20.6178
1788150000000,2026-08-31T04:20:00Z,147.27,147.42,147.27,147.42,0.8,117.879
1788150300000,2026-08-31T04:25:00Z,147.42,147.42,147.42,147.42,0,0
1788150600000,2026-08-31T04:30:00Z,147.42,147.54,147.42,147.54,0.26,38.3604
1788150900000,2026-08-31T04:35:00Z,147.54,147.54,147.54,147.54,0,0
1788151200000,2026-08-31T04:40:00Z,147.54,147.54,147.54,147.54,0,0
1788151500000,2026-08-31T04:45:00Z,147.54,147.54,147.54,147.54,0,0
1788151800000,2026-08-31T04:50:00Z,147.54,147.54,146.94,146.94,0.5,73.595
1788152100000,2026-08-31T04:55:00Z,146.94,147.33,146.94,147.33,0.82,120.8106
1788152400000,2026-08-31T05:00:00Z,147.33,147.33,147.33,147.33,0,0
1788152700000,2026-08-31T05:05:00Z,147.33,147.33,147.33,147.33,0,0
1788153000000,2026-08-31T05:10:00Z,147.33,147.45,147.33,147.45,0.08,11.796
1788153300000,2026-08-31T05:15:00Z,147.45,147.45,147.45,147.45,0,0
1788153600000,2026-08-31T05:20:00Z,147.45,147.45,147.45,147.45,0,0
1788153900000,2026-08-31T05:25:00Z,147.45,147.45,147.45,147.45,0,0
1788154200000,2026-08-31T05:30:00Z,147.45,147.79,146.9,147.2,7.16,1054.8412
1788154500000,2026-08-31T05:35:00Z,147.2,148,147.2,147.48,2.4,354.3754
1788154800000,2026-08-31T05:40:00Z,147.48,147.48,147.48,147.48,0,0
1788155100000,2026-08-31T05:45:00Z,147.48,147.48,147.43,147.43,0.07,10.3201
1788155400000,2026-08-31T05:50:00Z,147.43,147.43,147.43,147.43,0,0
1788155700000,2026-08-31T05:55:00Z,147.43,148,147.2,147.9,0.82,120.8846
1788156000000,2026-08-31T06:00:00Z,147.9,147.9,147.9,147.9,0,0
1788156300000,2026-08-31T06:05:00Z,147.9,147.9,147.9,147.9,0,0
1788156600000,2026-08-31T06:10:00Z,147.9,147.9,147.9,147.9,0,0
1788156900000,2026-08-31T06:15:00Z,147.9,147.9,147.64,147.64,0.06,8.8584
1788157200000,2026-08-31T06:20:00Z,147.64,147.64,147.64,147.64,0.2,29.528
1788157500000,2026-08-31T06:25:00Z,147.64,147.64,147.64,147.64,0,0
1788157800000,2026-08-31T06:30:00Z,147.64,147.64,147.61,147.61,0.42,61.9993
1788158100000,2026-08-31T06:35:00Z,147.61,147.81,147.52,147.81,0.3,44.2995
1788158400000,2026-08-31T06:40:00Z,147.81,147.81,147.81,147.81,0,0
1788158700000,2026-08-31T06:45:00Z,147.81,147.81,147.66,147.66,0.08,11.8128
1788159000000,2026-08-31T06:50:00Z,147.66,147.7,147.66,147.7,0.38,56.1232
1788159300000,2026-08-31T06:55:00Z,147.7,147.7,147.7,147.7,0,0
1788159600000,2026-08-31T07:00:00Z,147.7,147.7,147.7,147.7,0,0
1788159900000,2026-08-31T07:05:00Z,147.7,147.7,147.7,147.7,0,0
1788160200000,2026-08-31T07:10:00Z,147.7,147.72,147.7,147.72,0.32,47.2704
1788160500000,2026-08-31T07:15:00Z,147.72,147.72,147.68,147.68,0.16,23.6288
1788160800000,2026-08-31T07:20:00Z,147.68,147.68,147.19,147.19,0.66,97.2105
1788161100000,2026-08-31T07:25:00Z,147.19,147.47,147.19,147.47,0.21,30.9687
1788161400000,2026-08-31T07:30:00Z,147.47,147.64,147.2,147.64,0.52,76.6584
1788161700000,2026-08-31T07:35:00Z,147.64,147.64,147.64,147.64,0,0
1788162000000,2026-08-31T07:40:00Z,147.64,147.64,147.64,147.64,0,0
1788162300000,2026-08-31T07:45:00Z,147.64,147.64,147.39,147.49,0.46,67.8314
1788162600000,2026-08-31T07:50:00Z,147.49,147.49,147.49,147.49,0,0
1788162900000,2026-08-31T07:55:00Z,147.49,147.97,147.49,147.65,1.99,294.1501
1788163200000,2026-08-31T08:00:00Z,147.65,147.65,147.65,147.65,0,0
1788163500000,2026-08-31T08:05:00Z,147.65,147.65,147.65,147.65,0,0
1788163800000,2026-08-31T08:10:00Z,147.65,147.65,147.65,147.65,0,0
1788164100000,2026-08-31T08:15:00Z,147.65,147.65,147.65,147.65,0,0
1788164400000,2026-08-31T08:20:00Z,147.65,147.65,147.65,147.65,0,0
1788164700000,2026-08-31T08:25:00Z,147.65,147.65,147.37,147.37,0.15,22.1055
1788165000000,2026-08-31T08:30:00Z,147.37,147.37,147.37,147.37,0,0
1788165300000,2026-08-31T08:35:00Z,147.37,147.37,147.36,147.36,0.22,32.4192
1788165600000,2026-08-31T08:40:00Z,147.36,147.36,147.36,147.36,0,0
1788165900000,2026-08-31T08:45:00Z,147.36,147.49,147.36,147.37,0.29,42.7601
1788166200000,2026-08-31T08:50:00Z,147.37,147.37,147.35,147.35,0.07,10.3145
1788166500000,2026-08-31T08:55:00Z,147.35,147.62,147.35,147.62,0.81,119.5598
1788166800000,2026-08-31T09:00:00Z,147.62,147.62,147.62,147.62,0,0
1788167100000,2026-08-31T09:05:00Z,147.62,147.62,147.62,147.62,0,0
1788167400000,2026-08-31T09:10:00Z,147.62,147.81,147.39,147.81,0.55,81.2523
1788167700000,2026-08-31T09:15:00Z,147.81,147.81,147.81,147.81,0,0
1788168000000,2026-08-31T09:20:00Z,147.81,147.81,147.81,147.81,0,0
1788168300000,2026-08-31T09:25:00Z,147.81,147.81,147.81,147.81,0,0
1788168600000,2026-08-31T09:30:00Z,147.81,147.81,147.81,147.81,0,0
1788168900000,2026-08-31T09:35:00Z,147.81,148.05,147.43,148.05,0.36,53.1864
1788169200000,2026-08-31T09:40:00Z,148.05,148.05,147.79,147.79,0.24,35.4696
1788169500000,2026-08-31T09:45:00Z,147.79,147.79,147.79,147.79,0,0
1788169800000,2026-08-31T09:50:00Z,147.79,147.79,147.79,147.79,0,0
1788170100000,2026-08-31T09:55:00Z,147.79,147.79,147.79,147.79,0,0
1788170400000,2026-08-31T10:00:00Z,147.79,148.04,147.51,148.04,0.28,41.377
1788170700000,2026-08-31T10:05:00Z,148.04,148.04,148.04,148.04,0,0
1788171000000,2026-08-31T10:10:00Z,148.04,148.04,148.04,148.04,0,0
1788171300000,2026-08-31T10:15:00Z,148.04,148.04,148.04,148.04,0,0
1788171600000,2026-08-31T10:20:00Z,148.04,148.04,147.7,147.7,0.34,50.2571
1788171900000,2026-08-31T10:25:00Z,147.7,147.7,147.7,147.7,0,0
1788172200000,2026-08-31T10:30:00Z,147.7,147.7,147.7,147.7,0,0
1788172500000,2026-08-31T10:35:00Z,147.7,147.7,147.7,147.7,0,0
1788172800000,2026-08-31T10:40:00Z,147.7,147.95,147.7,147.95,0.24,35.508
1788173100000,2026-08-31T10:45:00Z,147.95,148.02,147.82,148.01,0.16,23.6684
1788173400000,2026-08-31T10:50:00Z,148.01,148.01,148.01,148.01,0,0
1788173700000,2026-08-31T10:55:00Z,148.01,148.01,148,148,0.07,10.36
1788174000000,2026-08-31T11:00:00Z,148,148,148,148,0,0
1788174300000,2026-08-31T11:05:00Z,148,148,147.84,147.84,0.21,31.0464
1788174600000,2026-08-31T11:10:00Z,147.84,147.84,147.81,147.81,0.24,35.4744
1788174900000,2026-08-31T11:15:00Z,147.81,147.83,147.8,147.8,0.81,119.731
1788175200000,2026-08-31T11:20:00Z,147.8,147.8,147.8,147.8,0,0
1788175500000,2026-08-31T11:25:00Z,147.8,147.8,147.8,147.8,0,0
1788175800000,2026-08-31T11:30:00Z,147.8,147.8,147.8,147.8,0,0
1788176100000,2026-08-31T11:35:00Z,147.8,147.8,147.51,147.51,0.32,47.2032
1788176400000,2026-08-31T11:40:00Z,147.51,147.66,147.51,147.66,0.25,36.915
1788176700000,2026-08-31T11:45:00Z,147.66,147.66,147.39,147.39,0.32,47.1648
1788177000000,2026-08-31T11:50:00Z,147.39,147.39,147.19,147.19,0.65,95.6921
1788177300000,2026-08-31T11:55:00Z,147.19,147.19,147.19,147.19,0,0
1788177600000,2026-08-31T12:00:00Z,147.19,147.19,147.19,147.19,0,0
1788177900000,2026-08-31T12:05:00Z,147.19,147.48,147.19,147.38,0.55,81.082
1788178200000,2026-08-31T12:10:00Z,147.38,147.38,147.38,147.38,0,0
1788178500000,2026-08-31T12:15:00Z,147.38,147.38,147.38,147.38,0,0
1788178800000,2026-08-31T12:20:00Z,147.38,147.38,147.38,147.38,0,0
1788179100000,2026-08-31T12:25:00Z,147.38,147.38,147.38,147.38,0,0
1788179400000,2026-08-31T12:30:00Z,147.38,147.38,147.38,147.38,0,0
1788179700000,2026-08-31T12:35:00Z,147.38,147.38,147.38,147.38,0,0
1788180000000,2026-08-31T12:40:00Z,147.38,147.39,147,147.39,0.48,70.6536
1788180300000,2026-08-31T12:45:00Z,147.39,147.39,146.64,146.72,1.71,251.4315
1788180600000,2026-08-31T12:50:00Z,146.72,147.18,146.61,146.61,1.91,280.3059
1788180900000,2026-08-31T12:55:00Z,146.61,146.61,146.31,146.31,1.34,196.0959
1788181200000,2026-08-31T13:00:00Z,146.31,146.31,146.31,146.31,0,0
1788181500000,2026-08-31T13:05:00Z,146.31,146.88,146.31,146.83,0.6,87.9631
1788181800000,2026-08-31T13:10:00Z,146.83,146.83,146.83,146.83,0,0
1788182100000,2026-08-31T13:15:00Z,146.83,146.83,146.3,146.3,0.42,61.4823
1788182400000,2026-08-31T13:20:00Z,146.3,146.3,146.04,146.04,0.82,119.9179
1788182700000,2026-08-31T13:25:00Z,146.04,146.44,145.58,145.58,3.5,511.034
1788183000000,2026-08-31T13:30:00Z,145.58,147.47,145.58,147.47,0.78,114.2932
1788183300000,2026-08-31T13:35:00Z,147.47,147.47,146.61,147.19,0.09,13.2297
1788183600000,2026-08-31T13:40:00Z,147.19,147.19,146.31,146.31,0.95,139.0188
1788183900000,2026-08-31T13:45:00Z,146.31,146.31,146.31,146.31,0,0
1788184200000,2026-08-31T13:50:00Z,146.31,146.31,146.31,146.31,0,0
1788184500000,2026-08-31T13:55:00Z,146.31,147.11,146.31,147.05,0.85,125.0366
1788184800000,2026-08-31T14:00:00Z,147.05,147.19,147.05,147.19,0.35,51.4813
1788185100000,2026-08-31T14:05:00Z,147.19,147.19,146.61,146.61,0.34,49.8505
1788185400000,2026-08-31T14:10:00Z,146.61,146.61,146.61,146.61,0,0
1788185700000,2026-08-31T14:15:00Z,146.61,146.61,146.61,146.61,0,0
1788186000000,2026-08-31T14:20:00Z,146.61,146.61,146.31,146.31,0.34,49.7516
1788186300000,2026-08-31T14:25:00Z,146.31,146.31,146.31,146.31,0,0
1788186600000,2026-08-31T14:30:00Z,146.31,146.31,146.02,146.02,0.34,49.653
1788186900000,2026-08-31T14:35:00Z,146.02,146.02,146.02,146.02,0,0
1788187200000,2026-08-31T14:40:00Z,146.02,146.61,146.02,146.61,0.03,4.3983
1788187500000,2026-08-31T14:45:00Z,146.61,146.74,146.61,146.74,0.31,45.4894
1788187800000,2026-08-31T14:50:00Z,146.74,146.9,146.74,146.9,0.84,123.3848
1788188100000,2026-08-31T14:55:00Z,146.9,147.18,146.9,147.18,0.81,119.2127
1788188400000,2026-08-31T15:00:00Z,147.18,147.18,147.18,147.18,0,0
1788188700000,2026-08-31T15:05:00Z,147.18,147.18,147.18,147.18,0,0
1788189000000,2026-08-31T15:10:00Z,147.18,147.18,146.7,147.07,0.36,52.8786
1788189300000,2026-08-31T15:15:00Z,147.07,147.07,147.07,147.07,0,0
1788189600000,2026-08-31T15:20:00Z,147.07,147.07,147.07,147.07,0,0
1788189900000,2026-08-31T15:25:00Z,147.07,147.49,147.07,147.49,0.56,82.5804
1788190200000,2026-08-31T15:30:00Z,147.49,147.49,147.49,147.49,0,0
1788190500000,2026-08-31T15:35:00Z,147.49,147.49,146.9,146.9,0.03,4.407
1788190800000,2026-08-31T15:40:00Z,146.9,147.16,146.74,146.74,0.22,32.329
1788191100000,2026-08-31T15:45:00Z,146.74,147.04,146.74,147.04,0.23,33.8192
1788191400000,2026-08-31T15:50:00Z,147.04,147.04,147.04,147.04,0,0
1788191700000,2026-08-31T15:55:00Z,147.04,147.31,147.04,147.31,0.32,47.1392
1788192000000,2026-08-31T16:00:00Z,147.31,147.31,147.31,147.31,0,0
1788192300000,2026-08-31T16:05:00Z,147.31,147.49,147.31,147.49,0.83,122.3765
1788192600000,2026-08-31T16:10:00Z,147.49,147.78,147.49,147.78,0.52,76.8398
1788192900000,2026-08-31T16:15:00Z,147.78,147.78,147.6,147.6,0.12,17.712
1788193200000,2026-08-31T16:20:00Z,147.6,147.6,147.6,147.6,0,0
1788193500000,2026-08-31T16:25:00Z,147.6,148.43,147.6,148.43,5.69,843.7884
1788193800000,2026-08-31T16:30:00Z,148.43,148.68,148.43,148.68,0.03,4.4604
1788194100000,2026-08-31T16:35:00Z,148.68,148.68,148.08,148.08,1.15,170.449
1788194400000,2026-08-31T16:40:00Z,148.08,148.08,148.08,148.08,0,0
1788194700000,2026-08-31T16:45:00Z,148.08,148.08,148.08,148.08,0,0
1788195000000,2026-08-31T16:50:00Z,148.08,148.08,148.08,148.08,0,0
1788195300000,2026-08-31T16:55:00Z,148.08,148.08,148.08,148.08,0,0
1788195600000,2026-08-31T17:00:00Z,148.08,148.34,147.96,147.96,0.65,96.2522
1788195900000,2026-08-31T17:05:00Z,147.96,147.96,147.96,147.96,0.31,45.8676
1788196200000,2026-08-31T17:10:00Z,147.96,147.96,147.79,147.79,0.34,50.2517
1788196500000,2026-08-31T17:15:00Z,147.79,147.79,147.79,147.79,0,0
1788196800000,2026-08-31T17:20:00Z,147.79,147.79,147.49,147.49,0.24,35.4081
1788197100000,2026-08-31T17:25:00Z,147.49,147.49,147.49,147.49,0,0
1788197400000,2026-08-31T17:30:00Z,147.49,147.49,147.49,147.49,0,0
1788197700000,2026-08-31T17:35:00Z,147.49,147.49,147.19,147.19,0.34,50.0477
1788198000000,2026-08-31T17:40:00Z,147.19,147.19,146.99,146.99,0.31,45.5669
1788198300000,2026-08-31T17:45:00Z,146.99,146.99,146.9,146.9,0.03,4.407
1788198600000,2026-08-31T17:50:00Z,146.9,146.9,146.9,146.9,0,0
1788198900000,2026-08-31T17:55:00Z,146.9,146.9,146.9,146.9,0,0
1788199200000,2026-08-31T18:00:00Z,146.9,146.9,146.9,146.9,0,0
1788199500000,2026-08-31T18:05:00Z,146.9,146.9,146.9,146.9,0,0
1788199800000,2026-08-31T18:10:00Z,146.9,147.07,146.79,147.07,0.1,14.693
1788200100000,2026-08-31T18:15:00Z,147.07,147.07,146.73,146.73,0.31,45.4863
1788200400000,2026-08-31T18:20:00Z,146.73,146.73,146.61,146.61,0.03,4.3983
1788200700000,2026-08-31T18:25:00Z,146.61,146.61,146.61,146.61,0,0
1788201000000,2026-08-31T18:30:00Z,146.61,147.2,146.61,147.2,0.66,97.1455
1788201300000,2026-08-31T18:35:00Z,147.2,147.27,147,147,0.26,38.2551
1788201600000,2026-08-31T18:40:00Z,147,147.37,147,147.37,0.35,51.5645
1788201900000,2026-08-31T18:45:00Z,147.37,147.37,147.21,147.21,0.12,17.6652
1788202200000,2026-08-31T18:50:00Z,147.21,147.21,147.21,147.21,0,0
1788202500000,2026-08-31T18:55:00Z,147.21,147.49,147.21,147.49,0.34,50.1435
1788202800000,2026-08-31T19:00:00Z,147.49,147.77,147.49,147.77,0.76,112.3052
1788203100000,2026-08-31T19:05:00Z,147.77,147.79,147.77,147.79,0.34,50.2455
1788203400000,2026-08-31T19:10:00Z,147.79,147.79,147.79,147.79,0,0
1788203700000,2026-08-31T19:15:00Z,147.79,147.79,147.79,147.79,0,0
1788204000000,2026-08-31T19:20:00Z,147.79,148.05,147.72,148.05,0.14,20.7039
1788204300000,2026-08-31T19:25:00Z,148.05,148.05,147.71,147.71,0.4,59.126
1788204600000,2026-08-31T19:30:00Z,147.71,147.71,147.62,147.62,0.14,20.6668
1788204900000,2026-08-31T19:35:00Z,147.62,148.08,147.62,148.08,0.84,124.1928
1788205200000,2026-08-31T19:40:00Z,148.08,148.08,148.08,148.08,0,0
1788205500000,2026-08-31T19:45:00Z,148.08,148.08,148.04,148.04,0.22,32.5688
1788205800000,2026-08-31T19:50:00Z,148.04,149.15,148.04,149.15,4.76,707.1949
1788206100000,2026-08-31T19:55:00Z,149.15,149.15,147.96,148.08,1.2,178.1877
1788206400000,2026-08-31T20:00:00Z,148.08,148.08,148.08,148.08,0,0
1788206700000,2026-08-31T20:05:00Z,148.08,148.22,147.8,147.8,2.61,386.6882
1788207000000,2026-08-31T20:10:00Z,147.8,147.8,147.8,147.8,0,0
1788207300000,2026-08-31T20:15:00Z,147.8,147.8,147.8,147.8,0,0
1788207600000,2026-08-31T20:20:00Z,147.8,147.8,147.8,147.8,0,0
1788207900000,2026-08-31T20:25:00Z,147.8,148.68,147.8,148.68,0.03,4.4604
1788208200000,2026-08-31T20:30:00Z,148.68,148.68,148.68,148.68,0,0
1788208500000,2026-08-31T20:35:00Z,148.68,148.68,148.55,148.55,0.14,20.797
1788208800000,2026-08-31T20:40:00Z,148.55,148.55,148.33,148.33,0.17,25.2161
1788209100000,2026-08-31T20:45:00Z,148.33,148.95,148.33,148.95,0.36,53.5374
1788209400000,2026-08-31T20:50:00Z,148.95,148.95,148.95,148.95,0,0
1788209700000,2026-08-31T20:55:00Z,148.95,148.95,148.88,148.88,0.06,8.9328
1788210000000,2026-08-31T21:00:00Z,148.88,148.88,148.54,148.54,0.26,38.6204
1788210300000,2026-08-31T21:05:00Z,148.54,148.66,148.54,148.66,0.26,38.6516
1788210600000,2026-08-31T21:10:00Z,148.66,148.86,148.41,148.41,0.12,17.8362
1788210900000,2026-08-31T21:15:00Z,148.41,148.41,148.41,148.41,0,0
1788211200000,2026-08-31T21:20:00Z,148.41,148.41,148.41,148.41,0,0
1788211500000,2026-08-31T21:25:00Z,148.41,149.4,148.41,149.4,3.68,549.7752
1788211800000,2026-08-31T21:30:00Z,149.4,149.4,148.99,148.99,1.71,254.7729
1788212100000,2026-08-31T21:35:00Z,148.99,149.29,148.74,148.74,0.2,29.803
1788212400000,2026-08-31T21:40:00Z,148.74,148.74,148.74,148.74,0,0
1788212700000,2026-08-31T21:45:00Z,148.74,148.74,148.74,148.74,0,0
1788213000000,2026-08-31T21:50:00Z,148.74,148.75,148.74,148.75,0.22,32.725
1788213300000,2026-08-31T21:55:00Z,148.75,148.75,148.54,148.54,5,742.7042
1788213600000,2026-08-31T22:00:00Z,148.54,148.54,148.54,148.54,0,0
1788213900000,2026-08-31T22:05:00Z,148.54,149.14,148.54,149.14,10,1491.4
1788214200000,2026-08-31T22:10:00Z,149.14,149.14,149.14,149.14,0,0
1788214500000,2026-08-31T22:15:00Z,149.14,149.14,148.43,148.43,0.32,47.5536
1788214800000,2026-08-31T22:20:00Z,148.43,148.74,148.43,148.74,0.19,28.2606
1788215100000,2026-08-31T22:25:00Z,148.74,148.8,148.74,148.8,0.14,20.832
1788215400000,2026-08-31T22:30:00Z,148.8,148.8,148.8,148.8,0,0
1788215700000,2026-08-31T22:35:00Z,148.8,148.8,148.8,148.8,0,0
1788216000000,2026-08-31T22:40:00Z,148.8,148.8,148.75,148.75,0.09,13.3875
1788216300000,2026-08-31T22:45:00Z,148.75,148.75,148.75,148.75,0,0
1788216600000,2026-08-31T22:50:00Z,148.75,148.75,148.75,148.75,0,0
1788216900000,2026-08-31T22:55:00Z,148.75,148.79,148.75,148.79,0.24,35.7096
1788217200000,2026-08-31T23:00:00Z,148.79,148.79,148.7,148.7,0.25,37.175
1788217500000,2026-08-31T23:05:00Z,148.7,148.84,148.4,148.4,0.38,56.4801
1788217800000,2026-08-31T23:10:00Z,148.4,148.4,148.4,148.4,0,0
1788218100000,2026-08-31T23:15:00Z,148.4,148.4,148.4,148.4,0,0
1788218400000,2026-08-31T23:20:00Z,148.4,148.86,148.4,148.42,0.26,38.6464
1788218700000,2026-08-31T23:25:00Z,148.42,148.74,148.4,148.4,0.44,65.3814
1788219000000,2026-08-31T23:30:00Z,148.4,148.63,148.4,148.63,0.22,32.6986
1788219300000,2026-08-31T23:35:00Z,148.63,148.95,148.58,148.95,0.34,50.5801
1788219600000,2026-08-31T23:40:00Z,148.95,148.95,148.93,148.93,0.25,37.2325
1788219900000,2026-08-31T23:45:00Z,148.93,148.93,148.93,148.93,0,0
1788220200000,2026-08-31T23:50:00Z,148.93,148.93,148.93,148.93,0,0
1788220500000,2026-08-31T23:55:00Z,148.93,148.93,148.58,148.58,0.14,20.8012
1788220800000,2026-09-01T00:00:00Z,148.58,148.63,148.58,148.63,0.2,29.726
1788221100000,2026-09-01T00:05:00Z,148.63,148.63,148.63,148.63,0,0
1788221400000,2026-09-01T00:10:00Z,148.63,148.71,148.4,148.71,0.16,23.7688
1788221700000,2026-09-01T00:15:00Z,148.71,148.71,148.71,148.71,0,0
1788222000000,2026-09-01T00:20:00Z,148.71,148.71,148.54,148.54,0.2,29.708
1788222300000,2026-09-01T00:25:00Z,148.54,148.54,148.42,148.42,0.09,13.3578
1788222600000,2026-09-01T00:30:00Z,148.42,148.6,148.42,148.6,0.08,11.888
1788222900000,2026-09-01T00:35:00Z,148.6,148.6,148.57,148.57,0.2,29.714
1788223200000,2026-09-01T00:40:00Z,148.57,148.71,148.57,148.71,0.23,34.2033
1788223500000,2026-09-01T00:45:00Z,148.71,148.71,148.71,148.71,0,0
1788223800000,2026-09-01T00:50:00Z,148.71,148.78,148.71,148.78,0.18,26.7804
1788224100000,2026-09-01T00:55:00Z,148.78,148.78,148.78,148.78,0,0
1788224400000,2026-09-01T01:00:00Z,148.78,148.91,148.78,148.91,0.23,34.2493
1788224700000,2026-09-01T01:05:00Z,148.91,148.91,148.83,148.83,1.51,224.7333
1788225000000,2026-09-01T01:10:00Z,148.83,148.83,148.83,148.83,0,0
1788225300000,2026-09-01T01:15:00Z,148.83,148.83,148.83,148.83,0,0
1788225600000,2026-09-01T01:20:00Z,148.83,149.02,148.08,148.96,0.41,60.9913
1788225900000,2026-09-01T01:25:00Z,148.96,148.96,148.96,148.96,0,0
1788226200000,2026-09-01T01:30:00Z,148.96,148.96,148.96,148.96,0,0
1788226500000,2026-09-01T01:35:00Z,148.96,148.96,148.96,148.96,0,0
1788226800000,2026-09-01T01:40:00Z,148.96,148.96,148.96,148.96,0,0
1788227100000,2026-09-01T01:45:00Z,148.96,148.96,148.96,148.96,0,0
1788227400000,2026-09-01T01:50:00Z,148.96,150.1,148.5,148.5,2.12,316.5616
1788227700000,2026-09-01T01:55:00Z,148.5,149.85,148.48,148.67,2.98,443.7448
1788228000000,2026-09-01T02:00:00Z,148.67,148.88,148.67,148.88,0.14,20.8432
1788228300000,2026-09-01T02:05:00Z,148.88,149.35,148.42,148.49,1,148.7198
1788228600000,2026-09-01T02:10:00Z,148.49,149.4,148.22,149.3,1.72,256.1247
1788228900000,2026-09-01T02:15:00Z,149.3,149.35,148.2,148.3,4.22,627.611
1788229200000,2026-09-01T02:20:00Z,148.3,150.3,148.3,148.5,3.6,537.4405
1788229500000,2026-09-01T02:25:00Z,148.5,148.97,148.5,148.95,0.74,110.2312
1788229800000,2026-09-01T02:30:00Z,148.95,148.95,148.95,148.95,0,0
1788230100000,2026-09-01T02:35:00Z,148.95,149.95,148.47,149.8,0.76,113.3188
1788230400000,2026-09-01T02:40:00Z,149.8,149.8,149.25,149.25,0.2,29.85
1788230700000,2026-09-01T02:45:00Z,149.25,149.25,149.15,149.15,0.85,126.7887
1788231000000,2026-09-01T02:50:00Z,149.15,149.85,148.3,148.4,0.28,41.718
1788231300000,2026-09-01T02:55:00Z,148.4,149.22,148.4,148.88,0.24,35.7704
1788231600000,2026-09-01T03:00:00Z,148.88,148.88,148.88,148.88,0,0
1788231900000,2026-09-01T03:05:00Z,148.88,149.2,148.88,149.2,0.09,13.428
1788232200000,2026-09-01T03:10:00Z,149.2,149.2,149.2,149.2,0,0
1788232500000,2026-09-01T03:15:00Z,149.2,150.35,147.85,148.3,2.31,344.0699
1788232800000,2026-09-01T03:20:00Z,148.3,150.1,148.03,149.15,4.72,704.1114
1788233100000,2026-09-01T03:25:00Z,149.15,149.89,148.66,149.88,2.25,335.7208
1788233400000,2026-09-01T03:30:00Z,149.88,149.88,149.05,149.2,0.36,53.7548
1788233700000,2026-09-01T03:35:00Z,149.2,149.89,148.36,149.8,3.51,522.881
1788234000000,2026-09-01T03:40:00Z,149.8,149.8,148.41,149,1.95,290.1409
1788234300000,2026-09-01T03:45:00Z,149,149,148.7,148.7,0.06,8.922
1788234600000,2026-09-01T03:50:00Z,148.7,148.7,148.69,148.69,0.24,35.6856
1788234900000,2026-09-01T03:55:00Z,148.69,148.69,148.69,148.69,0,0
1788235200000,2026-09-01T04:00:00Z,148.69,149.22,148.69,148.91,1.53,227.7335
1788235500000,2026-09-01T04:05:00Z,148.91,148.91,148.7,148.7,1.34,199.4362
1788235800000,2026-09-01T04:10:00Z,148.7,150.35,148.68,148.7,0.64,95.2267
1788236100000,2026-09-01T04:15:00Z,148.7,150.35,148.4,149.55,3.08,460.751
1788236400000,2026-09-01T04:20:00Z,149.55,149.75,149.36,149.36,0.56,83.6985
1788236700000,2026-09-01T04:25:00Z,149.36,149.58,149.36,149.58,0.48,71.7287
1788237000000,2026-09-01T04:30:00Z,149.58,149.58,148.98,148.98,1.42,212.0016
1788237300000,2026-09-01T04:35:00Z,148.98,148.98,148.98,148.98,0,0
1788237600000,2026-09-01T04:40:00Z,148.98,150.35,148.85,149.26,2.44,365.01
1788237900000,2026-09-01T04:45:00Z,149.26,150.5,148.4,149.25,3.36,501.2344
1788238200000,2026-09-01T04:50:00Z,149.25,149.25,149.03,149.03,0.19,28.3157
1788238500000,2026-09-01T04:55:00Z,149.03,150.3,148.45,148.95,1.64,244.498
1788238800000,2026-09-01T05:00:00Z,148.95,149.53,148.95,149.53,0.16,23.9248
1788239100000,2026-09-01T05:05:00Z,149.53,149.53,149.45,149.45,0.32,47.824
1788239400000,2026-09-01T05:10:00Z,149.45,149.45,149.45,149.45,0,0
1788239700000,2026-09-01T05:15:00Z,149.45,149.45,149.45,149.45,0,0
1788240000000,2026-09-01T05:20:00Z,149.45,149.53,149.14,149.53,0.32,47.7872
1788240300000,2026-09-01T05:25:00Z,149.53,149.53,149.53,149.53,0,0
1788240600000,2026-09-01T05:30:00Z,149.53,149.53,149.46,149.46,0.09,13.4514
1788240900000,2026-09-01T05:35:00Z,149.46,149.46,149.4,149.4,0.44,65.736
1788241200000,2026-09-01T05:40:00Z,149.4,149.4,149.4,149.4,0,0
1788241500000,2026-09-01T05:45:00Z,149.4,149.4,149.31,149.31,0.83,123.9385
1788241800000,2026-09-01T05:50:00Z,149.31,149.31,149.31,149.31,0,0
1788242100000,2026-09-01T05:55:00Z,149.31,149.31,149,149,0.25,37.25
1788242400000,2026-09-01T06:00:00Z,149,149,149,149,0,0
1788242700000,2026-09-01T06:05:00Z,149,149.05,149,149.05,0.24,35.772
1788243000000,2026-09-01T06:10:00Z,149.05,149.2,149.05,149.2,0.19,28.348
1788243300000,2026-09-01T06:15:00Z,149.2,149.2,149.2,149.2,0,0
1788243600000,2026-09-01T06:20:00Z,149.2,149.2,149.2,149.2,0,0
1788243900000,2026-09-01T06:25:00Z,149.2,149.2,149.2,149.2,0,0
1788244200000,2026-09-01T06:30:00Z,149.2,149.2,148.97,148.97,0.23,34.2631
1788244500000,2026-09-01T06:35:00Z,148.97,148.97,148.97,148.97,0,0
1788244800000,2026-09-01T06:40:00Z,148.97,149.21,148.97,149.21,0.31,46.2551
1788245100000,2026-09-01T06:45:00Z,149.21,149.21,149.21,149.21,0,0
1788245400000,2026-09-01T06:50:00Z,149.21,149.21,149.21,149.21,0,0
1788245700000,2026-09-01T06:55:00Z,149.21,149.21,149.21,149.21,0,0
1788246000000,2026-09-01T07:00:00Z,149.21,149.21,149.21,149.21,0,0
1788246300000,2026-09-01T07:05:00Z,149.21,149.21,149,149,0.24,35.76
1788246600000,2026-09-01T07:10:00Z,149,149,149,149,0,0
1788246900000,2026-09-01T07:15:00Z,149,149,149,149,0,0
1788247200000,2026-09-01T07:20:00Z,149,149,149,149,0,0
1788247500000,2026-09-01T07:25:00Z,149,149,149,149,0,0
1788247800000,2026-09-01T07:30:00Z,149,149.29,149,149.29,0.11,16.4219
1788248100000,2026-09-01T07:35:00Z,149.29,149.29,149.29,149.29,0,0
1788248400000,2026-09-01T07:40:00Z,149.29,149.29,148.94,148.94,0.36,53.658
1788248700000,2026-09-01T07:45:00Z,148.94,148.94,148.94,148.94,0,0
1788249000000,2026-09-01T07:50:00Z,148.94,148.94,148.94,148.94,0,0
1788249300000,2026-09-01T07:55:00Z,148.94,148.99,148.94,148.99,0.1,14.899
1788249600000,2026-09-01T08:00:00Z,148.99,150.25,148.99,149.9,8.24,1234.7561
1788249900000,2026-09-01T08:05:00Z,149.9,151.6,149.9,150.48,8.05,1212.235
1788250200000,2026-09-01T08:10:00Z,150.48,150.8,149.81,150.2,2.41,362.1066
1788250500000,2026-09-01T08:15:00Z,150.2,150.2,150.2,150.2,0.33,49.566
1788250800000,2026-09-01T08:20:00Z,150.2,150.2,150.2,150.2,0,0
1788251100000,2026-09-01T08:25:00Z,150.2,150.2,148.75,148.75,4.31,643.4747
1788251400000,2026-09-01T08:30:00Z,148.75,148.75,148.2,148.4,0.4,59.3628
1788251700000,2026-09-01T08:35:00Z,148.4,148.4,148.4,148.4,0,0
1788252000000,2026-09-01T08:40:00Z,148.4,148.4,148.37,148.37,0.23,34.1251
1788252300000,2026-09-01T08:45:00Z,148.37,148.37,148.37,148.37,0,0
1788252600000,2026-09-01T08:50:00Z,148.37,148.37,148.37,148.37,0,0
1788252900000,2026-09-01T08:55:00Z,148.37,148.41,148.15,148.15,0.51,75.6039
1788253200000,2026-09-01T09:00:00Z,148.15,148.15,148.15,148.15,0,0
1788253500000,2026-09-01T09:05:00Z,148.15,148.15,148.15,148.15,0,0
1788253800000,2026-09-01T09:10:00Z,148.15,148.15,147.7,147.7,1.71,252.6846
1788254100000,2026-09-01T09:15:00Z,147.7,147.7,147.5,147.5,0.15,22.137
1788254400000,2026-09-01T09:20:00Z,147.5,147.5,147.5,147.5,0,0
1788254700000,2026-09-01T09:25:00Z,147.5,147.79,147.5,147.79,0.18,26.6017
1788255000000,2026-09-01T09:30:00Z,147.79,147.79,147.79,147.79,0,0
1788255300000,2026-09-01T09:35:00Z,147.79,147.79,147.79,147.79,0,0
1788255600000,2026-09-01T09:40:00Z,147.79,147.79,147.79,147.79,0,0
1788255900000,2026-09-01T09:45:00Z,147.79,147.79,147.58,147.78,0.36,53.1648
1788256200000,2026-09-01T09:50:00Z,147.78,147.78,147.71,147.71,0.24,35.4504
1788256500000,2026-09-01T09:55:00Z,147.71,147.71,147.71,147.71,0,0
1788256800000,2026-09-01T10:00:00Z,147.71,147.71,147.53,147.53,0.25,36.8825
1788257100000,2026-09-01T10:05:00Z,147.53,147.53,147.53,147.53,0,0
1788257400000,2026-09-01T10:10:00Z,147.53,147.53,147.53,147.53,0,0
1788257700000,2026-09-01T10:15:00Z,147.53,147.78,147.53,147.78,0.14,20.6731
1788258000000,2026-09-01T10:20:00Z,147.78,147.78,147.71,147.71,0.15,22.1565
1788258300000,2026-09-01T10:25:00Z,147.71,147.71,147.71,147.71,0,0
1788258600000,2026-09-01T10:30:00Z,147.71,147.71,147.65,147.65,0.7,103.3643
1788258900000,2026-09-01T10:35:00Z,147.65,147.67,147.42,147.55,0.31,45.7457
1788259200000,2026-09-01T10:40:00Z,147.55,147.55,147.55,147.55,0,0
1788259500000,2026-09-01T10:45:00Z,147.55,147.55,147.55,147.55,0,0
1788259800000,2026-09-01T10:50:00Z,147.55,147.55,147.55,147.55,0,0
1788260100000,2026-09-01T10:55:00Z,147.55,147.55,147.55,147.55,0,0
1788260400000,2026-09-01T11:00:00Z,147.55,147.58,147.55,147.58,0.15,22.137
1788260700000,2026-09-01T11:05:00Z,147.58,147.78,147.21,147.78,0.24,35.4042
1788261000000,2026-09-01T11:10:00Z,147.78,147.78,147.78,147.78,0,0
1788261300000,2026-09-01T11:15:00Z,147.78,147.78,147.78,147.78,0,0
1788261600000,2026-09-01T11:20:00Z,147.78,147.78,147.78,147.78,0,0
1788261900000,2026-09-01T11:25:00Z,147.78,147.78,147.78,147.78,0,0
1788262200000,2026-09-01T11:30:00Z,147.78,147.78,147.77,147.77,0.31,45.8087
1788262500000,2026-09-01T11:35:00Z,147.77,147.77,147.77,147.77,0,0
1788262800000,2026-09-01T11:40:00Z,147.77,148.3,147.25,147.46,0.97,143.2149
1788263100000,2026-09-01T11:45:00Z,147.46,147.46,147.46,147.46,0,0
1788263400000,2026-09-01T11:50:00Z,147.46,147.46,147.46,147.46,0,0
1788263700000,2026-09-01T11:55:00Z,147.46,148.01,147.46,148.01,0.2,29.602
1788264000000,2026-09-01T12:00:00Z,148.01,148.01,148.01,148.01,0,0
1788264300000,2026-09-01T12:05:00Z,148.01,148.01,148.01,148.01,0,0
1788264600000,2026-09-01T12:10:00Z,148.01,148.01,148.01,148.01,0,0
1788264900000,2026-09-01T12:15:00Z,148.01,148.01,147.64,147.64,0.14,20.6696
1788265200000,2026-09-01T12:20:00Z,147.64,147.64,147.64,147.64,0,0
1788265500000,2026-09-01T12:25:00Z,147.64,147.64,147.64,147.64,0,0
1788265800000,2026-09-01T12:30:00Z,147.64,147.64,147.64,147.64,0,0
1788266100000,2026-09-01T12:35:00Z,147.64,148.1,147.64,148.1,0.07,10.367
1788266400000,2026-09-01T12:40:00Z,148.1,148.1,146.85,147.08,0.16,23.57
1788266700000,2026-09-01T12:45:00Z,147.08,147.08,147.08,147.08,0,0
1788267000000,2026-09-01T12:50:00Z,147.08,147.08,147.08,147.08,0,0
1788267300000,2026-09-01T12:55:00Z,147.08,147.08,147.08,147.08,0,0
1788267600000,2026-09-01T13:00:00Z,147.08,147.08,147.08,147.08,0,0
1788267900000,2026-09-01T13:05:00Z,147.08,147.08,145.95,146.3,0.25,36.505
1788268200000,2026-09-01T13:10:00Z,146.3,146.59,145.65,146.5,1.1,160.7249
1788268500000,2026-09-01T13:15:00Z,146.5,146.5,145.76,145.84,0.6,87.7649
1788268800000,2026-09-01T13:20:00Z,145.84,145.84,145.84,145.84,0,0
1788269100000,2026-09-01T13:25:00Z,145.84,147.09,145.8,146.85,3.2,466.8646
1788269400000,2026-09-01T13:30:00Z,146.85,148.95,145.75,147.15,37.95,5622.853
1788269700000,2026-09-01T13:35:00Z,147.15,148.05,145.3,146.58,2.24,328.1932
1788270000000,2026-09-01T13:40:00Z,146.58,146.58,145.53,145.53,0.08,11.6712
1788270300000,2026-09-01T13:45:00Z,145.53,146.56,145.53,145.7,0.64,93.2816
1788270600000,2026-09-01T13:50:00Z,145.7,145.8,145.7,145.8,3.59,523.422
1788270900000,2026-09-01T13:55:00Z,145.8,145.8,145.8,145.8,0,0
1788271200000,2026-09-01T14:00:00Z,145.8,145.8,144.3,144.45,0.7,101.2876
1788271500000,2026-09-01T14:05:00Z,144.45,146.05,144.45,145.9,2.08,302.5993
1788271800000,2026-09-01T14:10:00Z,145.9,145.9,145.15,145.15,0.22,31.981
1788272100000,2026-09-01T14:15:00Z,145.15,145.65,144.78,144.78,0.28,40.5732
1788272400000,2026-09-01T14:20:00Z,144.78,144.78,144.78,144.78,0,0
1788272700000,2026-09-01T14:25:00Z,144.78,144.78,144.78,144.78,0,0
1788273000000,2026-09-01T14:30:00Z,144.78,144.78,144.78,144.78,0,0
1788273300000,2026-09-01T14:35:00Z,144.78,144.78,144.78,144.78,0,0
1788273600000,2026-09-01T14:40:00Z,144.78,144.82,144.78,144.82,0.13,18.8266
1788273900000,2026-09-01T14:45:00Z,144.82,145.24,144.82,145.24,1.71,247.7724
1788274200000,2026-09-01T14:50:00Z,145.24,145.24,145.24,145.24,0,0
1788274500000,2026-09-01T14:55:00Z,145.24,145.24,144.19,144.98,0.34,49.1588
1788274800000,2026-09-01T15:00:00Z,144.98,144.98,144.98,144.98,0,0
1788275100000,2026-09-01T15:05:00Z,144.98,144.98,144.98,144.98,0,0
1788275400000,2026-09-01T15:10:00Z,144.98,144.98,144.98,144.98,0,0
1788275700000,2026-09-01T15:15:00Z,144.98,144.98,144.98,144.98,0,0
1788276000000,2026-09-01T15:20:00Z,144.98,144.98,144.47,144.8,0.54,78.1029
1788276300000,2026-09-01T15:25:00Z,144.8,144.8,144.39,144.39,0.11,15.8829
1788276600000,2026-09-01T15:30:00Z,144.39,144.71,144.39,144.71,0.08,11.5768
1788276900000,2026-09-01T15:35:00Z,144.71,144.71,144.2,144.2,0.41,59.222
1788277200000,2026-09-01T15:40:00Z,144.2,144.44,144.2,144.44,0.21,30.3324
1788277500000,2026-09-01T15:45:00Z,144.44,145.08,144.3,144.99,0.88,127.3798
1788277800000,2026-09-01T15:50:00Z,144.99,144.99,144.99,144.99,0,0
1788278100000,2026-09-01T15:55:00Z,144.99,144.99,144.99,144.99,0,0
1788278400000,2026-09-01T16:00:00Z,144.99,144.99,144.99,144.99,0,0
1788278700000,2026-09-01T16:05:00Z,144.99,145.2,144.99,145.2,0.89,129.2077
1788279000000,2026-09-01T16:10:00Z,145.2,145.27,144.98,144.99,0.97,140.7879
1788279300000,2026-09-01T16:15:00Z,144.99,144.99,144.99,144.99,0,0
1788279600000,2026-09-01T16:20:00Z,144.99,144.99,144.99,144.99,0,0
1788279900000,2026-09-01T16:25:00Z,144.99,144.99,144.99,144.99,0,0
1788280200000,2026-09-01T16:30:00Z,144.99,144.99,144.99,144.99,0,0
1788280500000,2026-09-01T16:35:00Z,144.99,144.99,144.99,144.99,0,0
1788280800000,2026-09-01T16:40:00Z,144.99,144.99,144.99,144.99,0,0
1788281100000,2026-09-01T16:45:00Z,144.99,144.99,144.1,144.1,0.14,20.2272
1788281400000,2026-09-01T16:50:00Z,144.1,144.66,144.1,144.66,0.26,37.6116
1788281700000,2026-09-01T16:55:00Z,144.66,144.66,144.66,144.66,0,0
1788282000000,2026-09-01T17:00:00Z,144.66,144.68,144.66,144.68,0.09,13.0212
1788282300000,2026-09-01T17:05:00Z,144.68,144.68,144.29,144.29,0.16,23.0864
1788282600000,2026-09-01T17:10:00Z,144.29,144.29,144.29,144.29,0,0
1788282900000,2026-09-01T17:15:00Z,144.29,144.29,144.29,144.29,0,0
1788283200000,2026-09-01T17:20:00Z,144.29,144.7,144.29,144.7,0.14,20.258
1788283500000,2026-09-01T17:25:00Z,144.7,144.7,144.7,144.7,0,0
1788283800000,2026-09-01T17:30:00Z,144.7,145.07,144.7,145.07,0.24,34.8168
1788284100000,2026-09-01T17:35:00Z,145.07,145.07,145.07,145.07,0,0
1788284400000,2026-09-01T17:40:00Z,145.07,145.18,144.77,145.18,0.16,23.196
1788284700000,2026-09-01T17:45:00Z,145.18,145.18,144.75,144.75,0.26,37.635
1788285000000,2026-09-01T17:50:00Z,144.75,144.75,144.75,144.75,0,0
1788285300000,2026-09-01T17:55:00Z,144.75,144.75,144.75,144.75,0,0
1788285600000,2026-09-01T18:00:00Z,144.75,144.75,144.52,144.52,0.18,26.0136
1788285900000,2026-09-01T18:05:00Z,144.52,144.52,144.52,144.52,0,0
1788286200000,2026-09-01T18:10:00Z,144.52,144.52,144.52,144.52,0,0
1788286500000,2026-09-01T18:15:00Z,144.52,144.52,144.52,144.52,0,0
1788286800000,2026-09-01T18:20:00Z,144.52,144.52,144.37,144.37,0.31,44.7547
1788287100000,2026-09-01T18:25:00Z,144.37,144.54,144.18,144.2,0.65,93.7478
1788287400000,2026-09-01T18:30:00Z,144.2,144.2,144.2,144.2,0,0
1788287700000,2026-09-01T18:35:00Z,144.2,144.2,144.2,144.2,0,0
1788288000000,2026-09-01T18:40:00Z,144.2,144.2,144.2,144.2,0,0
1788288300000,2026-09-01T18:45:00Z,144.2,144.2,143.53,143.53,0.2,28.706
1788288600000,2026-09-01T18:50:00Z,143.53,143.68,143.53,143.65,10.06,1445.4127
1788288900000,2026-09-01T18:55:00Z,143.65,143.65,143.65,143.65,0,0
1788289200000,2026-09-01T19:00:00Z,143.65,144.59,143.65,144.59,0.14,20.2426
1788289500000,2026-09-01T19:05:00Z,144.59,144.59,144.59,144.59,0,0
1788289800000,2026-09-01T19:10:00Z,144.59,144.59,143.7,144.4,0.35,50.445
1788290100000,2026-09-01T19:15:00Z,144.4,144.4,144.4,144.4,0,0
1788290400000,2026-09-01T19:20:00Z,144.4,144.5,144.4,144.5,0.22,31.7774
1788290700000,2026-09-01T19:25:00Z,144.5,144.5,144.5,144.5,0,0
1788291000000,2026-09-01T19:30:00Z,144.5,144.5,144.5,144.5,0,0
1788291300000,2026-09-01T19:35:00Z,144.5,145.28,144.5,144.9,0.53,76.8642
1788291600000,2026-09-01T19:40:00Z,144.9,144.9,144.9,144.9,0,0
1788291900000,2026-09-01T19:45:00Z,144.9,144.9,144.9,144.9,2.8,405.72
1788292200000,2026-09-01T19:50:00Z,144.9,144.9,144.69,144.69,0.07,10.1283
1788292500000,2026-09-01T19:55:00Z,144.69,144.69,144.69,144.69,0,0
1788292800000,2026-09-01T20:00:00Z,144.69,145.3,143.39,144,4.53,653.9501
1788293100000,2026-09-01T20:05:00Z,144,144.85,143.94,144.75,0.8,115.532
1788293400000,2026-09-01T20:10:00Z,144.75,144.75,144,144.35,0.18,25.971
1788293700000,2026-09-01T20:15:00Z,144.35,145.02,144.12,144.3,0.48,69.3912
1788294000000,2026-09-01T20:20:00Z,144.3,145,143.73,145,0.4,57.83
1788294300000,2026-09-01T20:25:00Z,145,145,144,144.56,0.64,92.526
1788294600000,2026-09-01T20:30:00Z,144.56,144.56,144.56,144.56,0,0
1788294900000,2026-09-01T20:35:00Z,144.56,144.85,144.53,144.53,0.23,33.2931
1788295200000,2026-09-01T20:40:00Z,144.53,144.53,144.53,144.53,0,0
1788295500000,2026-09-01T20:45:00Z,144.53,144.86,144.53,144.86,0.1,14.486
1788295800000,2026-09-01T20:50:00Z,144.86,144.86,144.86,144.86,0,0
1788296100000,2026-09-01T20:55:00Z,144.86,145.11,144.63,144.63,0.12,17.3844
1788296400000,2026-09-01T21:00:00Z,144.63,145.07,144.63,145.07,0.3,43.4925
1788296700000,2026-09-01T21:05:00Z,145.07,145.15,145.07,145.15,0.3,43.545
1788297000000,2026-09-01T21:10:00Z,145.15,145.15,145.15,145.15,0,0
1788297300000,2026-09-01T21:15:00Z,145.15,145.15,145.15,145.15,0,0
1788297600000,2026-09-01T21:20:00Z,145.15,145.15,144.53,144.53,1,144.658
1788297900000,2026-09-01T21:25:00Z,144.53,145.54,144.53,145.12,5.95,864.8533
1788298200000,2026-09-01T21:30:00Z,145.12,145.85,143.96,145.6,2.27,329.4007
1788298500000,2026-09-01T21:35:00Z,145.6,145.85,143.96,143.96,4.33,626.9558
1788298800000,2026-09-01T21:40:00Z,143.96,143.96,143.96,143.96,0,0
1788299100000,2026-09-01T21:45:00Z,143.96,143.96,143.96,143.96,0,0
1788299400000,2026-09-01T21:50:00Z,143.96,144.78,143.96,144.78,0.13,18.8214
1788299700000,2026-09-01T21:55:00Z,144.78,144.78,144.78,144.78,0,0
1788300000000,2026-09-01T22:00:00Z,144.78,145.3,144.73,145.3,0.5,72.4805
1788300300000,2026-09-01T22:05:00Z,145.3,145.3,144.45,144.65,0.2,28.98
1788300600000,2026-09-01T22:10:00Z,144.65,144.65,144.65,144.65,0,0
1788300900000,2026-09-01T22:15:00Z,144.65,144.65,144.65,144.65,0,0
1788301200000,2026-09-01T22:20:00Z,144.65,145.2,144.65,144.72,1.3,188.3767
1788301500000,2026-09-01T22:25:00Z,144.72,145.26,144.42,144.72,0.58,84.1302
1788301800000,2026-09-01T22:30:00Z,144.72,144.72,144.72,144.72,0,0
1788302100000,2026-09-01T22:35:00Z,144.72,144.72,144.72,144.72,0,0
1788302400000,2026-09-01T22:40:00Z,144.72,144.85,144.72,144.85,0.15,21.7275
1788302700000,2026-09-01T22:45:00Z,144.85,144.85,144.85,144.85,0,0
1788303000000,2026-09-01T22:50:00Z,144.85,144.85,144.79,144.79,0.27,39.0933
1788303300000,2026-09-01T22:55:00Z,144.79,144.79,144.79,144.79,0,0
1788303600000,2026-09-01T23:00:00Z,144.79,144.83,144.79,144.83,0.18,26.0694
1788303900000,2026-09-01T23:05:00Z,144.83,145.2,144.45,144.45,0.12,17.379
1788304200000,2026-09-01T23:10:00Z,144.45,144.45,144.45,144.45,0,0
1788304500000,2026-09-01T23:15:00Z,144.45,144.65,144.45,144.65,0.12,17.358
1788304800000,2026-09-01T23:20:00Z,144.65,145.17,144.51,144.51,0.08,11.5872
1788305100000,2026-09-01T23:25:00Z,144.51,144.51,144.51,144.51,0,0
1788305400000,2026-09-01T23:30:00Z,144.51,144.87,144.51,144.87,0.14,20.2818
1788305700000,2026-09-01T23:35:00Z,144.87,145.2,144.51,144.54,0.7,101.3634
1788306000000,2026-09-01T23:40:00Z,144.54,144.54,144.54,144.54,0,0
1788306300000,2026-09-01T23:45:00Z,144.54,145.1,144.54,145,0.72,104.382
1788306600000,2026-09-01T23:50:00Z,145,145,145,145,0,0
1788306900000,2026-09-01T23:55:00Z,145,145,145,145,0,0
1788307200000,2026-09-02T00:00:00Z,145,145.7,144.1,144.54,1.71,247.549
1788307500000,2026-09-02T00:05:00Z,144.54,147.2,144.43,144.43,1.27,184.4676
1788307800000,2026-09-02T00:10:00Z,144.43,144.72,144.43,144.72,0.56,81.0432
1788308100000,2026-09-02T00:15:00Z,144.72,144.72,144.72,144.72,0,0
1788308400000,2026-09-02T00:20:00Z,144.72,144.85,143.62,144.65,0.67,96.7341
1788308700000,2026-09-02T00:25:00Z,144.65,144.75,144.65,144.75,0.82,118.6918
1788309000000,2026-09-02T00:30:00Z,144.75,144.75,144.6,144.6,0.18,26.028
1788309300000,2026-09-02T00:35:00Z,144.6,145.25,144,144,0.1,14.4625
1788309600000,2026-09-02T00:40:00Z,144,144,144,144,0,0
1788309900000,2026-09-02T00:45:00Z,144,144,144,144,0,0
1788310200000,2026-09-02T00:50:00Z,144,144,144,144,0,0
1788310500000,2026-09-02T00:55:00Z,144,144,144,144,0,0
1788310800000,2026-09-02T01:00:00Z,144,145.03,144,145.03,0.19,27.5557
1788311100000,2026-09-02T01:05:00Z,145.03,145.03,145.03,145.03,0,0
1788311400000,2026-09-02T01:10:00Z,145.03,145.03,145.03,145.03,0,0
1788311700000,2026-09-02T01:15:00Z,145.03,145.03,145.03,145.03,0,0
1788312000000,2026-09-02T01:20:00Z,145.03,145.03,144.98,144.98,0.15,21.747
1788312300000,2026-09-02T01:25:00Z,144.98,145.23,144.61,144.61,0.2,28.984
1788312600000,2026-09-02T01:30:00Z,144.61,144.82,144.61,144.82,0.1,14.482
1788312900000,2026-09-02T01:35:00Z,144.82,144.82,144.82,144.82,0,0
1788313200000,2026-09-02T01:40:00Z,144.82,145.31,144.63,144.63,0.34,49.2898
1788313500000,2026-09-02T01:45:00Z,144.63,144.63,144.63,144.63,0,0
1788313800000,2026-09-02T01:50:00Z,144.63,144.63,144.57,144.57,0.12,17.3484
1788314100000,2026-09-02T01:55:00Z,144.57,144.57,144.48,144.48,0.09,13.0032
1788314400000,2026-09-02T02:00:00Z,144.48,144.48,144.48,144.48,0,0
1788314700000,2026-09-02T02:05:00Z,144.48,144.48,144.39,144.39,0.08,11.5512
1788315000000,2026-09-02T02:10:00Z,144.39,144.44,144.39,144.44,0.19,27.4436
1788315300000,2026-09-02T02:15:00Z,144.44,144.44,144.44,144.44,0,0
1788315600000,2026-09-02T02:20:00Z,144.44,144.44,144.44,144.44,0,0
1788315900000,2026-09-02T02:25:00Z,144.44,144.44,144.44,144.44,0,0
1788316200000,2026-09-02T02:30:00Z,144.44,144.69,143.92,144.69,0.32,46.1776
1788316500000,2026-09-02T02:35:00Z,144.69,144.69,144.69,144.69,0,0
1788316800000,2026-09-02T02:40:00Z,144.69,144.69,144.69,144.69,0,0
1788317100000,2026-09-02T02:45:00Z,144.69,144.69,144.69,144.69,0,0
1788317400000,2026-09-02T02:50:00Z,144.69,144.69,143.72,144.67,0.18,25.9551
1788317700000,2026-09-02T02:55:00Z,144.67,144.67,144.67,144.67,0,0
1788318000000,2026-09-02T03:00:00Z,144.67,144.67,144.67,144.67,0,0
1788318300000,2026-09-02T03:05:00Z,144.67,144.67,144.67,144.67,0,0
1788318600000,2026-09-02T03:10:00Z,144.67,144.71,144.17,144.71,0.42,60.6648
1788318900000,2026-09-02T03:15:00Z,144.71,144.71,144.71,144.71,0,0
1788319200000,2026-09-02T03:20:00Z,144.71,144.71,144.71,144.71,0,0
1788319500000,2026-09-02T03:25:00Z,144.71,144.71,144.71,144.71,0,0
1788319800000,2026-09-02T03:30:00Z,144.71,144.71,144.15,144.15,0.07,10.0905
1788320100000,2026-09-02T03:35:00Z,144.15,144.3,144.15,144.3,0.23,33.189
1788320400000,2026-09-02T03:40:00Z,144.3,144.3,144.3,144.3,0,0
1788320700000,2026-09-02T03:45:00Z,144.3,144.3,144.3,144.3,0,0
1788321000000,2026-09-02T03:50:00Z,144.3,144.3,144.3,144.3,0,0
1788321300000,2026-09-02T03:55:00Z,144.3,144.71,144.28,144.71,0.44,63.5778
1788321600000,2026-09-02T04:00:00Z,144.71,144.71,144.31,144.31,0.22,31.7482
1788321900000,2026-09-02T04:05:00Z,144.31,144.31,144.31,144.31,0,0
1788322200000,2026-09-02T04:10:00Z,144.31,144.31,144.31,144.31,0,0
1788322500000,2026-09-02T04:15:00Z,144.31,144.31,144.31,144.31,0,0
1788322800000,2026-09-02T04:20:00Z,144.31,144.37,144.31,144.37,0.19,27.4303
1788323100000,2026-09-02T04:25:00Z,144.37,144.37,144.37,144.37,0,0
1788323400000,2026-09-02T04:30:00Z,144.37,144.37,144.34,144.34,0.22,31.7548
1788323700000,2026-09-02T04:35:00Z,144.34,144.34,144.34,144.34,0,0
1788324000000,2026-09-02T04:40:00Z,144.34,144.34,144.34,144.34,0,0
1788324300000,2026-09-02T04:45:00Z,144.34,144.34,144.34,144.34,0,0
1788324600000,2026-09-02T04:50:00Z,144.34,144.39,144.34,144.39,0.09,12.9951
1788324900000,2026-09-02T04:55:00Z,144.39,144.57,144.39,144.57,0.24,34.6968
1788325200000,2026-09-02T05:00:00Z,144.57,144.87,144.57,144.87,0.23,33.3201
1788325500000,2026-09-02T05:05:00Z,144.87,144.87,144.87,144.87,0,0
1788325800000,2026-09-02T05:10:00Z,144.87,145,144.87,145,0.2,29
1788326100000,2026-09-02T05:15:00Z,145,145,144.38,144.38,0.54,78.1029
1788326400000,2026-09-02T05:20:00Z,144.38,144.38,144.38,144.38,0,0
1788326700000,2026-09-02T05:25:00Z,144.38,145.35,144.38,145.35,0.07,10.1745
1788327000000,2026-09-02T05:30:00Z,145.35,145.35,145.35,145.35,0,0
1788327300000,2026-09-02T05:35:00Z,145.35,145.35,145.04,145.04,0.19,27.5576
1788327600000,2026-09-02T05:40:00Z,145.04,145.26,145.04,145.26,0.1,14.526
1788327900000,2026-09-02T05:45:00Z,145.26,145.26,145.13,145.13,0.19,27.5747
1788328200000,2026-09-02T05:50:00Z,145.13,145.13,145.13,145.13,0,0
1788328500000,2026-09-02T05:55:00Z,145.13,145.28,145.13,145.28,0.07,10.1696
1788328800000,2026-09-02T06:00:00Z,145.28,145.28,145.28,145.28,0,0
1788329100000,2026-09-02T06:05:00Z,145.28,145.28,145.04,145.04,0.31,44.9633
1788329400000,2026-09-02T06:10:00Z,145.04,145.04,145.04,145.04,0,0
1788329700000,2026-09-02T06:15:00Z,145.04,145.04,145.04,145.04,0,0
1788330000000,2026-09-02T06:20:00Z,145.04,145.23,145.04,145.23,0.12,17.4276
1788330300000,2026-09-02T06:25:00Z,145.23,145.23,145.23,145.23,0,0
1788330600000,2026-09-02T06:30:00Z,145.23,145.23,145.23,145.23,0,0
1788330900000,2026-09-02T06:35:00Z,145.23,145.23,144.96,144.96,0.31,44.9376
1788331200000,2026-09-02T06:40:00Z,144.96,144.96,144.96,144.96,0,0
1788331500000,2026-09-02T06:45:00Z,144.96,144.96,144.96,144.96,0,0
1788331800000,2026-09-02T06:50:00Z,144.96,144.96,144.96,144.96,0,0
1788332100000,2026-09-02T06:55:00Z,144.96,144.98,144.96,144.98,0.21,30.4458
1788332400000,2026-09-02T07:00:00Z,144.98,144.98,144.49,144.49,0.25,36.1225
1788332700000,2026-09-02T07:05:00Z,144.49,144.49,144.49,144.49,0,0
1788333000000,2026-09-02T07:10:00Z,144.49,145.08,144.49,145.08,0.08,11.6064
1788333300000,2026-09-02T07:15:00Z,145.08,145.08,145.08,145.08,0,0
1788333600000,2026-09-02T07:20:00Z,145.08,145.08,144.93,144.93,0.2,28.986
1788333900000,2026-09-02T07:25:00Z,144.93,145.07,144.39,144.39,0.42,60.7866
1788334200000,2026-09-02T07:30:00Z,144.39,144.39,144.39,144.39,0,0
1788334500000,2026-09-02T07:35:00Z,144.39,144.39,144.39,144.39,0,0
1788334800000,2026-09-02T07:40:00Z,144.39,144.39,144.39,144.39,0,0
1788335100000,2026-09-02T07:45:00Z,144.39,145.3,144.39,145.3,0.12,17.436
1788335400000,2026-09-02T07:50:00Z,145.3,145.3,144.36,144.36,0.89,128.4982
1788335700000,2026-09-02T07:55:00Z,144.36,144.36,144.36,144.36,0,0
1788336000000,2026-09-02T08:00:00Z,144.36,145.8,143.04,144.9,3.72,537.2138
1788336300000,2026-09-02T08:05:00Z,144.9,145.14,143.62,145.14,1.08,155.874
1788336600000,2026-09-02T08:10:00Z,145.14,145.14,144.04,144.04,0.04,5.7616
1788336900000,2026-09-02T08:15:00Z,144.04,145.18,144.04,145.18,0.08,11.5724
1788337200000,2026-09-02T08:20:00Z,145.18,145.18,145.18,145.18,0,0
1788337500000,2026-09-02T08:25:00Z,145.18,145.18,145.18,145.18,0,0
1788337800000,2026-09-02T08:30:00Z,145.18,145.18,145.18,145.18,0,0
1788338100000,2026-09-02T08:35:00Z,145.18,145.18,145.18,145.18,0,0
1788338400000,2026-09-02T08:40:00Z,145.18,145.18,145.08,145.08,0.13,18.8604
1788338700000,2026-09-02T08:45:00Z,145.08,145.08,145.08,145.08,0,0
1788339000000,2026-09-02T08:50:00Z,145.08,145.08,145.08,145.08,0,0
1788339300000,2026-09-02T08:55:00Z,145.08,145.28,144.69,145.28,0.44,63.7934
1788339600000,2026-09-02T09:00:00Z,145.28,145.28,144.84,145.23,0.36,52.2126
1788339900000,2026-09-02T09:05:00Z,145.23,145.23,144.95,144.95,0.27,39.1365
1788340200000,2026-09-02T09:10:00Z,144.95,145.07,144.95,145.07,0.27,39.1689
1788340500000,2026-09-02T09:15:00Z,145.07,145.07,145.07,145.07,0,0
1788340800000,2026-09-02T09:20:00Z,145.07,145.07,144.65,144.65,0.26,37.609
1788341100000,2026-09-02T09:25:00Z,144.65,144.65,144.65,144.65,0,0
1788341400000,2026-09-02T09:30:00Z,144.65,144.85,144.46,144.85,0.3,43.3965
1788341700000,2026-09-02T09:35:00Z,144.85,144.85,144.19,144.19,0.28,40.418
1788342000000,2026-09-02T09:40:00Z,144.19,144.35,144.19,144.35,0.13,18.7655
1788342300000,2026-09-02T09:45:00Z,144.35,144.45,144.35,144.45,0.25,36.1125
1788342600000,2026-09-02T09:50:00Z,144.45,144.45,144.45,144.45,0,0
1788342900000,2026-09-02T09:55:00Z,144.45,144.45,144.41,144.41,0.08,11.5528
1788343200000,2026-09-02T10:00:00Z,144.41,144.53,144.03,144.03,0.46,66.3976
1788343500000,2026-09-02T10:05:00Z,144.03,144.74,144.03,144.74,0.46,66.4263
1788343800000,2026-09-02T10:10:00Z,144.74,144.74,144.74,144.74,0,0
1788344100000,2026-09-02T10:15:00Z,144.74,144.74,144.08,144.08,0.32,46.152
1788344400000,2026-09-02T10:20:00Z,144.08,144.08,144.08,144.08,0,0
1788344700000,2026-09-02T10:25:00Z,144.08,144.08,144.08,144.08,0,0
1788345000000,2026-09-02T10:30:00Z,144.08,144.08,144.08,144.08,0,0
1788345300000,2026-09-02T10:35:00Z,144.08,144.3,144.08,144.3,0.09,12.987
1788345600000,2026-09-02T10:40:00Z,144.3,144.3,144.3,144.3,0,0
1788345900000,2026-09-02T10:45:00Z,144.3,144.3,144.3,144.3,0,0
1788346200000,2026-09-02T10:50:00Z,144.3,144.3,144.18,144.18,0.19,27.3942
1788346500000,2026-09-02T10:55:00Z,144.18,144.54,144.18,144.54,0.24,34.6896
1788346800000,2026-09-02T11:00:00Z,144.54,144.56,144.23,144.56,0.18,25.9911
1788347100000,2026-09-02T11:05:00Z,144.56,144.56,143.76,144.31,0.16,23.0456
1788347400000,2026-09-02T11:10:00Z,144.31,144.31,143.48,144.09,0.24,34.5084
1788347700000,2026-09-02T11:15:00Z,144.09,144.09,144.06,144.06,0.08,11.5248
1788348000000,2026-09-02T11:20:00Z,144.06,144.15,144.06,144.15,0.31,44.6865
1788348300000,2026-09-02T11:25:00Z,144.15,144.15,144.15,144.15,0,0
1788348600000,2026-09-02T11:30:00Z,144.15,144.23,144.15,144.23,0.15,21.6345
1788348900000,2026-09-02T11:35:00Z,144.23,144.23,144.14,144.14,0.12,17.2968
1788349200000,2026-09-02T11:40:00Z,144.14,144.64,144.14,144.64,1.48,213.9058
1788349500000,2026-09-02T11:45:00Z,144.64,144.67,144.64,144.67,0.18,26.0406
1788349800000,2026-09-02T11:50:00Z,144.67,144.67,144.67,144.67,0,0
1788350100000,2026-09-02T11:55:00Z,144.67,144.67,144.67,144.67,0,0
1788350400000,2026-09-02T12:00:00Z,144.67,144.67,144.51,144.51,0.23,33.2373
1788350700000,2026-09-02T12:05:00Z,144.51,144.68,144.51,144.68,0.18,26.0424
1788351000000,2026-09-02T12:10:00Z,144.68,144.97,144.68,144.97,0.07,10.1479
1788351300000,2026-09-02T12:15:00Z,144.97,144.97,144.51,144.51,0.24,34.6824
1788351600000,2026-09-02T12:20:00Z,144.51,144.51,144.2,144.2,0.13,18.746
1788351900000,2026-09-02T12:25:00Z,144.2,144.2,144.2,144.2,0,0
1788352200000,2026-09-02T12:30:00Z,144.2,144.2,144.2,144.2,0,0
1788352500000,2026-09-02T12:35:00Z,144.2,145.26,144.15,144.15,0.12,17.3646
1788352800000,2026-09-02T12:40:00Z,144.15,144.15,144.15,144.15,0,0
1788353100000,2026-09-02T12:45:00Z,144.15,144.63,144.15,144.63,0.22,31.8186
1788353400000,2026-09-02T12:50:00Z,144.63,144.94,144.63,144.94,0.22,31.8868
1788353700000,2026-09-02T12:55:00Z,144.94,144.94,144.94,144.94,0,0
1788354000000,2026-09-02T13:00:00Z,144.94,144.96,144.94,144.96,0.31,44.9376
1788354300000,2026-09-02T13:05:00Z,144.96,144.96,144.96,144.96,0,0
1788354600000,2026-09-02T13:10:00Z,144.96,144.96,144.96,144.96,0,0
1788354900000,2026-09-02T13:15:00Z,144.96,145.61,144.96,145.61,10.86,1580.7675
1788355200000,2026-09-02T13:20:00Z,145.61,145.61,145.61,145.61,0,0
1788355500000,2026-09-02T13:25:00Z,145.61,145.62,144.35,145.62,2.1,304.9242
1788355800000,2026-09-02T13:30:00Z,145.62,145.62,143.3,143.3,1.37,197.869
1788356100000,2026-09-02T13:35:00Z,143.3,144.7,143.3,144.6,2.16,310.896
1788356400000,2026-09-02T13:40:00Z,144.6,144.8,143.97,143.97,0.32,46.1968
1788356700000,2026-09-02T13:45:00Z,143.97,143.97,143.97,143.97,0,0
1788357000000,2026-09-02T13:50:00Z,143.97,143.97,143.97,143.97,0,0
1788357300000,2026-09-02T13:55:00Z,143.97,144.25,143.71,144.05,10.69,1539.488
1788357600000,2026-09-02T14:00:00Z,144.05,144.05,143.67,143.67,0.32,45.9744
1788357900000,2026-09-02T14:05:00Z,143.67,145.85,143.67,145.71,1.4,203.0564
1788358200000,2026-09-02T14:10:00Z,145.71,146.07,145.12,145.12,0.08,11.6476
1788358500000,2026-09-02T14:15:00Z,145.12,145.12,145.12,145.12,0,0
1788358800000,2026-09-02T14:20:00Z,145.12,145.93,145.12,145.93,0.32,46.6976
1788359100000,2026-09-02T14:25:00Z,145.93,145.93,145.93,145.93,0,0
1788359400000,2026-09-02T14:30:00Z,145.93,145.93,145.45,145.45,0.21,30.5445
1788359700000,2026-09-02T14:35:00Z,145.45,145.81,145.45,145.81,0.31,45.2011
1788360000000,2026-09-02T14:40:00Z,145.81,146,145.81,146,0.32,46.72
1788360300000,2026-09-02T14:45:00Z,146,146,146,146,0,0
1788360600000,2026-09-02T14:50:00Z,146,146,146,146,0,0
1788360900000,2026-09-02T14:55:00Z,146,146,146,146,0,0
1788361200000,2026-09-02T15:00:00Z,146,146,146,146,0,0
1788361500000,2026-09-02T15:05:00Z,146,146,146,146,0,0
1788361800000,2026-09-02T15:10:00Z,146,146,146,146,0,0
1788362100000,2026-09-02T15:15:00Z,146,146,144.49,144.51,1.16,167.9104
1788362400000,2026-09-02T15:20:00Z,144.51,144.51,144.51,144.51,0,0
1788362700000,2026-09-02T15:25:00Z,144.51,144.51,144.38,144.38,0.81,116.9478
1788363000000,2026-09-02T15:30:00Z,144.38,144.38,143.41,143.41,0.19,27.2479
1788363300000,2026-09-02T15:35:00Z,143.41,143.41,143.08,143.08,0.2,28.616
1788363600000,2026-09-02T15:40:00Z,143.08,143.09,143.08,143.09,0.22,31.4798
1788363900000,2026-09-02T15:45:00Z,143.09,143.09,143.09,143.09,0,0
1788364200000,2026-09-02T15:50:00Z,143.09,143.23,142.97,143.23,0.54,77.274
1788364500000,2026-09-02T15:55:00Z,143.23,143.3,143.23,143.3,0.31,44.423
1788364800000,2026-09-02T16:00:00Z,143.3,143.3,143.3,143.3,0,0
1788365100000,2026-09-02T16:05:00Z,143.3,143.3,142.93,142.93,0.69,98.6217
1788365400000,2026-09-02T16:10:00Z,142.93,143.29,142.8,143.29,0.52,74.3834
1788365700000,2026-09-02T16:15:00Z,143.29,143.29,143.29,143.29,0,0
1788366000000,2026-09-02T16:20:00Z,143.29,143.29,142.79,142.81,0.7,100.0277
1788366300000,2026-09-02T16:25:00Z,142.81,142.81,142.81,142.81,0,0
1788366600000,2026-09-02T16:30:00Z,142.81,142.81,142.81,142.81,0,0
1788366900000,2026-09-02T16:35:00Z,142.81,142.81,142.81,142.81,0,0
1788367200000,2026-09-02T16:40:00Z,142.81,142.81,142.81,142.81,0,0
1788367500000,2026-09-02T16:45:00Z,142.81,142.81,142.3,142.68,0.48,68.3952
1788367800000,2026-09-02T16:50:00Z,142.68,142.68,142.29,142.29,0.31,44.1099
1788368100000,2026-09-02T16:55:00Z,142.29,142.29,141.43,141.96,11.21,1586.3575
1788368400000,2026-09-02T17:00:00Z,141.96,141.96,141.96,141.96,0,0
1788368700000,2026-09-02T17:05:00Z,141.96,141.96,141.96,141.96,0,0
1788369000000,2026-09-02T17:10:00Z,141.96,141.96,141.39,141.39,0.23,32.5197
1788369300000,2026-09-02T17:15:00Z,141.39,141.39,141.39,141.39,0,0
1788369600000,2026-09-02T17:20:00Z,141.39,141.42,141.39,141.42,0.32,45.2544
1788369900000,2026-09-02T17:25:00Z,141.42,141.42,141.42,141.42,0,0
1788370200000,2026-09-02T17:30:00Z,141.42,141.42,141.42,141.42,0,0
1788370500000,2026-09-02T17:35:00Z,141.42,141.42,141.42,141.42,0,0
1788370800000,2026-09-02T17:40:00Z,141.42,143.37,141.42,143.37,22.53,3207.6841
1788371100000,2026-09-02T17:45:00Z,143.37,143.65,143.13,143.13,0.79,113.4783
1788371400000,2026-09-02T17:50:00Z,143.13,143.13,143.13,143.13,0,0
1788371700000,2026-09-02T17:55:00Z,143.13,143.13,142.21,142.21,3.38,480.7058
1788372000000,2026-09-02T18:00:00Z,142.21,142.21,142.21,142.21,0,0
1788372300000,2026-09-02T18:05:00Z,142.21,142.21,142.21,142.21,0,0
1788372600000,2026-09-02T18:10:00Z,142.21,142.73,142.21,142.73,0.17,24.2641
1788372900000,2026-09-02T18:15:00Z,142.73,142.73,142.45,142.45,0.62,88.319
1788373200000,2026-09-02T18:20:00Z,142.45,142.45,142.45,142.45,0,0
1788373500000,2026-09-02T18:25:00Z,142.45,142.58,142.45,142.58,0.31,44.1998
1788373800000,2026-09-02T18:30:00Z,142.58,142.58,142.58,142.58,0,0
1788374100000,2026-09-02T18:35:00Z,142.58,142.58,142.58,142.58,0,0
1788374400000,2026-09-02T18:40:00Z,142.58,142.58,142.34,142.34,0.31,44.1254
1788374700000,2026-09-02T18:45:00Z,142.34,142.34,142.34,142.34,0,0
1788375000000,2026-09-02T18:50:00Z,142.34,142.34,142.34,142.34,0,0
1788375300000,2026-09-02T18:55:00Z,142.34,142.34,142.34,142.34,0,0
1788375600000,2026-09-02T19:00:00Z,142.34,142.34,142.34,142.34,0,0
1788375900000,2026-09-02T19:05:00Z,142.34,145.6,142.34,145.32,1.32,191.4028
1788376200000,2026-09-02T19:10:00Z,145.32,145.4,144.06,144.13,4.42,639.5122
1788376500000,2026-09-02T19:15:00Z,144.13,147.91,142.7,145.07,61.45,8932.474
1788376800000,2026-09-02T19:20:00Z,145.07,145.81,144.69,144.69,5.44,789.15
1788377100000,2026-09-02T19:25:00Z,144.69,146.65,144.69,146.65,4.13,602.6039
1788377400000,2026-09-02T19:30:00Z,146.65,146.66,145.08,145.08,4.86,708.8883
1788377700000,2026-09-02T19:35:00Z,145.08,146.05,145.08,146.05,0.4,58.3823
1788378000000,2026-09-02T19:40:00Z,146.05,147.35,146.05,146.36,9.49,1391.1143
1788378300000,2026-09-02T19:45:00Z,146.36,146.51,145.49,145.58,10.61,1546.8116
1788378600000,2026-09-02T19:50:00Z,145.58,147.12,144.89,145.73,15.9,2309.332
1788378900000,2026-09-02T19:55:00Z,145.73,145.88,145.73,145.83,0.19,27.7126
1788379200000,2026-09-02T20:00:00Z,145.83,147.05,145.83,147.05,3.66,535.1398
1788379500000,2026-09-02T20:05:00Z,147.05,147.05,146.64,146.64,0.04,5.8656
1788379800000,2026-09-02T20:10:00Z,146.64,146.64,146.64,146.64,0,0
1788380100000,2026-09-02T20:15:00Z,146.64,146.64,146.64,146.64,0,0
1788380400000,2026-09-02T20:20:00Z,146.64,146.88,146.29,146.67,22.94,3368.3314
1788380700000,2026-09-02T20:25:00Z,146.67,147.14,146.16,147.14,0.83,121.8861
1788381000000,2026-09-02T20:30:00Z,147.14,147.14,146.33,146.8,5.35,782.9982
1788381300000,2026-09-02T20:35:00Z,146.8,146.8,146.5,146.5,0.07,10.255
1788381600000,2026-09-02T20:40:00Z,146.5,146.5,146.5,146.5,0,0
1788381900000,2026-09-02T20:45:00Z,146.5,146.76,146.07,146.15,0.16,23.4284
1788382200000,2026-09-02T20:50:00Z,146.15,146.78,146.15,146.78,0.32,46.9696
1788382500000,2026-09-02T20:55:00Z,146.78,147.95,146.78,147.95,9.08,1343.0506
1788382800000,2026-09-02T21:00:00Z,147.95,149.31,147.12,149.17,1.91,283.001
1788383100000,2026-09-02T21:05:00Z,149.17,149.17,147.56,148.05,2,296.7429
1788383400000,2026-09-02T21:10:00Z,148.05,149.03,147.43,147.43,0.88,130.51
1788383700000,2026-09-02T21:15:00Z,147.43,148.61,147.43,148.61,0.18,26.6514
1788384000000,2026-09-02T21:20:00Z,148.61,149.1,148.61,149.1,0.45,67.059
1788384300000,2026-09-02T21:25:00Z,149.1,150.09,149.1,150.09,2.43,364.2126
1788384600000,2026-09-02T21:30:00Z,150.09,150.09,150.09,150.09,0,0
1788384900000,2026-09-02T21:35:00Z,150.09,153.12,148.75,151.34,21.27,3201.6773
1788385200000,2026-09-02T21:40:00Z,151.34,151.49,150.3,150.5,0.94,141.8009
1788385500000,2026-09-02T21:45:00Z,150.5,150.5,150.5,150.5,0,0
1788385800000,2026-09-02T21:50:00Z,150.5,153.12,150.5,152.1,2.06,313.5177
1788386100000,2026-09-02T21:55:00Z,152.1,152.88,151.62,152.16,2.65,403.4628
1788386400000,2026-09-02T22:00:00Z,152.16,152.79,150.21,150.5,18.1,2739.8914
1788386700000,2026-09-02T22:05:00Z,150.5,152.7,149.72,150.25,8.49,1282.8273
1788387000000,2026-09-02T22:10:00Z,150.25,151.7,149.61,150.6,3.43,516.3953
1788387300000,2026-09-02T22:15:00Z,150.6,151.48,150.6,151.48,0.33,49.9689
1788387600000,2026-09-02T22:20:00Z,151.48,151.48,150.84,150.84,0.08,12.0864
1788387900000,2026-09-02T22:25:00Z,150.84,150.84,150.84,150.84,0,0
1788388200000,2026-09-02T22:30:00Z,150.84,150.84,150.84,150.84,0,0
1788388500000,2026-09-02T22:35:00Z,150.84,151.28,150.84,151.28,0.21,31.7688
1788388800000,2026-09-02T22:40:00Z,151.28,151.28,150.9,150.9,0.3,45.324
1788389100000,2026-09-02T22:45:00Z,150.9,151.23,150.9,151.23,0.14,21.1722
1788389400000,2026-09-02T22:50:00Z,151.23,151.23,151.23,151.23,0,0
1788389700000,2026-09-02T22:55:00Z,151.23,151.23,150.99,150.99,3.72,561.7526
1788390000000,2026-09-02T23:00:00Z,150.99,150.99,150.99,150.99,0,0
1788390300000,2026-09-02T23:05:00Z,150.99,150.99,150.99,150.99,0,0
1788390600000,2026-09-02T23:10:00Z,150.99,151.69,150.99,151.69,0.32,48.5408
1788390900000,2026-09-02T23:15:00Z,151.69,151.69,151.69,151.69,0,0
1788391200000,2026-09-02T23:20:00Z,151.69,151.69,151.59,151.59,0.16,24.2544
1788391500000,2026-09-02T23:25:00Z,151.59,151.8,151.59,151.8,0.65,98.6198
1788391800000,2026-09-02T23:30:00Z,151.8,152.28,151.8,152.28,1.25,190.0315
1788392100000,2026-09-02T23:35:00Z,152.28,152.28,152.28,152.28,0,0
1788392400000,2026-09-02T23:40:00Z,152.28,152.28,151.71,151.71,0.08,12.1368
1788392700000,2026-09-02T23:45:00Z,151.71,151.71,151.71,151.71,0,0
1788393000000,2026-09-02T23:50:00Z,151.71,152.52,151.71,151.87,0.2,30.439
1788393300000,2026-09-02T23:55:00Z,151.87,152.51,151.87,152.51,0.33,50.3283
1788393600000,2026-09-03T00:00:00Z,152.51,152.95,151.35,151.45,1.68,255.7772
1788393900000,2026-09-03T00:05:00Z,151.45,151.45,151.45,151.45,0,0
1788394200000,2026-09-03T00:10:00Z,151.45,153,151.4,151.4,0.1,15.22
1788394500000,2026-09-03T00:15:00Z,151.4,152.18,151.4,152.18,0.25,38.045
1788394800000,2026-09-03T00:20:00Z,152.18,152.18,152.18,152.18,0,0
1788395100000,2026-09-03T00:25:00Z,152.18,152.28,152.18,152.28,0.32,48.7296
1788395400000,2026-09-03T00:30:00Z,152.28,152.28,152.28,152.28,0,0
1788395700000,2026-09-03T00:35:00Z,152.28,152.28,152.28,152.28,0,0
1788396000000,2026-09-03T00:40:00Z,152.28,152.28,152.28,152.28,0,0
1788396300000,2026-09-03T00:45:00Z,152.28,152.28,152.28,152.28,0,0
1788396600000,2026-09-03T00:50:00Z,152.28,152.28,152.28,152.28,0,0
1788396900000,2026-09-03T00:55:00Z,152.28,152.5,151.3,152.1,0.36,54.7248
1788397200000,2026-09-03T01:00:00Z,152.1,152.1,152.1,152.1,0,0
1788397500000,2026-09-03T01:05:00Z,152.1,152.1,152.1,152.1,0,0
1788397800000,2026-09-03T01:10:00Z,152.1,152.1,151.2,151.2,0.42,63.5832
1788398100000,2026-09-03T01:15:00Z,151.2,151.37,151.14,151.37,0.45,68.0406
1788398400000,2026-09-03T01:20:00Z,151.37,151.37,151,151,0.91,137.4918
1788398700000,2026-09-03T01:25:00Z,151,151,150.68,150.68,0.51,76.8594
1788399000000,2026-09-03T01:30:00Z,150.68,150.71,150.68,150.71,0.32,48.2272
1788399300000,2026-09-03T01:35:00Z,150.71,150.74,150.7,150.7,1.88,283.3344
1788399600000,2026-09-03T01:40:00Z,150.7,150.7,150.7,150.7,0,0
1788399900000,2026-09-03T01:45:00Z,150.7,151.04,150.7,151.04,0.82,123.8528
1788400200000,2026-09-03T01:50:00Z,151.04,151.04,151.04,151.04,0,0
1788400500000,2026-09-03T01:55:00Z,151.04,151.04,151.04,151.04,0,0
1788400800000,2026-09-03T02:00:00Z,151.04,151.04,150.72,150.72,0.4,60.288
1788401100000,2026-09-03T02:05:00Z,150.72,150.72,150.39,150.39,12.57,1890.5458
1788401400000,2026-09-03T02:10:00Z,150.39,150.39,150.22,150.22,0.6,90.132
1788401700000,2026-09-03T02:15:00Z,150.22,150.22,150.2,150.2,0.09,13.518
1788402000000,2026-09-03T02:20:00Z,150.2,150.2,150.2,150.2,0,0
1788402300000,2026-09-03T02:25:00Z,150.2,150.72,150.2,150.72,0.1,15.072
1788402600000,2026-09-03T02:30:00Z,150.72,150.72,150.72,150.72,0,0
1788402900000,2026-09-03T02:35:00Z,150.72,150.72,150.18,150.18,0.14,21.0252
1788403200000,2026-09-03T02:40:00Z,150.18,151.21,150.18,151.21,0.24,36.1836
1788403500000,2026-09-03T02:45:00Z,151.21,151.21,150.2,150.2,0.1,15.07
1788403800000,2026-09-03T02:50:00Z,150.2,150.43,150.2,150.23,0.46,69.1518
1788404100000,2026-09-03T02:55:00Z,150.23,150.27,150.23,150.27,0.15,22.5405
1788404400000,2026-09-03T03:00:00Z,150.27,150.65,150.27,150.65,1.23,185.2062
1788404700000,2026-09-03T03:05:00Z,150.65,150.65,150.65,150.65,0,0
1788405000000,2026-09-03T03:10:00Z,150.65,150.65,150.65,150.65,0,0
1788405300000,2026-09-03T03:15:00Z,150.65,150.65,150.65,150.65,0,0
1788405600000,2026-09-03T03:20:00Z,150.65,150.92,150.65,150.92,0.16,24.1472
1788405900000,2026-09-03T03:25:00Z,150.92,151.23,150.92,151.23,0.25,37.8075
1788406200000,2026-09-03T03:30:00Z,151.23,151.45,150.4,151.45,0.2,30.185
1788406500000,2026-09-03T03:35:00Z,151.45,151.45,151.45,151.45,0,0
1788406800000,2026-09-03T03:40:00Z,151.45,151.45,151.45,151.45,0,0
1788407100000,2026-09-03T03:45:00Z,151.45,151.45,151.45,151.45,0,0
1788407400000,2026-09-03T03:50:00Z,151.45,151.45,151.29,151.29,0.33,49.9257
1788407700000,2026-09-03T03:55:00Z,151.29,151.29,150.84,150.84,0.06,9.0504
1788408000000,2026-09-03T04:00:00Z,150.84,150.84,150.84,150.84,0,0
1788408300000,2026-09-03T04:05:00Z,150.84,151.13,150.84,151.13,0.33,49.8729
1788408600000,2026-09-03T04:10:00Z,151.13,151.13,151.13,151.13,0,0
1788408900000,2026-09-03T04:15:00Z,151.13,151.13,151.13,151.13,0,0
1788409200000,2026-09-03T04:20:00Z,151.13,151.35,151.13,151.35,0.16,24.216
1788409500000,2026-09-03T04:25:00Z,151.35,151.35,151.35,151.35,0,0
1788409800000,2026-09-03T04:30:00Z,151.35,151.42,151.35,151.42,0.16,24.2272
1788410100000,2026-09-03T04:35:00Z,151.42,151.42,151.42,151.42,0,0
1788410400000,2026-09-03T04:40:00Z,151.42,151.42,150.8,150.8,0.13,19.604
1788410700000,2026-09-03T04:45:00Z,150.8,150.97,150.8,150.97,0.14,21.1358
1788411000000,2026-09-03T04:50:00Z,150.97,151.24,150.97,151.24,1.14,172.4022
1788411300000,2026-09-03T04:55:00Z,151.24,151.24,151.24,151.24,0,0
1788411600000,2026-09-03T05:00:00Z,151.24,151.24,151.24,151.24,0,0
1788411900000,2026-09-03T05:05:00Z,151.24,151.24,151.24,151.24,0,0
1788412200000,2026-09-03T05:10:00Z,151.24,151.24,150.64,150.64,0.32,48.2768
1788412500000,2026-09-03T05:15:00Z,150.64,151.4,150.05,151.05,0.71,106.9438
1788412800000,2026-09-03T05:20:00Z,151.05,151.05,151.05,151.05,0,0
1788413100000,2026-09-03T05:25:00Z,151.05,151.05,151.05,151.05,0,0
1788413400000,2026-09-03T05:30:00Z,151.05,151.05,151.05,151.05,0,0
1788413700000,2026-09-03T05:35:00Z,151.05,151.21,150.75,151.21,1.28,193.2794
1788414000000,2026-09-03T05:40:00Z,151.21,151.21,151.21,151.21,0,0
1788414300000,2026-09-03T05:45:00Z,151.21,151.21,151.21,151.21,0,0
1788414600000,2026-09-03T05:50:00Z,151.21,151.21,151.21,151.21,0,0
1788414900000,2026-09-03T05:55:00Z,151.21,151.21,150.75,150.75,0.17,25.6275
1788415200000,2026-09-03T06:00:00Z,150.75,150.75,150.75,150.75,0,0
1788415500000,2026-09-03T06:05:00Z,150.75,150.75,150.66,150.66,0.07,10.5462
1788415800000,2026-09-03T06:10:00Z,150.66,150.78,150.66,150.78,0.1,15.078
1788416100000,2026-09-03T06:15:00Z,150.78,150.78,150.78,150.78,0,0
1788416400000,2026-09-03T06:20:00Z,150.78,150.78,150.78,150.78,0,0
1788416700000,2026-09-03T06:25:00Z,150.78,150.78,150.75,150.75,0.32,48.24
1788417000000,2026-09-03T06:30:00Z,150.75,151.2,150.5,150.5,0.08,12.068
1788417300000,2026-09-03T06:35:00Z,150.5,150.68,150.5,150.68,0.22,33.1496
1788417600000,2026-09-03T06:40:00Z,150.68,150.88,150.68,150.88,0.32,48.2816
1788417900000,2026-09-03T06:45:00Z,150.88,150.88,150.88,150.88,0,0
1788418200000,2026-09-03T06:50:00Z,150.88,150.88,150.88,150.88,0,0
1788418500000,2026-09-03T06:55:00Z,150.88,150.88,150.88,150.88,0,0
1788418800000,2026-09-03T07:00:00Z,150.88,150.88,150.88,150.88,0,0
1788419100000,2026-09-03T07:05:00Z,150.88,150.88,150.62,150.62,0.25,37.655
1788419400000,2026-09-03T07:10:00Z,150.62,150.62,150.62,150.62,0,0
1788419700000,2026-09-03T07:15:00Z,150.62,150.62,150.48,150.48,0.23,34.6104
1788420000000,2026-09-03T07:20:00Z,150.48,150.49,150.48,150.48,0.56,84.2721
1788420300000,2026-09-03T07:25:00Z,150.48,150.48,150.48,150.48,0,0
1788420600000,2026-09-03T07:30:00Z,150.48,150.48,150.44,150.44,0.21,31.5924
1788420900000,2026-09-03T07:35:00Z,150.44,150.63,150.44,150.63,0.17,25.6071
1788421200000,2026-09-03T07:40:00Z,150.63,151.08,150.21,151.08,0.32,48.2064
1788421500000,2026-09-03T07:45:00Z,151.08,151.08,151.08,151.08,0,0
1788421800000,2026-09-03T07:50:00Z,151.08,151.08,151.08,151.08,0,0
1788422100000,2026-09-03T07:55:00Z,151.08,151.08,150.27,150.27,0.14,21.0588
1788422400000,2026-09-03T08:00:00Z,150.27,151.95,150.27,150.69,0.48,72.5202
1788422700000,2026-09-03T08:05:00Z,150.69,151.23,150.64,151.23,0.48,72.4488
1788423000000,2026-09-03T08:10:00Z,151.23,152.25,150.72,151.35,1.92,291.0726
1788423300000,2026-09-03T08:15:00Z,151.35,152.1,151.06,151.06,0.08,12.1264
1788423600000,2026-09-03T08:20:00Z,151.06,151.53,151.06,151.53,0.11,16.6683
1788423900000,2026-09-03T08:25:00Z,151.53,151.53,151.53,151.53,0.1,15.153
1788424200000,2026-09-03T08:30:00Z,151.53,151.69,151.53,151.69,0.32,48.5408
1788424500000,2026-09-03T08:35:00Z,151.69,151.89,151.69,151.89,0.32,48.6048
1788424800000,2026-09-03T08:40:00Z,151.89,151.89,151.89,151.89,0,0
1788425100000,2026-09-03T08:45:00Z,151.89,152.18,151.34,151.34,0.08,12.1408
1788425400000,2026-09-03T08:50:00Z,151.34,151.34,151.34,151.34,0,0
1788425700000,2026-09-03T08:55:00Z,151.34,151.77,151.34,151.77,0.32,48.5664
1788426000000,2026-09-03T09:00:00Z,151.77,151.77,151.77,151.77,0,0
1788426300000,2026-09-03T09:05:00Z,151.77,152,151.77,152,0.32,48.64
1788426600000,2026-09-03T09:10:00Z,152,152,152,152,0,0
1788426900000,2026-09-03T09:15:00Z,152,152,151.34,151.34,0.07,10.5938
1788427200000,2026-09-03T09:20:00Z,151.34,151.34,151.34,151.34,0,0
1788427500000,2026-09-03T09:25:00Z,151.34,151.34,150.31,150.31,0.15,22.5465
1788427800000,2026-09-03T09:30:00Z,150.31,151.53,150.3,151.53,0.26,39.2379
1788428100000,2026-09-03T09:35:00Z,151.53,151.53,150.73,150.73,0.19,28.6897
1788428400000,2026-09-03T09:40:00Z,150.73,150.73,150.73,150.73,0,0
1788428700000,2026-09-03T09:45:00Z,150.73,150.73,150.73,150.73,0,0
1788429000000,2026-09-03T09:50:00Z,150.73,150.73,150.73,150.73,0,0
1788429300000,2026-09-03T09:55:00Z,150.73,151.07,150.73,151.07,0.19,28.7033
1788429600000,2026-09-03T10:00:00Z,151.07,151.07,150.47,150.47,0.08,12.0376
1788429900000,2026-09-03T10:05:00Z,150.47,151.1,149.8,149.8,0.08,12.036
1788430200000,2026-09-03T10:10:00Z,149.8,150.49,149.8,150.49,0.15,22.5735
1788430500000,2026-09-03T10:15:00Z,150.49,150.6,150.49,150.6,0.14,21.084
1788430800000,2026-09-03T10:20:00Z,150.6,150.8,150.6,150.79,0.65,98.0167
1788431100000,2026-09-03T10:25:00Z,150.79,152.1,150.6,151.86,1.1,166.536
1788431400000,2026-09-03T10:30:00Z,151.86,151.86,151.86,151.86,0,0
1788431700000,2026-09-03T10:35:00Z,151.86,151.86,151.86,151.86,0,0
1788432000000,2026-09-03T10:40:00Z,151.86,151.86,151.16,151.16,0.17,25.6972
1788432300000,2026-09-03T10:45:00Z,151.16,151.16,151.16,151.16,0,0
1788432600000,2026-09-03T10:50:00Z,151.16,151.16,151.16,151.16,0,0
1788432900000,2026-09-03T10:55:00Z,151.16,151.45,151.16,151.45,0.13,19.6885
1788433200000,2026-09-03T11:00:00Z,151.45,151.76,151.03,151.4,0.51,77.198
1788433500000,2026-09-03T11:05:00Z,151.4,152.13,151.4,152.13,0.83,126.2679
1788433800000,2026-09-03T11:10:00Z,152.13,155.48,152.13,154.2,0.08,12.3872
1788434100000,2026-09-03T11:15:00Z,154.2,154.2,154.2,154.2,0,0
1788434400000,2026-09-03T11:20:00Z,154.2,154.96,153.63,153.63,0.48,74.048
1788434700000,2026-09-03T11:25:00Z,153.63,154.72,153.63,154.02,0.4,61.7192
1788435000000,2026-09-03T11:30:00Z,154.02,154.02,154.02,154.02,0,0
1788435300000,2026-09-03T11:35:00Z,154.02,154.02,154.02,154.02,0,0
1788435600000,2026-09-03T11:40:00Z,154.02,154.02,154.02,154.02,0,0
1788435900000,2026-09-03T11:45:00Z,154.02,154.02,154.02,154.02,0,0
1788436200000,2026-09-03T11:50:00Z,154.02,154.02,154.02,154.02,0,0
1788436500000,2026-09-03T11:55:00Z,154.02,155.31,154.02,155.31,2.99,463.7629
1788436800000,2026-09-03T12:00:00Z,155.31,155.31,155.15,155.15,0.12,18.618
1788437100000,2026-09-03T12:05:00Z,155.15,156.43,155.15,155.7,0.48,74.8396
1788437400000,2026-09-03T12:10:00Z,155.7,155.7,155.47,155.47,0.07,10.8829
1788437700000,2026-09-03T12:15:00Z,155.47,155.47,155.47,155.47,0,0
1788438000000,2026-09-03T12:20:00Z,155.47,155.47,155.47,155.47,0,0
1788438300000,2026-09-03T12:25:00Z,155.47,155.47,154.72,154.72,0.23,35.5856
1788438600000,2026-09-03T12:30:00Z,154.72,154.72,154.72,154.72,0,0
1788438900000,2026-09-03T12:35:00Z,154.72,154.72,154.55,154.55,0.14,21.637
1788439200000,2026-09-03T12:40:00Z,154.55,155.1,154.55,155.1,0.23,35.673
1788439500000,2026-09-03T12:45:00Z,155.1,155.1,155.1,155.1,0,0
1788439800000,2026-09-03T12:50:00Z,155.1,155.1,154.63,154.63,0.24,37.156
1788440100000,2026-09-03T12:55:00Z,154.63,154.63,154.63,154.63,0.06,9.2778
1788440400000,2026-09-03T13:00:00Z,154.63,154.63,154.63,154.63,0,0
1788440700000,2026-09-03T13:05:00Z,154.63,154.63,154.63,154.63,0,0
1788441000000,2026-09-03T13:10:00Z,154.63,154.63,154.63,154.63,0,0
1788441300000,2026-09-03T13:15:00Z,154.63,154.63,154.63,154.63,0,0
1788441600000,2026-09-03T13:20:00Z,154.63,154.63,151.75,151.97,107.7,16441.8462
1788441900000,2026-09-03T13:25:00Z,151.97,154.96,150.65,151.37,114.97,17568.0256
1788442200000,2026-09-03T13:30:00Z,151.37,152.88,149.41,149.8,42.64,6410.2447
1788442500000,2026-09-03T13:35:00Z,149.8,151.6,147.14,147.2,2.68,400.6154
1788442800000,2026-09-03T13:40:00Z,147.2,149.28,146,147.5,3.21,475.3712
1788443100000,2026-09-03T13:45:00Z,147.5,151,146.2,147.24,5.71,845.4727
1788443400000,2026-09-03T13:50:00Z,147.24,148.08,146.33,147.22,2.37,349.285
1788443700000,2026-09-03T13:55:00Z,147.22,147.96,145.36,147.12,1.31,191.9902
1788444000000,2026-09-03T14:00:00Z,147.12,147.12,144.48,145.31,4,581.3352
1788444300000,2026-09-03T14:05:00Z,145.31,145.31,142.78,143.22,44.78,6411.4686
1788444600000,2026-09-03T14:10:00Z,143.22,144.8,142.06,143.24,6.55,934.941
1788444900000,2026-09-03T14:15:00Z,143.24,145,142.82,143.52,2.84,409.527
1788445200000,2026-09-03T14:20:00Z,143.52,144.52,143.52,144.15,4.19,603.9775
1788445500000,2026-09-03T14:25:00Z,144.15,144.15,143.81,143.85,8.24,1185.131
1788445800000,2026-09-03T14:30:00Z,143.85,144.36,142.77,142.77,2.21,317.269
1788446100000,2026-09-03T14:35:00Z,142.77,143.01,142.77,143.01,0.27,38.6127
1788446400000,2026-09-03T14:40:00Z,143.01,143.01,142.62,142.62,0.07,9.9834
1788446700000,2026-09-03T14:45:00Z,142.62,142.62,142.25,142.39,20.8,2961.3089
1788447000000,2026-09-03T14:50:00Z,142.39,142.39,141.83,142.03,20.58,2923.6555
1788447300000,2026-09-03T14:55:00Z,142.03,142.03,142.03,142.03,0,0
1788447600000,2026-09-03T15:00:00Z,142.03,142.27,142.03,142.27,0.13,18.4951
1788447900000,2026-09-03T15:05:00Z,142.27,142.68,142.27,142.35,10.54,1501.5605
1788448200000,2026-09-03T15:10:00Z,142.35,142.37,142.08,142.37,2.17,308.3231
1788448500000,2026-09-03T15:15:00Z,142.37,142.37,142.37,142.37,0,0
1788448800000,2026-09-03T15:20:00Z,142.37,142.61,142.37,142.61,5.82,829.8668
1788449100000,2026-09-03T15:25:00Z,142.61,142.61,142.61,142.61,0,0
1788449400000,2026-09-03T15:30:00Z,142.61,142.61,142.31,142.31,0.23,32.7313
1788449700000,2026-09-03T15:35:00Z,142.31,142.67,142.31,142.67,2.51,358.1017
1788450000000,2026-09-03T15:40:00Z,142.67,142.67,142.42,142.42,0.17,24.2114
1788450300000,2026-09-03T15:45:00Z,142.42,142.59,142.42,142.59,1.32,188.2188
1788450600000,2026-09-03T15:50:00Z,142.59,142.69,142.59,142.69,0.32,45.6608
1788450900000,2026-09-03T15:55:00Z,142.69,143.02,142.21,142.21,10.32,1467.6643
1788451200000,2026-09-03T16:00:00Z,142.21,142.6,142.21,142.6,0.33,47.058
1788451500000,2026-09-03T16:05:00Z,142.6,142.6,142.6,142.6,0,0
1788451800000,2026-09-03T16:10:00Z,142.6,142.6,140.64,141.17,13.28,1869.3287
1788452100000,2026-09-03T16:15:00Z,141.17,141.91,141.15,141.15,0.29,41.0315
1788452400000,2026-09-03T16:20:00Z,141.15,141.86,141.15,141.86,0.49,69.5114
1788452700000,2026-09-03T16:25:00Z,141.86,141.86,141.86,141.86,0,0
1788453000000,2026-09-03T16:30:00Z,141.86,141.86,141.86,141.86,0,0
1788453300000,2026-09-03T16:35:00Z,141.86,141.86,141.86,141.86,0,0
1788453600000,2026-09-03T16:40:00Z,141.86,142.45,141.86,142.45,0.24,34.1464
1788453900000,2026-09-03T16:45:00Z,142.45,142.45,142.45,142.45,0,0
1788454200000,2026-09-03T16:50:00Z,142.45,142.52,142.45,142.52,0.18,25.6536
1788454500000,2026-09-03T16:55:00Z,142.52,142.52,142.52,142.52,0,0
1788454800000,2026-09-03T17:00:00Z,142.52,142.52,142.52,142.52,0,0
1788455100000,2026-09-03T17:05:00Z,142.52,142.52,142.52,142.52,0,0
1788455400000,2026-09-03T17:10:00Z,142.52,142.52,142.19,142.19,3,426.6779
1788455700000,2026-09-03T17:15:00Z,142.19,142.19,142.19,142.19,0,0
1788456000000,2026-09-03T17:20:00Z,142.19,142.19,142.19,142.19,0,0
1788456300000,2026-09-03T17:25:00Z,142.19,142.84,142.19,142.84,0.34,48.501
1788456600000,2026-09-03T17:30:00Z,142.84,143.07,142.58,142.87,0.84,120.0592
1788456900000,2026-09-03T17:35:00Z,142.87,142.87,142.87,142.87,0,0
1788457200000,2026-09-03T17:40:00Z,142.87,142.87,142.87,142.87,0,0
1788457500000,2026-09-03T17:45:00Z,142.87,144.3,142.87,143.88,0.38,54.7542
1788457800000,2026-09-03T17:50:00Z,143.88,144.97,143.71,144.97,7.58,1095.164
1788458100000,2026-09-03T17:55:00Z,144.97,144.97,144.97,144.97,0,0
1788458400000,2026-09-03T18:00:00Z,144.97,145.29,144.97,145.29,0.24,34.8696
1788458700000,2026-09-03T18:05:00Z,145.29,145.41,145.29,145.41,0.12,17.4492
1788459000000,2026-09-03T18:10:00Z,145.41,145.41,145.35,145.35,0.09,13.0815
1788459300000,2026-09-03T18:15:00Z,145.35,145.35,145.24,145.24,0.26,37.7624
1788459600000,2026-09-03T18:20:00Z,145.24,145.24,144.67,144.67,4.71,682.7925
1788459900000,2026-09-03T18:25:00Z,144.67,144.67,144.67,144.67,0,0
1788460200000,2026-09-03T18:30:00Z,144.67,144.67,144.67,144.67,0,0
1788460500000,2026-09-03T18:35:00Z,144.67,144.67,144.5,144.5,0.33,47.685
1788460800000,2026-09-03T18:40:00Z,144.5,144.5,144.5,144.5,0,0
1788461100000,2026-09-03T18:45:00Z,144.5,144.5,144.5,144.5,0,0
1788461400000,2026-09-03T18:50:00Z,144.5,144.5,144.5,144.5,0,0
1788461700000,2026-09-03T18:55:00Z,144.5,144.5,144.5,144.5,0.12,17.34
1788462000000,2026-09-03T19:00:00Z,144.5,145.09,144.5,145.09,0.24,34.8216
1788462300000,2026-09-03T19:05:00Z,145.09,145.23,144.99,144.99,0.42,60.9462
1788462600000,2026-09-03T19:10:00Z,144.99,144.99,144.99,144.99,0,0
1788462900000,2026-09-03T19:15:00Z,144.99,145.42,144.99,145.42,0.54,78.435
1788463200000,2026-09-03T19:20:00Z,145.42,145.42,145.36,145.36,0.1,14.536
1788463500000,2026-09-03T19:25:00Z,145.36,145.7,145.36,145.7,0.11,16.027
1788463800000,2026-09-03T19:30:00Z,145.7,145.7,145.7,145.7,0,0
1788464100000,2026-09-03T19:35:00Z,145.7,145.7,145.7,145.7,0,0
1788464400000,2026-09-03T19:40:00Z,145.7,145.77,145.7,145.77,0.09,13.1193
1788464700000,2026-09-03T19:45:00Z,145.77,146.25,145.77,146.25,0.32,46.8
1788465000000,2026-09-03T19:50:00Z,146.25,146.25,146.25,146.25,0,0
1788465300000,2026-09-03T19:55:00Z,146.25,147.15,146.25,147.15,9.77,1434.3904
1788465600000,2026-09-03T20:00:00Z,147.15,147.42,147.15,147.42,0.52,76.6584
1788465900000,2026-09-03T20:05:00Z,147.42,147.42,147.42,147.42,0,0
1788466200000,2026-09-03T20:10:00Z,147.42,147.42,146.55,146.55,0.23,33.7065
1788466500000,2026-09-03T20:15:00Z,146.55,146.99,146.55,146.99,0.12,17.6388
1788466800000,2026-09-03T20:20:00Z,146.99,146.99,146.71,146.71,0.06,8.8026
1788467100000,2026-09-03T20:25:00Z,146.71,147.01,146.49,146.49,0.5,73.375
1788467400000,2026-09-03T20:30:00Z,146.49,147.14,146.23,146.23,0.16,23.464
1788467700000,2026-09-03T20:35:00Z,146.23,146.23,146.23,146.23,0,0
1788468000000,2026-09-03T20:40:00Z,146.23,146.75,146.23,146.75,0.21,30.8175
1788468300000,2026-09-03T20:45:00Z,146.75,146.75,146.75,146.75,0,0
1788468600000,2026-09-03T20:50:00Z,146.75,146.75,146.75,146.75,0,0
1788468900000,2026-09-03T20:55:00Z,146.75,146.75,146.75,146.75,0,0
1788469200000,2026-09-03T21:00:00Z,146.75,146.75,146.63,146.63,0.18,26.3934
1788469500000,2026-09-03T21:05:00Z,146.63,146.63,146.36,146.36,0.08,11.7088
1788469800000,2026-09-03T21:10:00Z,146.36,146.36,146.36,146.36,0,0
1788470100000,2026-09-03T21:15:00Z,146.36,146.36,146.34,146.34,0.25,36.585
1788470400000,2026-09-03T21:20:00Z,146.34,146.34,146.34,146.34,0,0
1788470700000,2026-09-03T21:25:00Z,146.34,146.34,146.04,146.04,3.69,538.8918
1788471000000,2026-09-03T21:30:00Z,146.04,146.97,146.04,146.1,0.4,58.6096
1788471300000,2026-09-03T21:35:00Z,146.1,147.08,146.07,147.08,2.87,420.6232
1788471600000,2026-09-03T21:40:00Z,147.08,147.33,146.25,146.31,2.4,352.079
1788471900000,2026-09-03T21:45:00Z,146.31,146.31,146.31,146.31,0,0
1788472200000,2026-09-03T21:50:00Z,146.31,147.01,146.22,146.91,1.43,209.6312
1788472500000,2026-09-03T21:55:00Z,146.91,147.13,146.91,147.13,0.72,105.8328
1788472800000,2026-09-03T22:00:00Z,147.13,147.13,146.64,146.64,0.07,10.2648
1788473100000,2026-09-03T22:05:00Z,146.64,146.64,146.64,146.64,0,0
1788473400000,2026-09-03T22:10:00Z,146.64,146.64,146.43,146.43,0.21,30.7503
1788473700000,2026-09-03T22:15:00Z,146.43,146.43,146.43,146.43,0,0
1788474000000,2026-09-03T22:20:00Z,146.43,146.43,146.43,146.43,0,0
1788474300000,2026-09-03T22:25:00Z,146.43,146.43,146.28,146.28,0.14,20.4792
1788474600000,2026-09-03T22:30:00Z,146.28,146.28,146.28,146.28,0,0
1788474900000,2026-09-03T22:35:00Z,146.28,146.28,146.28,146.28,0,0
1788475200000,2026-09-03T22:40:00Z,146.28,146.68,146.05,146.05,0.38,55.6048
1788475500000,2026-09-03T22:45:00Z,146.05,146.05,146.05,146.05,0,0
1788475800000,2026-09-03T22:50:00Z,146.05,146.14,146.05,146.14,0.27,39.4578
1788476100000,2026-09-03T22:55:00Z,146.14,146.27,146.06,146.06,0.36,52.6194
1788476400000,2026-09-03T23:00:00Z,146.06,146.06,146.06,146.06,0,0
1788476700000,2026-09-03T23:05:00Z,146.06,146.17,146.06,146.17,0.17,24.8489
1788477000000,2026-09-03T23:10:00Z,146.17,146.17,146.17,146.17,0,0
1788477300000,2026-09-03T23:15:00Z,146.17,146.17,146.17,146.17,0,0
1788477600000,2026-09-03T23:20:00Z,146.17,146.17,146.17,146.17,0,0
1788477900000,2026-09-03T23:25:00Z,146.17,146.17,146.08,146.08,0.16,23.3728
1788478200000,2026-09-03T23:30:00Z,146.08,146.08,146.08,146.08,0,0
1788478500000,2026-09-03T23:35:00Z,146.08,146.08,146.08,146.08,0.25,36.52
1788478800000,2026-09-03T23:40:00Z,146.08,146.36,146.05,146.05,0.36,52.6338
1788479100000,2026-09-03T23:45:00Z,146.05,146.12,146.05,146.12,0.26,37.9912
1788479400000,2026-09-03T23:50:00Z,146.12,146.12,146.12,146.12,0,0
1788479700000,2026-09-03T23:55:00Z,146.12,146.12,146.12,146.12,0,0
1788480000000,2026-09-04T00:00:00Z,146.12,147.28,146.08,146.08,0.24,35.178
1788480300000,2026-09-04T00:05:00Z,146.08,146.08,146.08,146.08,0,0
1788480600000,2026-09-04T00:10:00Z,146.08,146.55,146.08,146.55,0.26,38.103
1788480900000,2026-09-04T00:15:00Z,146.55,146.55,146.55,146.55,0,0
1788481200000,2026-09-04T00:20:00Z,146.55,147.22,146.2,146.2,0.12,17.6052
1788481500000,2026-09-04T00:25:00Z,146.2,146.2,146.2,146.2,0,0
1788481800000,2026-09-04T00:30:00Z,146.2,146.2,146.2,146.2,0,0
1788482100000,2026-09-04T00:35:00Z,146.2,147.41,146.2,147.41,0.22,32.4302
1788482400000,2026-09-04T00:40:00Z,147.41,147.41,146.97,146.97,0.19,27.9243
1788482700000,2026-09-04T00:45:00Z,146.97,146.97,146.95,146.95,0.08,11.756
1788483000000,2026-09-04T00:50:00Z,146.95,146.95,146.95,146.95,0,0
1788483300000,2026-09-04T00:55:00Z,146.95,146.98,146.95,146.98,0.25,36.745
1788483600000,2026-09-04T01:00:00Z,146.98,146.98,146.98,146.98,0,0
1788483900000,2026-09-04T01:05:00Z,146.98,146.98,146.96,146.96,0.23,33.8008
1788484200000,2026-09-04T01:10:00Z,146.96,146.96,146.83,146.83,0.09,13.2147
1788484500000,2026-09-04T01:15:00Z,146.83,146.83,146.75,146.75,0.22,32.285
1788484800000,2026-09-04T01:20:00Z,146.75,146.75,146.75,146.75,0,0
1788485100000,2026-09-04T01:25:00Z,146.75,146.75,146.75,146.75,0,0
1788485400000,2026-09-04T01:30:00Z,146.75,146.75,146.75,146.75,0,0
1788485700000,2026-09-04T01:35:00Z,146.75,146.75,146.65,146.65,0.16,23.464
1788486000000,2026-09-04T01:40:00Z,146.65,146.65,146.65,146.65,0,0
1788486300000,2026-09-04T01:45:00Z,146.65,146.65,146.65,146.65,0,0
1788486600000,2026-09-04T01:50:00Z,146.65,146.65,146.39,146.39,0.21,30.7419
1788486900000,2026-09-04T01:55:00Z,146.39,146.51,146.39,146.51,0.13,19.0463
1788487200000,2026-09-04T02:00:00Z,146.51,146.51,146.51,146.51,0,0
1788487500000,2026-09-04T02:05:00Z,146.51,146.94,146.51,146.94,0.81,119.0183
1788487800000,2026-09-04T02:10:00Z,146.94,146.94,146.94,146.94,0,0
1788488100000,2026-09-04T02:15:00Z,146.94,146.99,146.94,146.99,0.11,16.1689
1788488400000,2026-09-04T02:20:00Z,146.99,146.99,146.99,146.99,0,0
1788488700000,2026-09-04T02:25:00Z,146.99,147.36,146.99,147.36,0.15,22.104
1788489000000,2026-09-04T02:30:00Z,147.36,147.36,147.05,147.05,0.17,24.9985
1788489300000,2026-09-04T02:35:00Z,147.05,147.05,147.05,147.05,0,0
1788489600000,2026-09-04T02:40:00Z,147.05,147.05,146.83,146.83,0.25,36.7075
1788489900000,2026-09-04T02:45:00Z,146.83,147.41,146.83,147.41,0.25,36.8525
1788490200000,2026-09-04T02:50:00Z,147.41,147.41,146.64,146.64,0.15,21.996
1788490500000,2026-09-04T02:55:00Z,146.64,146.64,146.64,146.64,0,0
1788490800000,2026-09-04T03:00:00Z,146.64,146.64,146.62,146.62,0.6,87.972
1788491100000,2026-09-04T03:05:00Z,146.62,146.62,146.62,146.62,0,0
1788491400000,2026-09-04T03:10:00Z,146.62,146.62,146.41,146.41,0.22,32.2102
1788491700000,2026-09-04T03:15:00Z,146.41,147,146.41,147,0.26,38.22
1788492000000,2026-09-04T03:20:00Z,147,147,147,147,0,0
1788492300000,2026-09-04T03:25:00Z,147,147,146.14,146.14,0.81,118.4444
1788492600000,2026-09-04T03:30:00Z,146.14,146.14,146.14,146.14,0,0
1788492900000,2026-09-04T03:35:00Z,146.14,146.14,146.14,146.14,0,0
1788493200000,2026-09-04T03:40:00Z,146.14,146.14,146.14,146.14,0,0
1788493500000,2026-09-04T03:45:00Z,146.14,146.14,146.14,146.14,0,0
1788493800000,2026-09-04T03:50:00Z,146.14,146.44,146.14,146.44,0.14,20.5016
1788494100000,2026-09-04T03:55:00Z,146.44,146.93,146.44,146.93,0.07,10.2851
1788494400000,2026-09-04T04:00:00Z,146.93,146.93,146.77,146.77,0.25,36.6925
1788494700000,2026-09-04T04:05:00Z,146.77,146.77,146.32,146.32,0.26,38.0432
1788495000000,2026-09-04T04:10:00Z,146.32,146.64,146.32,146.64,0.26,38.1264
1788495300000,2026-09-04T04:15:00Z,146.64,146.64,146.64,146.64,0,0
1788495600000,2026-09-04T04:20:00Z,146.64,146.74,146.64,146.74,0.22,32.2828
1788495900000,2026-09-04T04:25:00Z,146.74,146.77,146.74,146.77,0.09,13.2093
1788496200000,2026-09-04T04:30:00Z,146.77,146.77,146.54,146.54,0.25,36.635
1788496500000,2026-09-04T04:35:00Z,146.54,146.54,146.48,146.48,1.57,229.9836
1788496800000,2026-09-04T04:40:00Z,146.48,146.48,146.48,146.48,0,0
1788497100000,2026-09-04T04:45:00Z,146.48,146.48,146.48,146.48,0,0
1788497400000,2026-09-04T04:50:00Z,146.48,146.86,146.19,146.86,0.52,76.193
1788497700000,2026-09-04T04:55:00Z,146.86,146.86,146.35,146.35,0.07,10.2445
1788498000000,2026-09-04T05:00:00Z,146.35,146.35,146.35,146.35,0,0
1788498300000,2026-09-04T05:05:00Z,146.35,146.35,146.18,146.18,0.12,17.5416
1788498600000,2026-09-04T05:10:00Z,146.18,146.18,146.18,146.18,0,0
1788498900000,2026-09-04T05:15:00Z,146.18,146.84,146.18,146.61,1.12,164.4163
1788499200000,2026-09-04T05:20:00Z,146.61,146.61,146.61,146.61,0,0
1788499500000,2026-09-04T05:25:00Z,146.61,146.61,146.61,146.61,0,0
1788499800000,2026-09-04T05:30:00Z,146.61,146.61,146.61,146.61,0,0
1788500100000,2026-09-04T05:35:00Z,146.61,146.61,146.61,146.61,0,0
1788500400000,2026-09-04T05:40:00Z,146.61,146.61,146.61,146.61,0,0
1788500700000,2026-09-04T05:45:00Z,146.61,147.51,146.13,146.55,0.6,88.002
1788501000000,2026-09-04T05:50:00Z,146.55,146.55,146.55,146.55,0,0
1788501300000,2026-09-04T05:55:00Z,146.55,146.55,146.51,146.52,0.36,52.7454
1788501600000,2026-09-04T06:00:00Z,146.52,146.52,146.52,146.52,0,0
1788501900000,2026-09-04T06:05:00Z,146.52,146.57,146.12,146.12,0.34,49.7573
1788502200000,2026-09-04T06:10:00Z,146.12,146.53,146.12,146.53,0.12,17.571
1788502500000,2026-09-04T06:15:00Z,146.53,146.53,146.34,146.34,0.3,43.902
1788502800000,2026-09-04T06:20:00Z,146.34,146.41,146.34,146.41,0.18,26.3538
1788503100000,2026-09-04T06:25:00Z,146.41,146.56,146.41,146.56,0.21,30.7776
1788503400000,2026-09-04T06:30:00Z,146.56,146.74,146.52,146.74,0.88,129.0558
1788503700000,2026-09-04T06:35:00Z,146.74,146.74,146.72,146.72,0.31,45.4832
1788504000000,2026-09-04T06:40:00Z,146.72,146.72,146.72,146.72,0,0
1788504300000,2026-09-04T06:45:00Z,146.72,146.72,146.72,146.72,0,0
1788504600000,2026-09-04T06:50:00Z,146.72,146.72,146.72,146.72,0,0
1788504900000,2026-09-04T06:55:00Z,146.72,146.72,146.62,146.62,0.07,10.2634
1788505200000,2026-09-04T07:00:00Z,146.62,146.62,146.62,146.62,0,0
1788505500000,2026-09-04T07:05:00Z,146.62,146.77,146.62,146.77,0.32,46.9664
1788505800000,2026-09-04T07:10:00Z,146.77,146.77,146.77,146.77,0,0
1788506100000,2026-09-04T07:15:00Z,146.77,146.9,146.27,146.9,0.5,73.2925
1788506400000,2026-09-04T07:20:00Z,146.9,146.9,146.4,146.41,0.31,45.3848
1788506700000,2026-09-04T07:25:00Z,146.41,146.72,146.31,146.72,0.48,70.3272
1788507000000,2026-09-04T07:30:00Z,146.72,146.72,146.72,146.72,0,0
1788507300000,2026-09-04T07:35:00Z,146.72,147.51,146.72,147.51,460.33,67888.1512
1788507600000,2026-09-04T07:40:00Z,147.51,147.51,147.13,147.13,0.78,114.7614
1788507900000,2026-09-04T07:45:00Z,147.13,147.13,147.13,147.13,0,0
1788508200000,2026-09-04T07:50:00Z,147.13,147.41,146.62,146.62,0.34,49.9851
1788508500000,2026-09-04T07:55:00Z,146.62,147.07,146.62,147.07,0.14,20.5898
1788508800000,2026-09-04T08:00:00Z,147.07,147.81,146.16,147.51,1.86,273.6026
1788509100000,2026-09-04T08:05:00Z,147.51,147.51,147.51,147.51,0,0
1788509400000,2026-09-04T08:10:00Z,147.51,147.51,147.51,147.51,0,0
1788509700000,2026-09-04T08:15:00Z,147.51,147.51,147.51,147.51,0,0
1788510000000,2026-09-04T08:20:00Z,147.51,147.51,147.26,147.26,0.13,19.1438
1788510300000,2026-09-04T08:25:00Z,147.26,147.26,147.26,147.26,0,0
1788510600000,2026-09-04T08:30:00Z,147.26,147.5,147.12,147.5,3.67,539.9853
1788510900000,2026-09-04T08:35:00Z,147.5,147.5,147.5,147.5,0,0
1788511200000,2026-09-04T08:40:00Z,147.5,147.5,147.12,147.12,12.02,1768.3855
1788511500000,2026-09-04T08:45:00Z,147.12,147.12,147.12,147.12,0,0
1788511800000,2026-09-04T08:50:00Z,147.12,147.39,146.83,146.83,0.4,58.844
1788512100000,2026-09-04T08:55:00Z,146.83,146.83,146.83,146.83,0,0
1788512400000,2026-09-04T09:00:00Z,146.83,146.83,146.83,146.83,0,0
1788512700000,2026-09-04T09:05:00Z,146.83,147.35,146.83,147.35,0.08,11.788
1788513000000,2026-09-04T09:10:00Z,147.35,147.35,147.35,147.35,0,0
1788513300000,2026-09-04T09:15:00Z,147.35,147.35,147.35,147.35,0,0
1788513600000,2026-09-04T09:20:00Z,147.35,147.35,147.35,147.35,0,0
1788513900000,2026-09-04T09:25:00Z,147.35,147.35,146.86,146.86,0.28,41.181
1788514200000,2026-09-04T09:30:00Z,146.86,147.1,146.86,147.1,0.14,20.594
1788514500000,2026-09-04T09:35:00Z,147.1,147.26,147.1,147.26,0.26,38.2876
1788514800000,2026-09-04T09:40:00Z,147.26,147.26,147.26,147.26,0,0
1788515100000,2026-09-04T09:45:00Z,147.26,147.27,147.26,147.27,2.54,374.0658
1788515400000,2026-09-04T09:50:00Z,147.27,147.27,147.27,147.27,0,0
1788515700000,2026-09-04T09:55:00Z,147.27,147.28,147.27,147.28,0.31,45.6568
1788516000000,2026-09-04T10:00:00Z,147.28,147.28,147.28,147.28,0,0
1788516300000,2026-09-04T10:05:00Z,147.28,147.76,147.28,147.76,0.4,59.022
1788516600000,2026-09-04T10:10:00Z,147.76,147.76,147.39,147.39,0.26,38.3214
1788516900000,2026-09-04T10:15:00Z,147.39,147.52,147.39,147.52,0.07,10.3264
1788517200000,2026-09-04T10:20:00Z,147.52,147.52,147.44,147.44,0.14,20.6416
1788517500000,2026-09-04T10:25:00Z,147.44,147.88,147.28,147.28,0.5,73.79
1788517800000,2026-09-04T10:30:00Z,147.28,147.37,147.28,147.37,0.24,35.3688
1788518100000,2026-09-04T10:35:00Z,147.37,148.36,147.37,148.36,0.48,71.0544
1788518400000,2026-09-04T10:40:00Z,148.36,148.36,147.85,147.85,0.19,28.0915
1788518700000,2026-09-04T10:45:00Z,147.85,147.85,147.38,147.38,0.08,11.7904
1788519000000,2026-09-04T10:50:00Z,147.38,147.38,147.38,147.38,0,0
1788519300000,2026-09-04T10:55:00Z,147.38,147.51,147.38,147.51,0.22,32.4522
1788519600000,2026-09-04T11:00:00Z,147.51,147.75,147.4,147.4,0.1,14.7575
1788519900000,2026-09-04T11:05:00Z,147.4,147.4,147.4,147.4,0,0
1788520200000,2026-09-04T11:10:00Z,147.4,147.4,147.4,147.4,0,0
1788520500000,2026-09-04T11:15:00Z,147.4,147.4,147.4,147.4,0,0
1788520800000,2026-09-04T11:20:00Z,147.4,147.85,147.4,147.85,0.09,13.3065
1788521100000,2026-09-04T11:25:00Z,147.85,147.87,147.85,147.87,0.22,32.5314
1788521400000,2026-09-04T11:30:00Z,147.87,147.87,147.87,147.87,0,0
1788521700000,2026-09-04T11:35:00Z,147.87,147.87,147.87,147.87,0,0
1788522000000,2026-09-04T11:40:00Z,147.87,147.87,147.87,147.87,0,0
1788522300000,2026-09-04T11:45:00Z,147.87,148.68,147.87,148.68,0.24,35.6832
1788522600000,2026-09-04T11:50:00Z,148.68,149.09,148.37,149.09,0.26,38.6698
1788522900000,2026-09-04T11:55:00Z,149.09,149.09,148.61,148.93,0.52,77.3604
1788523200000,2026-09-04T12:00:00Z,148.93,148.93,148.93,148.93,0,0
1788523500000,2026-09-04T12:05:00Z,148.93,148.93,148.3,148.3,3,444.9
1788523800000,2026-09-04T12:10:00Z,148.3,148.3,148.3,148.3,0,0
1788524100000,2026-09-04T12:15:00Z,148.3,148.3,148.3,148.3,0,0
1788524400000,2026-09-04T12:20:00Z,148.3,148.3,147.58,147.58,0.42,61.9867
1788524700000,2026-09-04T12:25:00Z,147.58,148.66,147.58,148.66,2.63,390.282
1788525000000,2026-09-04T12:30:00Z,148.66,148.66,146.28,146.28,8.68,1271.5351
1788525300000,2026-09-04T12:35:00Z,146.28,147.56,145.18,146.46,61.42,8972.0386
1788525600000,2026-09-04T12:40:00Z,146.46,147.01,146.34,146.69,1.59,233.2074
1788525900000,2026-09-04T12:45:00Z,146.69,146.7,145.1,145.85,2.38,347.5587
1788526200000,2026-09-04T12:50:00Z,145.85,146.86,145.3,145.53,13.26,1942.0391
1788526500000,2026-09-04T12:55:00Z,145.53,147.14,145.32,145.39,0.6,87.8296
1788526800000,2026-09-04T13:00:00Z,145.39,146.88,145.39,146.56,38.42,5642.0105
1788527100000,2026-09-04T13:05:00Z,146.56,146.56,146.1,146.1,0.15,21.915
1788527400000,2026-09-04T13:10:00Z,146.1,146.1,146.1,146.1,0,0
1788527700000,2026-09-04T13:15:00Z,146.1,146.3,146.1,146.18,1.69,247.0848
1788528000000,2026-09-04T13:20:00Z,146.18,146.18,146.18,146.18,0,0
1788528300000,2026-09-04T13:25:00Z,146.18,146.38,145.14,146.38,3.07,447.2225
1788528600000,2026-09-04T13:30:00Z,146.38,147.08,145.14,147.08,5.9,862.2159
1788528900000,2026-09-04T13:35:00Z,147.08,147.88,145.11,145.11,4.96,724.0198
1788529200000,2026-09-04T13:40:00Z,145.11,146.93,145.11,145.13,1.01,147.3045
1788529500000,2026-09-04T13:45:00Z,145.13,145.13,145.13,145.13,0,0
1788529800000,2026-09-04T13:50:00Z,145.13,145.13,145.13,145.13,0,0
1788530100000,2026-09-04T13:55:00Z,145.13,146.7,145.13,146.7,2.9,425.3215
1788530400000,2026-09-04T14:00:00Z,146.7,146.7,146.14,146.14,14.01,2050.0674
1788530700000,2026-09-04T14:05:00Z,146.14,146.28,146.14,146.28,0.14,20.4792
1788531000000,2026-09-04T14:10:00Z,146.28,146.28,145.83,145.99,1.15,167.8178
1788531300000,2026-09-04T14:15:00Z,145.99,145.99,145.99,145.99,0,0
1788531600000,2026-09-04T14:20:00Z,145.99,146.25,145.99,146.25,1.14,166.7072
1788531900000,2026-09-04T14:25:00Z,146.25,146.25,145.47,145.47,1.37,199.4664
1788532200000,2026-09-04T14:30:00Z,145.47,145.47,145.08,145.08,5,725.4
1788532500000,2026-09-04T14:35:00Z,145.08,145.08,144.69,144.75,4.22,611.1638
1788532800000,2026-09-04T14:40:00Z,144.75,144.75,144.75,144.75,0,0
1788533100000,2026-09-04T14:45:00Z,144.75,144.75,144.75,144.75,0,0
1788533400000,2026-09-04T14:50:00Z,144.75,144.75,143.77,143.77,2.21,317.7317
1788533700000,2026-09-04T14:55:00Z,143.77,144.08,143.59,144.08,1.07,154.0431
1788534000000,2026-09-04T15:00:00Z,144.08,145.08,144.08,145.08,2.64,381.3958
1788534300000,2026-09-04T15:05:00Z,145.08,145.08,145.08,145.08,0,0
1788534600000,2026-09-04T15:10:00Z,145.08,145.08,145.08,145.08,0,0
1788534900000,2026-09-04T15:15:00Z,145.08,145.7,145.08,145.7,0.31,45.167
1788535200000,2026-09-04T15:20:00Z,145.7,147.01,145.7,147.01,0.5,73.505
1788535500000,2026-09-04T15:25:00Z,147.01,147.23,146.75,147.23,0.18,26.4582
1788535800000,2026-09-04T15:30:00Z,147.23,147.23,145.58,145.58,0.12,17.4696
1788536100000,2026-09-04T15:35:00Z,145.58,145.58,145.58,145.58,0,0
1788536400000,2026-09-04T15:40:00Z,145.58,145.58,145.58,145.58,0,0
1788536700000,2026-09-04T15:45:00Z,145.58,145.92,145.58,145.92,0.52,75.8324
1788537000000,2026-09-04T15:50:00Z,145.92,146.18,145.92,146.18,0.5,73.09
1788537300000,2026-09-04T15:55:00Z,146.18,146.18,146.18,146.18,0,0
1788537600000,2026-09-04T16:00:00Z,146.18,146.18,146.18,146.18,0,0
1788537900000,2026-09-04T16:05:00Z,146.18,146.18,146.18,146.18,0,0
1788538200000,2026-09-04T16:10:00Z,146.18,146.18,145.36,145.36,0.98,142.4528
1788538500000,2026-09-04T16:15:00Z,145.36,145.36,145.36,145.36,0,0
1788538800000,2026-09-04T16:20:00Z,145.36,145.36,145.36,145.36,0,0
1788539100000,2026-09-04T16:25:00Z,145.36,145.36,145.34,145.34,0.08,11.6272
1788539400000,2026-09-04T16:30:00Z,145.34,145.48,145.34,145.48,0.07,10.1836
1788539700000,2026-09-04T16:35:00Z,145.48,145.64,145.48,145.64,0.32,46.6048
1788540000000,2026-09-04T16:40:00Z,145.64,145.73,145.64,145.73,0.31,45.1763
1788540300000,2026-09-04T16:45:00Z,145.73,145.75,145.73,145.75,0.11,16.0325
1788540600000,2026-09-04T16:50:00Z,145.75,145.75,145.75,145.75,0,0
1788540900000,2026-09-04T16:55:00Z,145.75,146.13,145.75,146.13,0.2,29.226
1788541200000,2026-09-04T17:00:00Z,146.13,146.13,146.13,146.13,0,0
1788541500000,2026-09-04T17:05:00Z,146.13,146.13,146.13,146.13,0,0
1788541800000,2026-09-04T17:10:00Z,146.13,146.13,145.75,145.75,2.73,397.8975
1788542100000,2026-09-04T17:15:00Z,145.75,145.75,145.75,145.75,0,0
1788542400000,2026-09-04T17:20:00Z,145.75,145.75,145.39,145.39,0.2,29.078
1788542700000,2026-09-04T17:25:00Z,145.39,145.39,145.39,145.39,0,0
1788543000000,2026-09-04T17:30:00Z,145.39,145.39,145.16,145.16,0.21,30.4836
1788543300000,2026-09-04T17:35:00Z,145.16,145.16,145.16,145.16,0,0
1788543600000,2026-09-04T17:40:00Z,145.16,145.16,144.77,144.77,0.81,117.2637
1788543900000,2026-09-04T17:45:00Z,144.77,144.77,144.77,144.77,0,0
1788544200000,2026-09-04T17:50:00Z,144.77,144.77,144.77,144.77,0,0
1788544500000,2026-09-04T17:55:00Z,144.77,144.77,144.77,144.77,0,0
1788544800000,2026-09-04T18:00:00Z,144.77,144.77,144.38,144.38,0.19,27.4322
1788545100000,2026-09-04T18:05:00Z,144.38,144.38,144.38,144.38,0,0
1788545400000,2026-09-04T18:10:00Z,144.38,144.38,144.38,144.38,0,0
1788545700000,2026-09-04T18:15:00Z,144.38,144.38,144.24,144.24,0.31,44.7144
1788546000000,2026-09-04T18:20:00Z,144.24,144.6,144.24,144.6,4.37,631.8808
1788546300000,2026-09-04T18:25:00Z,144.6,144.6,144.6,144.6,0,0
1788546600000,2026-09-04T18:30:00Z,144.6,144.6,144.6,144.6,0,0
1788546900000,2026-09-04T18:35:00Z,144.6,144.6,144.47,144.47,0.31,44.7857
1788547200000,2026-09-04T18:40:00Z,144.47,144.47,144.47,144.47,0,0
1788547500000,2026-09-04T18:45:00Z,144.47,144.7,144.47,144.59,1.3,188.1057
1788547800000,2026-09-04T18:50:00Z,144.59,144.59,144.59,144.59,0,0
1788548100000,2026-09-04T18:55:00Z,144.59,144.59,144.31,144.31,0.18,25.9758
1788548400000,2026-09-04T19:00:00Z,144.31,144.54,144.18,144.54,0.5,72.18
1788548700000,2026-09-04T19:05:00Z,144.54,144.54,144.44,144.44,0.12,17.3328
1788549000000,2026-09-04T19:10:00Z,144.44,144.44,144.44,144.44,0,0
1788549300000,2026-09-04T19:15:00Z,144.44,144.44,144.44,144.44,0,0
1788549600000,2026-09-04T19:20:00Z,144.44,144.44,144.44,144.44,0,0
1788549900000,2026-09-04T19:25:00Z,144.44,144.65,144.44,144.65,0.1,14.465
1788550200000,2026-09-04T19:30:00Z,144.65,144.84,144.32,144.84,1.09,157.4948
1788550500000,2026-09-04T19:35:00Z,144.84,144.84,144.84,144.84,0,0
1788550800000,2026-09-04T19:40:00Z,144.84,144.84,144.84,144.84,0,0
1788551100000,2026-09-04T19:45:00Z,144.84,144.84,144.84,144.84,0,0
1788551400000,2026-09-04T19:50:00Z,144.84,144.84,144.34,144.34,0.64,92.3936
1788551700000,2026-09-04T19:55:00Z,144.34,144.34,144.34,144.34,0,0
1788552000000,2026-09-04T20:00:00Z,144.34,145.39,144.34,145.39,0.25,36.1676
1788552300000,2026-09-04T20:05:00Z,145.39,145.39,145.39,145.39,0,0
1788552600000,2026-09-04T20:10:00Z,145.39,145.39,145.11,145.11,0.22,31.9242
1788552900000,2026-09-04T20:15:00Z,145.11,145.21,144.68,145.21,0.3,43.4835
1788553200000,2026-09-04T20:20:00Z,145.21,145.25,144.99,145.25,0.3,43.536
1788553500000,2026-09-04T20:25:00Z,145.25,145.25,145.13,145.13,0.14,20.3182
1788553800000,2026-09-04T20:30:00Z,145.13,145.18,144.82,144.82,0.22,31.9
1788554100000,2026-09-04T20:35:00Z,144.82,145,144.82,145,0.2,29
1788554400000,2026-09-04T20:40:00Z,145,145.3,145,145.3,0.23,33.419
1788554700000,2026-09-04T20:45:00Z,145.3,145.3,145.3,145.3,0,0
1788555000000,2026-09-04T20:50:00Z,145.3,145.48,144.72,145.4,0.24,34.8288
1788555300000,2026-09-04T20:55:00Z,145.4,145.4,144.92,144.94,0.61,88.4242
1788555600000,2026-09-04T21:00:00Z,144.94,144.94,144.94,144.94,0,0
1788555900000,2026-09-04T21:05:00Z,144.94,144.94,144.94,144.94,0,0
1788556200000,2026-09-04T21:10:00Z,144.94,144.94,144.94,144.94,0,0
1788556500000,2026-09-04T21:15:00Z,144.94,145.04,144.94,145.04,0.09,13.0536
1788556800000,2026-09-04T21:20:00Z,145.04,145.04,145.04,145.04,0,0
1788557100000,2026-09-04T21:25:00Z,145.04,145.57,145.04,145.57,0.06,8.7306
1788557400000,2026-09-04T21:30:00Z,145.57,145.57,145.57,145.57,0,0
1788557700000,2026-09-04T21:35:00Z,145.57,145.57,145.06,145.06,0.11,15.9566
1788558000000,2026-09-04T21:40:00Z,145.06,145.06,145.06,145.06,0,0
1788558300000,2026-09-04T21:45:00Z,145.06,145.46,144.56,145.46,0.16,23.2176
1788558600000,2026-09-04T21:50:00Z,145.46,145.46,145.46,145.46,0.39,56.7294
1788558900000,2026-09-04T21:55:00Z,145.46,145.46,145.46,145.46,0,0
1788559200000,2026-09-04T22:00:00Z,145.46,145.46,145.09,145.09,0.07,10.1563
1788559500000,2026-09-04T22:05:00Z,145.09,145.09,145,145,0.26,37.7
1788559800000,2026-09-04T22:10:00Z,145,145,145,145,0,0
1788560100000,2026-09-04T22:15:00Z,145,145,145,145,0,0
1788560400000,2026-09-04T22:20:00Z,145,145.22,145,145.22,0.22,31.9484
1788560700000,2026-09-04T22:25:00Z,145.22,145.22,145.22,145.22,0,0
1788561000000,2026-09-04T22:30:00Z,145.22,145.22,145.22,145.22,0,0
1788561300000,2026-09-04T22:35:00Z,145.22,145.22,145.14,145.14,0.23,33.3822
1788561600000,2026-09-04T22:40:00Z,145.14,145.14,145.06,145.06,0.11,15.9566
1788561900000,2026-09-04T22:45:00Z,145.06,145.08,145.06,145.08,0.14,20.3112
1788562200000,2026-09-04T22:50:00Z,145.08,145.08,145.03,145.03,0.14,20.3042
1788562500000,2026-09-04T22:55:00Z,145.03,145.03,145.03,145.03,0,0
1788562800000,2026-09-04T23:00:00Z,145.03,145.03,145.03,145.03,0,0
1788563100000,2026-09-04T23:05:00Z,145.03,145.03,145.03,145.03,0,0
1788563400000,2026-09-04T23:10:00Z,145.03,145.03,144.95,144.95,0.22,31.889
1788563700000,2026-09-04T23:15:00Z,144.95,144.95,144.95,144.95,0,0
1788564000000,2026-09-04T23:20:00Z,144.95,145.52,144.95,145.52,1.12,162.9793
1788564300000,2026-09-04T23:25:00Z,145.52,145.65,145.52,145.65,0.12,17.478
1788564600000,2026-09-04T23:30:00Z,145.65,145.65,145.65,145.65,0,0
1788564900000,2026-09-04T23:35:00Z,145.65,145.65,145.65,145.65,0,0
1788565200000,2026-09-04T23:40:00Z,145.65,145.73,144.95,145.71,1.38,200.5304
1788565500000,2026-09-04T23:45:00Z,145.71,145.91,145.71,145.91,0.08,11.6728
1788565800000,2026-09-04T23:50:00Z,145.91,145.91,145.91,145.91,0,0
1788566100000,2026-09-04T23:55:00Z,145.91,145.91,145.91,145.91,0,0
1788566400000,2026-09-05T00:00:00Z,145.91,146.56,145.36,145.36,0.2,29.184
1788566700000,2026-09-05T00:05:00Z,145.36,145.36,145.36,145.36,0,0
1788567000000,2026-09-05T00:10:00Z,145.36,145.36,145.36,145.36,0,0
1788567300000,2026-09-05T00:15:00Z,145.36,145.36,145.36,145.36,0,0
1788567600000,2026-09-05T00:20:00Z,145.36,145.36,145.36,145.36,0,0
1788567900000,2026-09-05T00:25:00Z,145.36,146.84,145.18,146.84,3.52,514.5251
1788568200000,2026-09-05T00:30:00Z,146.84,146.84,146.84,146.84,0,0
1788568500000,2026-09-05T00:35:00Z,146.84,146.84,146.84,146.84,0,0
1788568800000,2026-09-05T00:40:00Z,146.84,146.84,146.63,146.63,0.15,21.9945
1788569100000,2026-09-05T00:45:00Z,146.63,146.63,146.6,146.6,0.24,35.184
1788569400000,2026-09-05T00:50:00Z,146.6,146.6,146.6,146.6,0,0
1788569700000,2026-09-05T00:55:00Z,146.6,146.6,146.6,146.6,0,0
1788570000000,2026-09-05T01:00:00Z,146.6,146.6,146.6,146.6,0,0
1788570300000,2026-09-05T01:05:00Z,146.6,146.6,146.6,146.6,0,0
1788570600000,2026-09-05T01:10:00Z,146.6,146.6,146.6,146.6,0,0
1788570900000,2026-09-05T01:15:00Z,146.6,146.6,146.6,146.6,0,0
1788571200000,2026-09-05T01:20:00Z,146.6,146.6,146.6,146.6,0,0
1788571500000,2026-09-05T01:25:00Z,146.6,146.6,146.6,146.6,0,0
1788571800000,2026-09-05T01:30:00Z,146.6,146.6,146.6,146.6,0,0
1788572100000,2026-09-05T01:35:00Z,146.6,146.6,146.6,146.6,0,0
1788572400000,2026-09-05T01:40:00Z,146.6,146.6,146.6,146.6,0,0
1788572700000,2026-09-05T01:45:00Z,146.6,146.6,146.6,146.6,0,0
1788573000000,2026-09-05T01:50:00Z,146.6,146.6,146.6,146.6,0,0
1788573300000,2026-09-05T01:55:00Z,146.6,146.6,146.6,146.6,0,0
1788573600000,2026-09-05T02:00:00Z,146.6,146.64,146.6,146.64,0.22,32.2608
1788573900000,2026-09-05T02:05:00Z,146.64,146.64,146.64,146.64,0,0
1788574200000,2026-09-05T02:10:00Z,146.64,146.64,146.64,146.64,0,0
1788574500000,2026-09-05T02:15:00Z,146.64,146.64,146.64,146.64,0,0
1788574800000,2026-09-05T02:20:00Z,146.64,146.64,146.64,146.64,0.26,38.1264
1788575100000,2026-09-05T02:25:00Z,146.64,146.64,146.64,146.64,0,0
1788575400000,2026-09-05T02:30:00Z,146.64,146.64,146.64,146.64,0,0
1788575700000,2026-09-05T02:35:00Z,146.64,146.64,146.64,146.64,0,0
1788576000000,2026-09-05T02:40:00Z,146.64,146.64,146.64,146.64,0,0
1788576300000,2026-09-05T02:45:00Z,146.64,146.65,146.64,146.65,0.1,14.665
1788576600000,2026-09-05T02:50:00Z,146.65,146.65,146.65,146.65,0,0
1788576900000,2026-09-05T02:55:00Z,146.65,146.65,146.65,146.65,0,0
1788577200000,2026-09-05T03:00:00Z,146.65,146.65,146.65,146.65,0.09,13.1985
1788577500000,2026-09-05T03:05:00Z,146.65,146.65,146.65,146.65,0,0
1788577800000,2026-09-05T03:10:00Z,146.65,146.65,146.65,146.65,0,0
1788578100000,2026-09-05T03:15:00Z,146.65,146.65,146.6,146.6,0.12,17.592
1788578400000,2026-09-05T03:20:00Z,146.6,146.6,146.6,146.6,0,0
1788578700000,2026-09-05T03:25:00Z,146.6,146.6,146.6,146.6,0,0
1788579000000,2026-09-05T03:30:00Z,146.6,146.6,146.6,146.6,0,0
1788579300000,2026-09-05T03:35:00Z,146.6,146.62,146.6,146.62,0.21,30.7902
1788579600000,2026-09-05T03:40:00Z,146.62,146.62,146.59,146.59,0.08,11.7272
1788579900000,2026-09-05T03:45:00Z,146.59,146.59,146.59,146.59,0,0
1788580200000,2026-09-05T03:50:00Z,146.59,146.59,146.59,146.59,0,0
1788580500000,2026-09-05T03:55:00Z,146.59,146.59,146.59,146.59,0,0
1788580800000,2026-09-05T04:00:00Z,146.59,146.63,146.59,146.63,0.16,23.4608
1788581100000,2026-09-05T04:05:00Z,146.63,146.63,146.63,146.63,0,0
1788581400000,2026-09-05T04:10:00Z,146.63,146.63,146.63,146.63,0,0
1788581700000,2026-09-05T04:15:00Z,146.63,146.63,146.63,146.63,0,0
1788582000000,2026-09-05T04:20:00Z,146.63,146.63,146.63,146.63,0,0
1788582300000,2026-09-05T04:25:00Z,146.63,146.63,146.63,146.63,0,0
1788582600000,2026-09-05T04:30:00Z,146.63,146.63,146.63,146.63,0,0
1788582900000,2026-09-05T04:35:00Z,146.63,146.63,146.63,146.63,0,0
1788583200000,2026-09-05T04:40:00Z,146.63,146.63,146.63,146.63,0,0
1788583500000,2026-09-05T04:45:00Z,146.63,146.63,146.63,146.63,0,0
1788583800000,2026-09-05T04:50:00Z,146.63,146.63,146.63,146.63,0,0
1788584100000,2026-09-05T04:55:00Z,146.63,146.63,146.63,146.63,0,0
1788584400000,2026-09-05T05:00:00Z,146.63,146.63,146.63,146.63,0,0
1788584700000,2026-09-05T05:05:00Z,146.63,146.63,146.63,146.63,0,0
1788585000000,2026-09-05T05:10:00Z,146.63,146.63,146.63,146.63,0,0
1788585300000,2026-09-05T05:15:00Z,146.63,146.63,146.63,146.63,0,0
1788585600000,2026-09-05T05:20:00Z,146.63,146.63,146.63,146.63,0,0
1788585900000,2026-09-05T05:25:00Z,146.63,146.63,146.63,146.63,0,0
1788586200000,2026-09-05T05:30:00Z,146.63,146.63,146.63,146.63,0,0
1788586500000,2026-09-05T05:35:00Z,146.63,146.63,146.63,146.63,0,0
1788586800000,2026-09-05T05:40:00Z,146.63,146.63,146.63,146.63,0,0
1788587100000,2026-09-05T05:45:00Z,146.63,146.63,146.63,146.63,0,0
1788587400000,2026-09-05T05:50:00Z,146.63,146.63,146.63,146.63,0,0
1788587700000,2026-09-05T05:55:00Z,146.63,146.63,146.63,146.63,0,0
1788588000000,2026-09-05T06:00:00Z,146.63,146.63,146.63,146.63,0,0
1788588300000,2026-09-05T06:05:00Z,146.63,146.63,146.63,146.63,0,0
1788588600000,2026-09-05T06:10:00Z,146.63,146.63,146.63,146.63,0,0
1788588900000,2026-09-05T06:15:00Z,146.63,146.63,146.63,146.63,0,0
1788589200000,2026-09-05T06:20:00Z,146.63,146.63,146.63,146.63,0,0
1788589500000,2026-09-05T06:25:00Z,146.63,146.63,146.63,146.63,0,0
1788589800000,2026-09-05T06:30:00Z,146.63,146.63,146.63,146.63,0,0
1788590100000,2026-09-05T06:35:00Z,146.63,146.63,146.63,146.63,0,0
1788590400000,2026-09-05T06:40:00Z,146.63,146.96,146.3,146.3,0.08,11.7304
1788590700000,2026-09-05T06:45:00Z,146.3,146.3,146.3,146.3,0,0
1788591000000,2026-09-05T06:50:00Z,146.3,146.3,146.3,146.3,0,0
1788591300000,2026-09-05T06:55:00Z,146.3,146.3,146.3,146.3,0,0
1788591600000,2026-09-05T07:00:00Z,146.3,146.3,146.3,146.3,0,0
1788591900000,2026-09-05T07:05:00Z,146.3,146.3,146.3,146.3,0,0
1788592200000,2026-09-05T07:10:00Z,146.3,146.3,146.3,146.3,0,0
1788592500000,2026-09-05T07:15:00Z,146.3,146.3,146.3,146.3,0,0
1788592800000,2026-09-05T07:20:00Z,146.3,146.3,146.3,146.3,0,0
1788593100000,2026-09-05T07:25:00Z,146.3,146.3,146.3,146.3,0,0
1788593400000,2026-09-05T07:30:00Z,146.3,146.3,146.3,146.3,0,0
1788593700000,2026-09-05T07:35:00Z,146.3,146.3,146.3,146.3,0,0
1788594000000,2026-09-05T07:40:00Z,146.3,146.3,146.3,146.3,0,0
1788594300000,2026-09-05T07:45:00Z,146.3,146.3,146.3,146.3,0,0
1788594600000,2026-09-05T07:50:00Z,146.3,146.61,146.3,146.61,0.1,14.661
1788594900000,2026-09-05T07:55:00Z,146.61,146.62,146.61,146.62,0.25,36.655
1788595200000,2026-09-05T08:00:00Z,146.62,146.62,146.62,146.62,0,0
1788595500000,2026-09-05T08:05:00Z,146.62,147.04,146.28,146.75,0.63,92.416
1788595800000,2026-09-05T08:10:00Z,146.75,146.75,146.75,146.75,0,0
1788596100000,2026-09-05T08:15:00Z,146.75,146.75,146.75,146.75,0,0
1788596400000,2026-09-05T08:20:00Z,146.75,146.75,146.75,146.75,0,0
1788596700000,2026-09-05T08:25:00Z,146.75,146.75,146.75,146.75,0,0
1788597000000,2026-09-05T08:30:00Z,146.75,146.75,146.75,146.75,0,0
1788597300000,2026-09-05T08:35:00Z,146.75,146.75,146.58,146.58,0.1,14.658
1788597600000,2026-09-05T08:40:00Z,146.58,146.58,146.58,146.58,0,0
1788597900000,2026-09-05T08:45:00Z,146.58,146.58,146.58,146.58,0,0
1788598200000,2026-09-05T08:50:00Z,146.58,146.58,146.58,146.58,0,0
1788598500000,2026-09-05T08:55:00Z,146.58,146.58,146.58,146.58,0,0
1788598800000,2026-09-05T09:00:00Z,146.58,146.62,146.58,146.62,0.17,24.9254
1788599100000,2026-09-05T09:05:00Z,146.62,146.62,146.62,146.62,0,0
1788599400000,2026-09-05T09:10:00Z,146.62,146.62,146.62,146.62,0,0
1788599700000,2026-09-05T09:15:00Z,146.62,146.62,146.62,146.62,0,0
1788600000000,2026-09-05T09:20:00Z,146.62,146.62,146.62,146.62,0,0
1788600300000,2026-09-05T09:25:00Z,146.62,146.62,146.62,146.62,0,0
1788600600000,2026-09-05T09:30:00Z,146.62,146.92,146.28,146.92,0.08,11.728
1788600900000,2026-09-05T09:35:00Z,146.92,146.92,146.92,146.92,0,0
1788601200000,2026-09-05T09:40:00Z,146.92,146.92,146.92,146.92,0,0
1788601500000,2026-09-05T09:45:00Z,146.92,146.92,146.92,146.92,0,0
1788601800000,2026-09-05T09:50:00Z,146.92,146.92,146.92,146.92,0,0
1788602100000,2026-09-05T09:55:00Z,146.92,146.92,146.92,146.92,0,0
1788602400000,2026-09-05T10:00:00Z,146.92,146.92,146.59,146.59,0.12,17.5908
1788602700000,2026-09-05T10:05:00Z,146.59,146.59,146.59,146.59,0,0
1788603000000,2026-09-05T10:10:00Z,146.59,146.59,146.59,146.59,0,0
1788603300000,2026-09-05T10:15:00Z,146.59,146.59,146.59,146.59,0,0
1788603600000,2026-09-05T10:20:00Z,146.59,146.59,146.59,146.59,0,0
1788603900000,2026-09-05T10:25:00Z,146.59,146.59,146.59,146.59,0,0
1788604200000,2026-09-05T10:30:00Z,146.59,146.59,146.59,146.59,0,0
1788604500000,2026-09-05T10:35:00Z,146.59,146.59,146.59,146.59,0,0
1788604800000,2026-09-05T10:40:00Z,146.59,146.59,146.59,146.59,0,0
1788605100000,2026-09-05T10:45:00Z,146.59,146.59,146.59,146.59,0,0
1788605400000,2026-09-05T10:50:00Z,146.59,146.59,146.59,146.59,0,0
1788605700000,2026-09-05T10:55:00Z,146.59,146.59,146.59,146.59,0,0
1788606000000,2026-09-05T11:00:00Z,146.59,146.62,146.59,146.62,0.21,30.7902
1788606300000,2026-09-05T11:05:00Z,146.62,146.62,146.62,146.62,0,0
1788606600000,2026-09-05T11:10:00Z,146.62,146.62,146.62,146.62,0,0
1788606900000,2026-09-05T11:15:00Z,146.62,146.62,146.62,146.62,0,0
1788607200000,2026-09-05T11:20:00Z,146.62,146.62,146.62,146.62,0,0
1788607500000,2026-09-05T11:25:00Z,146.62,146.88,146.28,146.28,0.08,11.7264
1788607800000,2026-09-05T11:30:00Z,146.28,146.28,146.28,146.28,0,0
1788608100000,2026-09-05T11:35:00Z,146.28,146.28,146.28,146.28,0,0
1788608400000,2026-09-05T11:40:00Z,146.28,146.28,146.28,146.28,0,0
1788608700000,2026-09-05T11:45:00Z,146.28,146.28,146.28,146.28,0,0
1788609000000,2026-09-05T11:50:00Z,146.28,146.28,146.28,146.28,0,0
1788609300000,2026-09-05T11:55:00Z,146.28,146.62,146.28,146.62,0.23,33.7226
1788609600000,2026-09-05T12:00:00Z,146.62,146.62,146.62,146.62,0.14,20.5268
1788609900000,2026-09-05T12:05:00Z,146.62,146.62,146.62,146.62,0,0
1788610200000,2026-09-05T12:10:00Z,146.62,146.64,146.62,146.64,0.17,24.9288
1788610500000,2026-09-05T12:15:00Z,146.64,146.64,146.64,146.64,0,0
1788610800000,2026-09-05T12:20:00Z,146.64,146.64,146.64,146.64,0,0
1788611100000,2026-09-05T12:25:00Z,146.64,146.64,146.64,146.64,0,0
1788611400000,2026-09-05T12:30:00Z,146.64,146.64,146.64,146.64,0.11,16.1304
1788611700000,2026-09-05T12:35:00Z,146.64,146.66,146.64,146.66,0.21,30.7986
1788612000000,2026-09-05T12:40:00Z,146.66,146.66,146.63,146.63,0.2,29.326
1788612300000,2026-09-05T12:45:00Z,146.63,146.65,146.63,146.65,0.15,21.9975
1788612600000,2026-09-05T12:50:00Z,146.65,146.65,146.65,146.65,0,0
1788612900000,2026-09-05T12:55:00Z,146.65,146.65,146.65,146.65,0,0
1788613200000,2026-09-05T13:00:00Z,146.65,146.65,146.64,146.64,0.23,33.7272
1788613500000,2026-09-05T13:05:00Z,146.64,146.64,146.64,146.64,0,0
1788613800000,2026-09-05T13:10:00Z,146.64,146.64,146.64,146.64,0,0
1788614100000,2026-09-05T13:15:00Z,146.64,146.64,146.64,146.64,0,0
1788614400000,2026-09-05T13:20:00Z,146.64,146.64,146.64,146.64,0,0
1788614700000,2026-09-05T13:25:00Z,146.64,146.66,146.64,146.66,0.17,24.9322
1788615000000,2026-09-05T13:30:00Z,146.66,146.66,146.63,146.63,0.25,36.6575
1788615300000,2026-09-05T13:35:00Z,146.63,146.67,146.63,146.67,0.07,10.2669
1788615600000,2026-09-05T13:40:00Z,146.67,146.67,146.67,146.67,0,0
1788615900000,2026-09-05T13:45:00Z,146.67,146.67,146.67,146.67,0,0
1788616200000,2026-09-05T13:50:00Z,146.67,146.67,146.67,146.67,0.19,27.8673
1788616500000,2026-09-05T13:55:00Z,146.67,146.67,146.67,146.67,0,0
1788616800000,2026-09-05T14:00:00Z,146.67,146.67,146.67,146.67,0.19,27.8673
1788617100000,2026-09-05T14:05:00Z,146.67,146.67,146.67,146.67,0,0
1788617400000,2026-09-05T14:10:00Z,146.67,146.67,146.67,146.67,0,0
1788617700000,2026-09-05T14:15:00Z,146.67,146.67,146.67,146.67,0,0
1788618000000,2026-09-05T14:20:00Z,146.67,146.7,146.67,146.7,0.12,17.604
1788618300000,2026-09-05T14:25:00Z,146.7,146.88,146.7,146.88,0.24,35.2296
1788618600000,2026-09-05T14:30:00Z,146.88,146.88,146.88,146.88,0,0
1788618900000,2026-09-05T14:35:00Z,146.88,146.88,146.88,146.88,0,0
1788619200000,2026-09-05T14:40:00Z,146.88,146.88,146.88,146.88,0,0
1788619500000,2026-09-05T14:45:00Z,146.88,146.88,146.66,146.86,0.14,20.5464
1788619800000,2026-09-05T14:50:00Z,146.86,146.86,146.66,146.85,0.44,64.5722
1788620100000,2026-09-05T14:55:00Z,146.85,146.85,146.67,146.67,0.12,17.6004
1788620400000,2026-09-05T15:00:00Z,146.67,146.67,146.67,146.67,0,0
1788620700000,2026-09-05T15:05:00Z,146.67,146.67,146.67,146.67,0,0
1788621000000,2026-09-05T15:10:00Z,146.67,146.67,146.67,146.67,0,0
1788621300000,2026-09-05T15:15:00Z,146.67,146.67,146.67,146.67,0,0
1788621600000,2026-09-05T15:20:00Z,146.67,146.67,146.67,146.67,0,0
1788621900000,2026-09-05T15:25:00Z,146.67,146.67,146.67,146.67,0,0
1788622200000,2026-09-05T15:30:00Z,146.67,146.85,146.67,146.85,0.05,7.3425
1788622500000,2026-09-05T15:35:00Z,146.85,146.85,146.85,146.85,0,0
1788622800000,2026-09-05T15:40:00Z,146.85,146.85,146.85,146.85,0,0
1788623100000,2026-09-05T15:45:00Z,146.85,146.85,146.85,146.85,0,0
1788623400000,2026-09-05T15:50:00Z,146.85,146.85,146.85,146.85,0,0
1788623700000,2026-09-05T15:55:00Z,146.85,146.85,146.85,146.85,0,0
1788624000000,2026-09-05T16:00:00Z,146.85,146.85,146.57,146.84,0.58,85.0535
1788624300000,2026-09-05T16:05:00Z,146.84,146.84,146.84,146.84,0,0
1788624600000,2026-09-05T16:10:00Z,146.84,146.84,146.84,146.84,0,0
1788624900000,2026-09-05T16:15:00Z,146.84,146.84,146.84,146.84,0,0
1788625200000,2026-09-05T16:20:00Z,146.84,146.84,146.84,146.84,0,0
1788625500000,2026-09-05T16:25:00Z,146.84,146.84,146.84,146.84,0,0
1788625800000,2026-09-05T16:30:00Z,146.84,146.84,146.84,146.84,0,0
1788626100000,2026-09-05T16:35:00Z,146.84,146.84,146.84,146.84,0,0
1788626400000,2026-09-05T16:40:00Z,146.84,146.84,146.84,146.84,0,0
1788626700000,2026-09-05T16:45:00Z,146.84,146.84,146.84,146.84,0,0
1788627000000,2026-09-05T16:50:00Z,146.84,146.84,146.84,146.84,0,0
1788627300000,2026-09-05T16:55:00Z,146.84,146.84,146.84,146.84,0,0
1788627600000,2026-09-05T17:00:00Z,146.84,146.84,146.84,146.84,0,0
1788627900000,2026-09-05T17:05:00Z,146.84,146.84,146.6,146.6,0.21,30.786
1788628200000,2026-09-05T17:10:00Z,146.6,146.6,146.6,146.6,0.26,38.116
1788628500000,2026-09-05T17:15:00Z,146.6,146.63,146.6,146.63,0.27,39.5901
1788628800000,2026-09-05T17:20:00Z,146.63,146.63,146.63,146.63,0,0
1788629100000,2026-09-05T17:25:00Z,146.63,146.63,146.63,146.63,0,0
1788629400000,2026-09-05T17:30:00Z,146.63,146.63,146.63,146.63,0,0
1788629700000,2026-09-05T17:35:00Z,146.63,146.63,146.63,146.63,0,0
1788630000000,2026-09-05T17:40:00Z,146.63,146.63,146.63,146.63,0,0
1788630300000,2026-09-05T17:45:00Z,146.63,146.63,146.63,146.63,0,0
1788630600000,2026-09-05T17:50:00Z,146.63,146.63,146.62,146.62,0.15,21.993
1788630900000,2026-09-05T17:55:00Z,146.62,146.62,146.62,146.62,0,0
1788631200000,2026-09-05T18:00:00Z,146.62,146.65,146.62,146.65,0.16,23.464
1788631500000,2026-09-05T18:05:00Z,146.65,146.65,146.65,146.65,0,0
1788631800000,2026-09-05T18:10:00Z,146.65,146.65,146.65,146.65,0,0
1788632100000,2026-09-05T18:15:00Z,146.65,146.65,146.65,146.65,0,0
1788632400000,2026-09-05T18:20:00Z,146.65,146.65,146.65,146.65,0,0
1788632700000,2026-09-05T18:25:00Z,146.65,146.65,146.65,146.65,0,0
1788633000000,2026-09-05T18:30:00Z,146.65,146.65,146.65,146.65,0,0
1788633300000,2026-09-05T18:35:00Z,146.65,146.65,146.65,146.65,0,0
1788633600000,2026-09-05T18:40:00Z,146.65,146.65,146.65,146.65,0,0
1788633900000,2026-09-05T18:45:00Z,146.65,146.65,146.65,146.65,0,0
1788634200000,2026-09-05T18:50:00Z,146.65,146.65,146.65,146.65,0,0
1788634500000,2026-09-05T18:55:00Z,146.65,146.65,146.65,146.65,0,0
1788634800000,2026-09-05T19:00:00Z,146.65,146.65,146.65,146.65,0,0
1788635100000,2026-09-05T19:05:00Z,146.65,146.65,146.65,146.65,0,0
1788635400000,2026-09-05T19:10:00Z,146.65,146.65,146.65,146.65,0,0
1788635700000,2026-09-05T19:15:00Z,146.65,146.81,146.28,146.81,0.32,46.8992
1788636000000,2026-09-05T19:20:00Z,146.81,146.81,146.81,146.81,0,0
1788636300000,2026-09-05T19:25:00Z,146.81,146.81,146.81,146.81,0,0
1788636600000,2026-09-05T19:30:00Z,146.81,146.81,146.64,146.64,0.19,27.8616
1788636900000,2026-09-05T19:35:00Z,146.64,146.64,146.64,146.64,0,0
1788637200000,2026-09-05T19:40:00Z,146.64,146.64,146.64,146.64,0,0
1788637500000,2026-09-05T19:45:00Z,146.64,146.64,146.64,146.64,0,0
1788637800000,2026-09-05T19:50:00Z,146.64,146.64,146.6,146.6,0.22,32.252
1788638100000,2026-09-05T19:55:00Z,146.6,146.6,146.6,146.6,0,0
1788638400000,2026-09-05T20:00:00Z,146.6,146.6,146.6,146.6,0,0
1788638700000,2026-09-05T20:05:00Z,146.6,146.6,146.6,146.6,0,0
1788639000000,2026-09-05T20:10:00Z,146.6,146.6,146.6,146.6,0,0
1788639300000,2026-09-05T20:15:00Z,146.6,146.6,146.6,146.6,0,0
1788639600000,2026-09-05T20:20:00Z,146.6,146.6,146.6,146.6,0,0
1788639900000,2026-09-05T20:25:00Z,146.6,146.63,146.6,146.63,0.26,38.1238
1788640200000,2026-09-05T20:30:00Z,146.63,146.63,146.6,146.6,0.12,17.592
1788640500000,2026-09-05T20:35:00Z,146.6,146.6,146.6,146.6,0,0
1788640800000,2026-09-05T20:40:00Z,146.6,146.6,146.6,146.6,0,0
1788641100000,2026-09-05T20:45:00Z,146.6,146.67,146.6,146.67,2.18,319.7406
1788641400000,2026-09-05T20:50:00Z,146.67,146.67,146.67,146.67,0,0
1788641700000,2026-09-05T20:55:00Z,146.67,146.67,146.67,146.67,0,0
1788642000000,2026-09-05T21:00:00Z,146.67,146.67,146.67,146.67,0,0
1788642300000,2026-09-05T21:05:00Z,146.67,146.67,146.67,146.67,0,0
1788642600000,2026-09-05T21:10:00Z,146.67,146.67,146.67,146.67,0,0
1788642900000,2026-09-05T21:15:00Z,146.67,146.67,146.67,146.67,0,0
1788643200000,2026-09-05T21:20:00Z,146.67,146.68,146.67,146.68,0.25,36.67
1788643500000,2026-09-05T21:25:00Z,146.68,147.08,146.68,147.08,0.2,29.416
1788643800000,2026-09-05T21:30:00Z,147.08,147.08,147.08,147.08,0,0
1788644100000,2026-09-05T21:35:00Z,147.08,147.08,147.08,147.08,0,0
1788644400000,2026-09-05T21:40:00Z,147.08,147.08,147.08,147.08,0,0
1788644700000,2026-09-05T21:45:00Z,147.08,147.08,147.08,147.08,0,0
1788645000000,2026-09-05T21:50:00Z,147.08,147.08,147.08,147.08,0,0
1788645300000,2026-09-05T21:55:00Z,147.08,147.08,147.08,147.08,0,0
1788645600000,2026-09-05T22:00:00Z,147.08,147.08,147.08,147.08,0,0
1788645900000,2026-09-05T22:05:00Z,147.08,147.08,147.08,147.08,0,0
1788646200000,2026-09-05T22:10:00Z,147.08,147.08,147.08,147.08,0,0
1788646500000,2026-09-05T22:15:00Z,147.08,147.08,147.08,147.08,0,0
1788646800000,2026-09-05T22:20:00Z,147.08,147.08,147.08,147.08,0,0
1788647100000,2026-09-05T22:25:00Z,147.08,147.08,147.08,147.08,0,0
1788647400000,2026-09-05T22:30:00Z,147.08,147.41,146.68,147.41,0.3,44.0478
1788647700000,2026-09-05T22:35:00Z,147.41,147.41,146.72,146.72,0.13,19.0736
1788648000000,2026-09-05T22:40:00Z,146.72,146.72,146.72,146.72,0,0
1788648300000,2026-09-05T22:45:00Z,146.72,146.72,146.72,146.72,0,0
1788648600000,2026-09-05T22:50:00Z,146.72,146.72,146.72,146.72,0,0
1788648900000,2026-09-05T22:55:00Z,146.72,146.72,146.71,146.71,0.08,11.7368
1788649200000,2026-09-05T23:00:00Z,146.71,146.73,146.71,146.73,0.2,29.346
1788649500000,2026-09-05T23:05:00Z,146.73,146.73,146.73,146.73,0,0
1788649800000,2026-09-05T23:10:00Z,146.73,146.73,146.73,146.73,0,0
1788650100000,2026-09-05T23:15:00Z,146.73,146.73,146.73,146.73,0,0
1788650400000,2026-09-05T23:20:00Z,146.73,146.73,146.71,146.71,0.21,30.8091
1788650700000,2026-09-05T23:25:00Z,146.71,146.71,146.71,146.71,0,0
1788651000000,2026-09-05T23:30:00Z,146.71,146.71,146.71,146.71,0,0
1788651300000,2026-09-05T23:35:00Z,146.71,146.73,146.71,146.73,0.25,36.6825
1788651600000,2026-09-05T23:40:00Z,146.73,146.73,146.73,146.73,0,0
1788651900000,2026-09-05T23:45:00Z,146.73,146.73,146.73,146.73,0,0
1788652200000,2026-09-05T23:50:00Z,146.73,146.73,146.73,146.73,0,0
1788652500000,2026-09-05T23:55:00Z,146.73,146.73,146.73,146.73,0,0
1788652800000,2026-09-06T00:00:00Z,146.73,146.73,146.73,146.73,0,0
1788653100000,2026-09-06T00:05:00Z,146.73,146.73,146.72,146.72,0.2,29.344
1788653400000,2026-09-06T00:10:00Z,146.72,146.73,146.72,146.73,0.22,32.2806
1788653700000,2026-09-06T00:15:00Z,146.73,146.73,146.73,146.73,0,0
1788654000000,2026-09-06T00:20:00Z,146.73,146.73,146.73,146.73,0,0
1788654300000,2026-09-06T00:25:00Z,146.73,146.73,146.73,146.73,0,0
1788654600000,2026-09-06T00:30:00Z,146.73,146.73,146.73,146.73,0,0
1788654900000,2026-09-06T00:35:00Z,146.73,146.73,146.73,146.73,0,0
1788655200000,2026-09-06T00:40:00Z,146.73,146.73,146.73,146.73,0,0
1788655500000,2026-09-06T00:45:00Z,146.73,146.73,146.73,146.73,0.1,14.673
1788655800000,2026-09-06T00:50:00Z,146.73,146.73,146.73,146.73,0,0
1788656100000,2026-09-06T00:55:00Z,146.73,146.73,146.73,146.73,0,0
1788656400000,2026-09-06T01:00:00Z,146.73,146.73,146.72,146.72,0.25,36.68
1788656700000,2026-09-06T01:05:00Z,146.72,146.72,146.72,146.72,0,0
1788657000000,2026-09-06T01:10:00Z,146.72,146.72,146.72,146.72,0,0
1788657300000,2026-09-06T01:15:00Z,146.72,146.72,146.72,146.72,0,0
1788657600000,2026-09-06T01:20:00Z,146.72,146.72,146.72,146.72,0,0
1788657900000,2026-09-06T01:25:00Z,146.72,146.72,146.72,146.72,0,0
1788658200000,2026-09-06T01:30:00Z,146.72,146.72,146.72,146.72,0,0
1788658500000,2026-09-06T01:35:00Z,146.72,146.72,146.72,146.72,0,0
1788658800000,2026-09-06T01:40:00Z,146.72,146.72,146.72,146.72,0,0
1788659100000,2026-09-06T01:45:00Z,146.72,146.72,146.72,146.72,0,0
1788659400000,2026-09-06T01:50:00Z,146.72,146.72,146.72,146.72,0,0
1788659700000,2026-09-06T01:55:00Z,146.72,146.72,146.72,146.72,0,0
1788660000000,2026-09-06T02:00:00Z,146.72,146.72,146.72,146.72,0,0
1788660300000,2026-09-06T02:05:00Z,146.72,146.72,146.72,146.72,0,0
1788660600000,2026-09-06T02:10:00Z,146.72,146.72,146.72,146.72,0,0
1788660900000,2026-09-06T02:15:00Z,146.72,146.72,146.72,146.72,0,0
1788661200000,2026-09-06T02:20:00Z,146.72,146.72,146.72,146.72,0,0
1788661500000,2026-09-06T02:25:00Z,146.72,146.73,146.72,146.73,0.23,33.7479
1788661800000,2026-09-06T02:30:00Z,146.73,146.73,146.73,146.73,0,0
1788662100000,2026-09-06T02:35:00Z,146.73,147.36,146.4,147,0.16,23.4864
1788662400000,2026-09-06T02:40:00Z,147,147,147,147,0,0
1788662700000,2026-09-06T02:45:00Z,147,147,146.71,146.71,0.09,13.2039
1788663000000,2026-09-06T02:50:00Z,146.71,146.71,146.71,146.71,0,0
1788663300000,2026-09-06T02:55:00Z,146.71,146.71,146.71,146.71,0,0
1788663600000,2026-09-06T03:00:00Z,146.71,146.73,146.71,146.73,0.19,27.8787
1788663900000,2026-09-06T03:05:00Z,146.73,146.73,146.72,146.72,0.18,26.4096
1788664200000,2026-09-06T03:10:00Z,146.72,146.72,146.71,146.71,0.21,30.8091
1788664500000,2026-09-06T03:15:00Z,146.71,146.73,146.71,146.73,0.23,33.7479
1788664800000,2026-09-06T03:20:00Z,146.73,147.06,146.46,146.46,0.08,11.7408
1788665100000,2026-09-06T03:25:00Z,146.46,146.46,146.46,146.46,0,0
1788665400000,2026-09-06T03:30:00Z,146.46,146.46,146.46,146.46,0,0
1788665700000,2026-09-06T03:35:00Z,146.46,146.7,146.46,146.7,0.12,17.604
1788666000000,2026-09-06T03:40:00Z,146.7,146.7,146.7,146.7,0.07,10.269
1788666300000,2026-09-06T03:45:00Z,146.7,146.7,146.7,146.7,0,0
1788666600000,2026-09-06T03:50:00Z,146.7,146.7,146.7,146.7,0,0
1788666900000,2026-09-06T03:55:00Z,146.7,146.7,146.7,146.7,0,0
1788667200000,2026-09-06T04:00:00Z,146.7,146.7,146.7,146.7,0,0
1788667500000,2026-09-06T04:05:00Z,146.7,146.72,146.7,146.72,0.15,22.008
1788667800000,2026-09-06T04:10:00Z,146.72,146.72,146.72,146.72,0,0
1788668100000,2026-09-06T04:15:00Z,146.72,146.72,146.72,146.72,0,0
1788668400000,2026-09-06T04:20:00Z,146.72,146.72,146.72,146.72,0,0
1788668700000,2026-09-06T04:25:00Z,146.72,146.72,146.72,146.72,0,0
1788669000000,2026-09-06T04:30:00Z,146.72,146.72,146.72,146.72,0,0
1788669300000,2026-09-06T04:35:00Z,146.72,146.72,146.72,146.72,0,0
1788669600000,2026-09-06T04:40:00Z,146.72,146.72,146.72,146.72,0,0
1788669900000,2026-09-06T04:45:00Z,146.72,146.72,146.72,146.72,0.25,36.68
1788670200000,2026-09-06T04:50:00Z,146.72,146.72,146.72,146.72,0,0
1788670500000,2026-09-06T04:55:00Z,146.72,146.72,146.72,146.72,0,0
1788670800000,2026-09-06T05:00:00Z,146.72,146.72,146.71,146.71,0.16,23.4736
1788671100000,2026-09-06T05:05:00Z,146.71,146.71,146.71,146.71,0,0
1788671400000,2026-09-06T05:10:00Z,146.71,146.71,146.71,146.71,0,0
1788671700000,2026-09-06T05:15:00Z,146.71,146.71,146.71,146.71,0,0
1788672000000,2026-09-06T05:20:00Z,146.71,146.71,146.71,146.71,0,0
1788672300000,2026-09-06T05:25:00Z,146.71,146.71,146.71,146.71,0,0
1788672600000,2026-09-06T05:30:00Z,146.71,146.71,146.71,146.71,0,0
1788672900000,2026-09-06T05:35:00Z,146.71,146.71,146.71,146.71,0,0
1788673200000,2026-09-06T05:40:00Z,146.71,146.72,146.71,146.72,0.2,29.344
1788673500000,2026-09-06T05:45:00Z,146.72,146.72,146.72,146.72,0,0
1788673800000,2026-09-06T05:50:00Z,146.72,146.72,146.72,146.72,0,0
1788674100000,2026-09-06T05:55:00Z,146.72,146.72,146.72,146.72,0,0
1788674400000,2026-09-06T06:00:00Z,146.72,146.72,146.72,146.72,0,0
1788674700000,2026-09-06T06:05:00Z,146.72,146.72,146.72,146.72,0,0
1788675000000,2026-09-06T06:10:00Z,146.72,146.73,146.72,146.73,0.22,32.2806
1788675300000,2026-09-06T06:15:00Z,146.73,146.73,146.73,146.73,0,0
1788675600000,2026-09-06T06:20:00Z,146.73,146.73,146.73,146.73,0,0
1788675900000,2026-09-06T06:25:00Z,146.73,146.73,146.71,146.71,0.2,29.342
1788676200000,2026-09-06T06:30:00Z,146.71,146.72,146.71,146.72,0.24,35.2128
1788676500000,2026-09-06T06:35:00Z,146.72,146.72,146.71,146.71,0.15,22.0065
1788676800000,2026-09-06T06:40:00Z,146.71,146.71,146.71,146.71,0,0
1788677100000,2026-09-06T06:45:00Z,146.71,146.71,146.71,146.71,0,0
1788677400000,2026-09-06T06:50:00Z,146.71,146.71,146.71,146.71,0,0
1788677700000,2026-09-06T06:55:00Z,146.71,146.71,146.71,146.71,0,0
1788678000000,2026-09-06T07:00:00Z,146.71,146.71,146.71,146.71,0,0
1788678300000,2026-09-06T07:05:00Z,146.71,146.71,146.71,146.71,0.11,16.1381
1788678600000,2026-09-06T07:10:00Z,146.71,147.41,146.71,146.96,1.53,225.384
1788678900000,2026-09-06T07:15:00Z,146.96,146.96,146.96,146.96,0,0
1788679200000,2026-09-06T07:20:00Z,146.96,146.96,146.96,146.96,0,0
1788679500000,2026-09-06T07:25:00Z,146.96,147.37,146.96,147.37,0.16,23.5792
1788679800000,2026-09-06T07:30:00Z,147.37,147.4,147.37,147.4,0.14,20.636
1788680100000,2026-09-06T07:35:00Z,147.4,147.4,147.38,147.38,0.09,13.2642
1788680400000,2026-09-06T07:40:00Z,147.38,147.38,147.38,147.38,0,0
1788680700000,2026-09-06T07:45:00Z,147.38,147.38,147.38,147.38,0,0
1788681000000,2026-09-06T07:50:00Z,147.38,147.38,147.36,147.36,0.1,14.736
1788681300000,2026-09-06T07:55:00Z,147.36,147.36,147.36,147.36,0.22,32.4192
1788681600000,2026-09-06T08:00:00Z,147.36,147.41,147.36,147.41,0.27,39.8007
1788681900000,2026-09-06T08:05:00Z,147.41,147.41,147.41,147.41,0,0
1788682200000,2026-09-06T08:10:00Z,147.41,147.41,147.41,147.41,0,0
1788682500000,2026-09-06T08:15:00Z,147.41,147.41,147.41,147.41,0,0
1788682800000,2026-09-06T08:20:00Z,147.41,147.41,147.37,147.37,0.09,13.2633
1788683100000,2026-09-06T08:25:00Z,147.37,147.37,147.37,147.37,0,0
1788683400000,2026-09-06T08:30:00Z,147.37,147.41,147.04,147.04,0.52,76.557
1788683700000,2026-09-06T08:35:00Z,147.04,147.36,147.04,147.05,0.32,47.1056
1788684000000,2026-09-06T08:40:00Z,147.05,147.33,147.05,147.33,0.08,11.7864
1788684300000,2026-09-06T08:45:00Z,147.33,147.33,146.96,146.96,0.18,26.4663
1788684600000,2026-09-06T08:50:00Z,146.96,146.96,146.96,146.96,0,0
1788684900000,2026-09-06T08:55:00Z,146.96,146.96,146.96,146.96,0,0
1788685200000,2026-09-06T09:00:00Z,146.96,147.33,146.96,147.33,0.11,16.2063
1788685500000,2026-09-06T09:05:00Z,147.33,147.33,147.33,147.33,0,0
1788685800000,2026-09-06T09:10:00Z,147.33,147.33,147.33,147.33,0,0
1788686100000,2026-09-06T09:15:00Z,147.33,147.33,147.33,147.33,0,0
1788686400000,2026-09-06T09:20:00Z,147.33,147.33,147.33,147.33,0.13,19.1529
1788686700000,2026-09-06T09:25:00Z,147.33,147.33,147.31,147.31,0.24,35.3544
1788687000000,2026-09-06T09:30:00Z,147.31,147.31,147.31,147.31,0,0
1788687300000,2026-09-06T09:35:00Z,147.31,147.33,147.07,147.22,0.44,64.7746
1788687600000,2026-09-06T09:40:00Z,147.22,147.22,147.22,147.22,0,0
1788687900000,2026-09-06T09:45:00Z,147.22,147.22,147.22,147.22,0,0
1788688200000,2026-09-06T09:50:00Z,147.22,147.22,147.22,147.22,0,0
1788688500000,2026-09-06T09:55:00Z,147.22,147.38,147.22,147.38,0.24,35.3712
1788688800000,2026-09-06T10:00:00Z,147.38,147.38,147.06,147.06,0.24,35.3328
1788689100000,2026-09-06T10:05:00Z,147.06,147.4,147.06,147.07,0.44,64.7834
1788689400000,2026-09-06T10:10:00Z,147.07,147.07,147.07,147.07,0,0
1788689700000,2026-09-06T10:15:00Z,147.07,147.4,147.07,147.08,0.08,11.7792
1788690000000,2026-09-06T10:20:00Z,147.08,147.08,147.08,147.08,0,0
1788690300000,2026-09-06T10:25:00Z,147.08,147.08,147.08,147.08,0,0
1788690600000,2026-09-06T10:30:00Z,147.08,147.08,147.08,147.08,0,0
1788690900000,2026-09-06T10:35:00Z,147.08,147.39,147.08,147.39,0.2,29.478
1788691200000,2026-09-06T10:40:00Z,147.39,147.41,147.08,147.08,0.14,20.6143
1788691500000,2026-09-06T10:45:00Z,147.08,147.08,147.08,147.08,0,0
1788691800000,2026-09-06T10:50:00Z,147.08,147.34,147.08,147.34,0.22,32.4148
1788692100000,2026-09-06T10:55:00Z,147.34,147.34,147.34,147.34,0,0
1788692400000,2026-09-06T11:00:00Z,147.34,147.34,147.34,147.34,0,0
1788692700000,2026-09-06T11:05:00Z,147.34,147.34,147.34,147.34,0,0
1788693000000,2026-09-06T11:10:00Z,147.34,147.34,147.34,147.34,0,0
1788693300000,2026-09-06T11:15:00Z,147.34,147.34,147.34,147.34,0,0
1788693600000,2026-09-06T11:20:00Z,147.34,147.34,147.34,147.34,0,0
1788693900000,2026-09-06T11:25:00Z,147.34,147.34,147.34,147.34,0,0
1788694200000,2026-09-06T11:30:00Z,147.34,147.34,147.34,147.34,0,0
1788694500000,2026-09-06T11:35:00Z,147.34,147.34,147.34,147.34,0,0
1788694800000,2026-09-06T11:40:00Z,147.34,147.34,147.34,147.34,0,0
1788695100000,2026-09-06T11:45:00Z,147.34,147.34,147.34,147.34,0,0
1788695400000,2026-09-06T11:50:00Z,147.34,147.34,147.34,147.34,0,0
1788695700000,2026-09-06T11:55:00Z,147.34,147.34,147.34,147.34,0,0
1788696000000,2026-09-06T12:00:00Z,147.34,147.34,147.34,147.34,0,0
1788696300000,2026-09-06T12:05:00Z,147.34,147.34,147.34,147.34,0,0
1788696600000,2026-09-06T12:10:00Z,147.34,147.34,147.34,147.34,0,0
1788696900000,2026-09-06T12:15:00Z,147.34,147.34,147.34,147.34,0,0
1788697200000,2026-09-06T12:20:00Z,147.34,147.34,147.34,147.34,0,0
1788697500000,2026-09-06T12:25:00Z,147.34,147.34,147.34,147.34,0,0
1788697800000,2026-09-06T12:30:00Z,147.34,147.39,147.34,147.39,0.14,20.6346
1788698100000,2026-09-06T12:35:00Z,147.39,147.39,147.35,147.35,0.19,27.9965
1788698400000,2026-09-06T12:40:00Z,147.35,147.35,147.35,147.35,0,0
1788698700000,2026-09-06T12:45:00Z,147.35,147.41,147.35,147.41,0.13,19.1633
1788699000000,2026-09-06T12:50:00Z,147.41,147.41,147.41,147.41,0,0
1788699300000,2026-09-06T12:55:00Z,147.41,147.41,147.41,147.41,0,0
1788699600000,2026-09-06T13:00:00Z,147.41,147.41,147.41,147.41,0,0
1788699900000,2026-09-06T13:05:00Z,147.41,147.41,147.34,147.34,0.06,8.8404
1788700200000,2026-09-06T13:10:00Z,147.34,147.34,147.34,147.34,0,0
1788700500000,2026-09-06T13:15:00Z,147.34,147.34,147.34,147.34,0,0
1788700800000,2026-09-06T13:20:00Z,147.34,147.35,147.34,147.35,0.26,38.311
1788701100000,2026-09-06T13:25:00Z,147.35,147.35,147.35,147.35,0,0
1788701400000,2026-09-06T13:30:00Z,147.35,147.35,147.35,147.35,0,0
1788701700000,2026-09-06T13:35:00Z,147.35,147.35,147.35,147.35,0,0
1788702000000,2026-09-06T13:40:00Z,147.35,147.4,147.09,147.09,0.22,32.3939
1788702300000,2026-09-06T13:45:00Z,147.09,147.09,147.09,147.09,0,0
1788702600000,2026-09-06T13:50:00Z,147.09,147.09,147.09,147.09,0,0
1788702900000,2026-09-06T13:55:00Z,147.09,147.37,147.09,147.09,0.14,20.6122
1788703200000,2026-09-06T14:00:00Z,147.09,147.09,147.09,147.09,0,0
1788703500000,2026-09-06T14:05:00Z,147.09,147.37,147.09,147.37,0.18,26.5266
1788703800000,2026-09-06T14:10:00Z,147.37,147.39,147.37,147.39,0.12,17.6868
1788704100000,2026-09-06T14:15:00Z,147.39,147.4,147.09,147.09,0.39,57.4426
1788704400000,2026-09-06T14:20:00Z,147.09,147.09,147.09,147.09,0,0
1788704700000,2026-09-06T14:25:00Z,147.09,147.38,147.09,147.38,0.18,26.5284
1788705000000,2026-09-06T14:30:00Z,147.38,147.38,147.38,147.38,0,0
1788705300000,2026-09-06T14:35:00Z,147.38,147.38,147.38,147.38,0,0
1788705600000,2026-09-06T14:40:00Z,147.38,147.38,147.38,147.38,0,0
1788705900000,2026-09-06T14:45:00Z,147.38,147.38,147.36,147.36,0.22,32.4192
1788706200000,2026-09-06T14:50:00Z,147.36,147.36,147.36,147.36,0.24,35.3664
1788706500000,2026-09-06T14:55:00Z,147.36,147.36,147.36,147.36,0,0
1788706800000,2026-09-06T15:00:00Z,147.36,147.36,147.36,147.36,0,0
1788707100000,2026-09-06T15:05:00Z,147.36,147.36,147.36,147.36,0,0
1788707400000,2026-09-06T15:10:00Z,147.36,147.38,147.36,147.38,0.19,28.0022
1788707700000,2026-09-06T15:15:00Z,147.38,147.38,147.35,147.35,0.09,13.2615
1788708000000,2026-09-06T15:20:00Z,147.35,147.35,147.35,147.35,0,0
1788708300000,2026-09-06T15:25:00Z,147.35,147.35,147.35,147.35,0,0
1788708600000,2026-09-06T15:30:00Z,147.35,147.39,147.35,147.35,3.07,452.3673
1788708900000,2026-09-06T15:35:00Z,147.35,147.35,147.35,147.35,0,0
1788709200000,2026-09-06T15:40:00Z,147.35,147.35,147.35,147.35,0,0
1788709500000,2026-09-06T15:45:00Z,147.35,147.35,147.35,147.35,0,0
1788709800000,2026-09-06T15:50:00Z,147.35,147.4,147.35,147.4,0.11,16.214
1788710100000,2026-09-06T15:55:00Z,147.4,147.4,147.35,147.35,0.15,22.1025
1788710400000,2026-09-06T16:00:00Z,147.35,147.35,147.35,147.35,0,0
1788710700000,2026-09-06T16:05:00Z,147.35,147.38,147.35,147.38,0.22,32.4236
1788711000000,2026-09-06T16:10:00Z,147.38,147.38,147.35,147.35,0.25,36.8375
1788711300000,2026-09-06T16:15:00Z,147.35,147.35,146.55,146.55,1.18,173.447
1788711600000,2026-09-06T16:20:00Z,146.55,147.47,146.55,147.47,0.36,52.9794
1788711900000,2026-09-06T16:25:00Z,147.47,147.47,146.82,146.82,0.19,27.8958
1788712200000,2026-09-06T16:30:00Z,146.82,146.82,146.82,146.82,0.14,20.5548
1788712500000,2026-09-06T16:35:00Z,146.82,146.82,146.82,146.82,0,0
1788712800000,2026-09-06T16:40:00Z,146.82,146.82,146.82,146.82,0,0
1788713100000,2026-09-06T16:45:00Z,146.82,146.82,146.82,146.82,0.27,39.6414
1788713400000,2026-09-06T16:50:00Z,146.82,146.83,146.82,146.83,0.1,14.683
1788713700000,2026-09-06T16:55:00Z,146.83,146.83,146.83,146.83,0,0
1788714000000,2026-09-06T17:00:00Z,146.83,146.83,146.83,146.83,0,0
1788714300000,2026-09-06T17:05:00Z,146.83,146.83,146.83,146.83,0,0
1788714600000,2026-09-06T17:10:00Z,146.83,146.83,146.82,146.82,0.19,27.8958
1788714900000,2026-09-06T17:15:00Z,146.82,146.82,146.82,146.82,0.21,30.8322
1788715200000,2026-09-06T17:20:00Z,146.82,146.82,146.82,146.82,0,0
1788715500000,2026-09-06T17:25:00Z,146.82,146.82,146.82,146.82,0.25,36.705
1788715800000,2026-09-06T17:30:00Z,146.82,146.85,146.82,146.85,0.13,19.0905
1788716100000,2026-09-06T17:35:00Z,146.85,146.85,146.85,146.85,0,0
1788716400000,2026-09-06T17:40:00Z,146.85,146.85,146.84,146.84,0.25,36.71
1788716700000,2026-09-06T17:45:00Z,146.84,146.85,146.84,146.85,0.07,10.2795
1788717000000,2026-09-06T17:50:00Z,146.85,146.85,146.84,146.84,0.07,10.2788
1788717300000,2026-09-06T17:55:00Z,146.84,146.84,146.84,146.84,0.17,24.9628
1788717600000,2026-09-06T18:00:00Z,146.84,146.84,146.84,146.84,0,0
1788717900000,2026-09-06T18:05:00Z,146.84,146.84,146.84,146.84,0,0
1788718200000,2026-09-06T18:10:00Z,146.84,146.84,146.84,146.84,0,0
1788718500000,2026-09-06T18:15:00Z,146.84,146.84,146.84,146.84,0.18,26.4312
1788718800000,2026-09-06T18:20:00Z,146.84,146.84,146.84,146.84,0,0
1788719100000,2026-09-06T18:25:00Z,146.84,146.84,146.84,146.84,0,0
1788719400000,2026-09-06T18:30:00Z,146.84,146.84,146.84,146.84,0,0
1788719700000,2026-09-06T18:35:00Z,146.84,146.85,146.84,146.85,0.12,17.622
1788720000000,2026-09-06T18:40:00Z,146.85,146.85,146.85,146.85,0,0
1788720300000,2026-09-06T18:45:00Z,146.85,146.85,146.85,146.85,0,0
1788720600000,2026-09-06T18:50:00Z,146.85,146.85,146.85,146.85,0,0
1788720900000,2026-09-06T18:55:00Z,146.85,146.85,146.85,146.85,0,0
1788721200000,2026-09-06T19:00:00Z,146.85,146.85,146.85,146.85,0,0
1788721500000,2026-09-06T19:05:00Z,146.85,146.85,146.85,146.85,0,0
1788721800000,2026-09-06T19:10:00Z,146.85,146.85,146.85,146.85,0,0
1788722100000,2026-09-06T19:15:00Z,146.85,146.85,146.85,146.85,0,0
1788722400000,2026-09-06T19:20:00Z,146.85,146.86,146.85,146.86,0.25,36.715
1788722700000,2026-09-06T19:25:00Z,146.86,146.86,146.86,146.86,0,0
1788723000000,2026-09-06T19:30:00Z,146.86,146.86,146.86,146.86,0,0
1788723300000,2026-09-06T19:35:00Z,146.86,146.87,146.86,146.87,0.17,24.9679
1788723600000,2026-09-06T19:40:00Z,146.87,146.87,146.87,146.87,0.14,20.5618
1788723900000,2026-09-06T19:45:00Z,146.87,146.87,146.87,146.87,0,0
1788724200000,2026-09-06T19:50:00Z,146.87,146.87,146.87,146.87,0,0
1788724500000,2026-09-06T19:55:00Z,146.87,146.88,146.87,146.88,0.18,26.4384
1788724800000,2026-09-06T20:00:00Z,146.88,146.88,146.88,146.88,0,0
1788725100000,2026-09-06T20:05:00Z,146.88,146.88,146.88,146.88,0,0
1788725400000,2026-09-06T20:10:00Z,146.88,146.88,146.83,146.83,0.13,19.0879
1788725700000,2026-09-06T20:15:00Z,146.83,146.83,146.83,146.83,0.15,22.0245
1788726000000,2026-09-06T20:20:00Z,146.83,146.83,146.83,146.83,0,0
1788726300000,2026-09-06T20:25:00Z,146.83,146.83,146.83,146.83,0,0
1788726600000,2026-09-06T20:30:00Z,146.83,146.83,146.83,146.83,0,0
1788726900000,2026-09-06T20:35:00Z,146.83,146.83,146.82,146.82,0.11,16.1502
1788727200000,2026-09-06T20:40:00Z,146.82,146.82,146.82,146.82,0,0
1788727500000,2026-09-06T20:45:00Z,146.82,146.82,146.82,146.82,0,0
1788727800000,2026-09-06T20:50:00Z,146.82,146.83,146.82,146.83,0.16,23.4928
1788728100000,2026-09-06T20:55:00Z,146.83,146.83,146.82,146.82,0.21,30.8322
1788728400000,2026-09-06T21:00:00Z,146.82,146.82,146.82,146.82,0,0
1788728700000,2026-09-06T21:05:00Z,146.82,146.82,146.82,146.82,0,0
1788729000000,2026-09-06T21:10:00Z,146.82,146.82,146.82,146.82,0,0
1788729300000,2026-09-06T21:15:00Z,146.82,146.82,146.82,146.82,0,0
1788729600000,2026-09-06T21:20:00Z,146.82,146.82,146.82,146.82,0,0
1788729900000,2026-09-06T21:25:00Z,146.82,147.42,146.82,147.42,2.07,305.1594
1788730200000,2026-09-06T21:30:00Z,147.42,147.42,147.42,147.42,0,0
1788730500000,2026-09-06T21:35:00Z,147.42,147.42,147.42,147.42,0,0
1788730800000,2026-09-06T21:40:00Z,147.42,147.42,147.37,147.37,0.14,20.6318
1788731100000,2026-09-06T21:45:00Z,147.37,147.37,147.37,147.37,0,0
1788731400000,2026-09-06T21:50:00Z,147.37,147.4,147.37,147.4,0.25,36.85
1788731700000,2026-09-06T21:55:00Z,147.4,147.43,147.4,147.43,0.19,28.0117
1788732000000,2026-09-06T22:00:00Z,147.43,147.43,147.43,147.43,0,0
1788732300000,2026-09-06T22:05:00Z,147.43,147.43,147.42,147.42,0.14,20.6388
1788732600000,2026-09-06T22:10:00Z,147.42,147.42,147.37,147.37,0.21,30.9477
1788732900000,2026-09-06T22:15:00Z,147.37,147.39,147.37,147.39,0.15,22.1085
1788733200000,2026-09-06T22:20:00Z,147.39,147.39,147.39,147.39,0,0
1788733500000,2026-09-06T22:25:00Z,147.39,147.43,147.39,147.43,0.07,10.3201
1788733800000,2026-09-06T22:30:00Z,147.43,147.43,147.43,147.43,0,0
1788734100000,2026-09-06T22:35:00Z,147.43,147.43,147.41,147.41,0.11,16.2151
1788734400000,2026-09-06T22:40:00Z,147.41,147.41,147.41,147.41,0,0
1788734700000,2026-09-06T22:45:00Z,147.41,147.41,147.4,147.4,0.15,22.11
1788735000000,2026-09-06T22:50:00Z,147.4,147.4,147.4,147.4,0,0
1788735300000,2026-09-06T22:55:00Z,147.4,147.41,147.4,147.41,0.09,13.2669
1788735600000,2026-09-06T23:00:00Z,147.41,147.41,147.41,147.41,0,0
1788735900000,2026-09-06T23:05:00Z,147.41,147.41,147.41,147.41,0,0
1788736200000,2026-09-06T23:10:00Z,147.41,147.41,147.41,147.41,0,0
1788736500000,2026-09-06T23:15:00Z,147.41,147.41,147.41,147.41,0,0
1788736800000,2026-09-06T23:20:00Z,147.41,147.41,147.41,147.41,0,0
1788737100000,2026-09-06T23:25:00Z,147.41,147.41,147.41,147.41,0,0
1788737400000,2026-09-06T23:30:00Z,147.41,147.41,147.41,147.41,0,0
1788737700000,2026-09-06T23:35:00Z,147.41,147.41,147.41,147.41,0,0
1788738000000,2026-09-06T23:40:00Z,147.41,147.41,147.41,147.41,0,0
1788738300000,2026-09-06T23:45:00Z,147.41,147.41,147.41,147.41,0,0
1788738600000,2026-09-06T23:50:00Z,147.41,147.41,147.41,147.41,0,0
1788738900000,2026-09-06T23:55:00Z,147.41,147.41,147.41,147.41,0,0
1788739200000,2026-09-07T00:00:00Z,147.41,147.41,147.39,147.39,0.13,19.1607
1788739500000,2026-09-07T00:05:00Z,147.39,147.39,147.39,147.39,0,0
1788739800000,2026-09-07T00:10:00Z,147.39,147.39,147.39,147.39,0,0
1788740100000,2026-09-07T00:15:00Z,147.39,147.39,147.25,147.25,0.14,20.615
1788740400000,2026-09-07T00:20:00Z,147.25,147.25,147.25,147.25,0,0
1788740700000,2026-09-07T00:25:00Z,147.25,147.25,147.25,147.25,0,0
1788741000000,2026-09-07T00:30:00Z,147.25,147.25,147.25,147.25,0,0
1788741300000,2026-09-07T00:35:00Z,147.25,147.25,147.07,147.07,0.17,25.0019
1788741600000,2026-09-07T00:40:00Z,147.07,147.08,146.79,146.79,0.28,41.1679
1788741900000,2026-09-07T00:45:00Z,146.79,146.79,146.79,146.79,0,0
1788742200000,2026-09-07T00:50:00Z,146.79,146.79,146.79,146.79,0,0
1788742500000,2026-09-07T00:55:00Z,146.79,146.79,146.79,146.79,0,0
1788742800000,2026-09-07T01:00:00Z,146.79,146.79,146.79,146.79,0,0
1788743100000,2026-09-07T01:05:00Z,146.79,146.83,146.79,146.83,0.26,38.1758
1788743400000,2026-09-07T01:10:00Z,146.83,147.24,146.83,147.24,0.34,50.0089
1788743700000,2026-09-07T01:15:00Z,147.24,147.24,146.8,146.8,0.52,76.4504
1788744000000,2026-09-07T01:20:00Z,146.8,146.8,146.8,146.8,0,0
1788744300000,2026-09-07T01:25:00Z,146.8,146.8,146.8,146.8,0,0
1788744600000,2026-09-07T01:30:00Z,146.8,147.23,146.8,147.23,0.42,61.7684
1788744900000,2026-09-07T01:35:00Z,147.23,147.23,147.23,147.23,0,0
1788745200000,2026-09-07T01:40:00Z,147.23,147.23,147.23,147.23,0,0
1788745500000,2026-09-07T01:45:00Z,147.23,147.23,147.23,147.23,0,0
1788745800000,2026-09-07T01:50:00Z,147.23,147.23,146.89,146.89,0.26,38.1914
1788746100000,2026-09-07T01:55:00Z,146.89,146.89,146.89,146.89,0,0
1788746400000,2026-09-07T02:00:00Z,146.89,146.99,146.89,146.99,0.14,20.5786
1788746700000,2026-09-07T02:05:00Z,146.99,146.99,146.99,146.99,0,0
1788747000000,2026-09-07T02:10:00Z,146.99,146.99,146.99,146.99,0,0
1788747300000,2026-09-07T02:15:00Z,146.99,146.99,146.99,146.99,0,0
1788747600000,2026-09-07T02:20:00Z,146.99,147.09,146.79,146.79,0.16,23.5164
1788747900000,2026-09-07T02:25:00Z,146.79,146.85,146.79,146.85,0.07,10.2795
1788748200000,2026-09-07T02:30:00Z,146.85,147.18,146.85,147.18,0.08,11.7744
1788748500000,2026-09-07T02:35:00Z,147.18,147.18,147.18,147.18,0,0
1788748800000,2026-09-07T02:40:00Z,147.18,147.18,146.79,146.79,0.22,32.3516
1788749100000,2026-09-07T02:45:00Z,146.79,146.94,146.79,146.94,0.15,22.041
1788749400000,2026-09-07T02:50:00Z,146.94,146.94,146.94,146.94,0,0
1788749700000,2026-09-07T02:55:00Z,146.94,146.94,146.85,146.85,0.19,27.9015
1788750000000,2026-09-07T03:00:00Z,146.85,146.85,146.85,146.85,0,0
1788750300000,2026-09-07T03:05:00Z,146.85,146.85,146.85,146.85,0,0
1788750600000,2026-09-07T03:10:00Z,146.85,146.85,146.85,146.85,0,0
1788750900000,2026-09-07T03:15:00Z,146.85,146.9,146.85,146.9,0.2,29.38
1788751200000,2026-09-07T03:20:00Z,146.9,146.9,146.9,146.9,0,0
1788751500000,2026-09-07T03:25:00Z,146.9,147.14,146.9,147.14,0.18,26.4852
1788751800000,2026-09-07T03:30:00Z,147.14,147.14,146.93,146.93,0.22,32.3246
1788752100000,2026-09-07T03:35:00Z,146.93,146.93,146.93,146.93,0,0
1788752400000,2026-09-07T03:40:00Z,146.93,147.26,146.81,147.26,0.52,76.4582
1788752700000,2026-09-07T03:45:00Z,147.26,147.26,146.85,147.26,0.23,33.7919
1788753000000,2026-09-07T03:50:00Z,147.26,147.26,147.26,147.26,0,0
1788753300000,2026-09-07T03:55:00Z,147.26,147.26,146.93,146.93,0.19,27.9167
1788753600000,2026-09-07T04:00:00Z,146.93,147.17,146.81,146.81,0.24,35.2776
1788753900000,2026-09-07T04:05:00Z,146.81,146.81,146.81,146.81,0,0
1788754200000,2026-09-07T04:10:00Z,146.81,146.81,146.81,146.81,0,0
1788754500000,2026-09-07T04:15:00Z,146.81,146.81,146.81,146.81,0,0
1788754800000,2026-09-07T04:20:00Z,146.81,147.13,146.81,146.82,0.28,41.153
1788755100000,2026-09-07T04:25:00Z,146.82,147.04,146.82,147.04,0.19,27.9376
1788755400000,2026-09-07T04:30:00Z,147.04,147.04,147.04,147.04,0,0
1788755700000,2026-09-07T04:35:00Z,147.04,147.04,147.04,147.04,0,0
1788756000000,2026-09-07T04:40:00Z,147.04,147.04,147.04,147.04,0,0
1788756300000,2026-09-07T04:45:00Z,147.04,147.1,147.04,147.1,0.09,13.239
1788756600000,2026-09-07T04:50:00Z,147.1,147.1,146.93,146.93,0.21,30.8553
1788756900000,2026-09-07T04:55:00Z,146.93,146.93,146.93,146.93,0,0
1788757200000,2026-09-07T05:00:00Z,146.93,146.93,146.93,146.93,0,0
1788757500000,2026-09-07T05:05:00Z,146.93,146.93,146.93,146.93,0,0
1788757800000,2026-09-07T05:10:00Z,146.93,146.93,146.85,146.85,0.14,20.559
1788758100000,2026-09-07T05:15:00Z,146.85,146.85,146.85,146.85,0,0
1788758400000,2026-09-07T05:20:00Z,146.85,146.85,146.85,146.85,0,0
1788758700000,2026-09-07T05:25:00Z,146.85,147.54,146.85,147.54,0.2,29.4402
1788759000000,2026-09-07T05:30:00Z,147.54,147.54,147.36,147.36,0.12,17.6832
1788759300000,2026-09-07T05:35:00Z,147.36,147.36,147.36,147.36,0,0
1788759600000,2026-09-07T05:40:00Z,147.36,147.36,147.36,147.36,0,0
1788759900000,2026-09-07T05:45:00Z,147.36,147.36,147.36,147.36,0,0
1788760200000,2026-09-07T05:50:00Z,147.36,147.36,147.35,147.35,0.15,22.1025
1788760500000,2026-09-07T05:55:00Z,147.35,147.35,147.35,147.35,0,0
1788760800000,2026-09-07T06:00:00Z,147.35,147.35,147.32,147.32,0.19,27.9908
1788761100000,2026-09-07T06:05:00Z,147.32,147.32,147.32,147.32,0.26,38.3032
1788761400000,2026-09-07T06:10:00Z,147.32,147.32,147.32,147.32,0,0
1788761700000,2026-09-07T06:15:00Z,147.32,147.32,147.32,147.32,0.24,35.3568
1788762000000,2026-09-07T06:20:00Z,147.32,147.32,147.32,147.32,0,0
1788762300000,2026-09-07T06:25:00Z,147.32,147.32,147.32,147.32,0.18,26.5176
1788762600000,2026-09-07T06:30:00Z,147.32,147.32,147.32,147.32,0,0
1788762900000,2026-09-07T06:35:00Z,147.32,147.32,147.32,147.32,0,0
1788763200000,2026-09-07T06:40:00Z,147.32,147.32,147.32,147.32,0,0
1788763500000,2026-09-07T06:45:00Z,147.32,147.32,147.32,147.32,0.26,38.3032
1788763800000,2026-09-07T06:50:00Z,147.32,147.32,147.32,147.32,0.2,29.464
1788764100000,2026-09-07T06:55:00Z,147.32,147.32,147.32,147.32,0,0
1788764400000,2026-09-07T07:00:00Z,147.32,147.32,147.31,147.31,0.2,29.462
1788764700000,2026-09-07T07:05:00Z,147.31,147.31,147.31,147.31,0,0
1788765000000,2026-09-07T07:10:00Z,147.31,147.31,147.31,147.31,0,0
1788765300000,2026-09-07T07:15:00Z,147.31,147.31,147.31,147.31,0,0
1788765600000,2026-09-07T07:20:00Z,147.31,147.32,147.31,147.32,0.13,19.1516
1788765900000,2026-09-07T07:25:00Z,147.32,147.32,147.32,147.32,0.14,20.6248
1788766200000,2026-09-07T07:30:00Z,147.32,147.32,147.32,147.32,0.07,10.3124
1788766500000,2026-09-07T07:35:00Z,147.32,147.32,147.32,147.32,0,0
1788766800000,2026-09-07T07:40:00Z,147.32,147.32,147.32,147.32,0.23,33.8836
1788767100000,2026-09-07T07:45:00Z,147.32,147.32,147.32,147.32,0,0
1788767400000,2026-09-07T07:50:00Z,147.32,147.32,147.31,147.31,0.07,10.3117
1788767700000,2026-09-07T07:55:00Z,147.31,147.32,147.31,147.32,0.25,36.83
1788768000000,2026-09-07T08:00:00Z,147.32,147.32,147.32,147.32,0,0
1788768300000,2026-09-07T08:05:00Z,147.32,147.32,147.32,147.32,0,0
1788768600000,2026-09-07T08:10:00Z,147.32,147.32,147.31,147.31,0.14,20.6234
1788768900000,2026-09-07T08:15:00Z,147.31,147.31,147.31,147.31,0,0
1788769200000,2026-09-07T08:20:00Z,147.31,147.32,147.31,147.32,0.19,27.9908
1788769500000,2026-09-07T08:25:00Z,147.32,147.32,147.32,147.32,0,0
1788769800000,2026-09-07T08:30:00Z,147.32,147.32,147.32,147.32,0,0
1788770100000,2026-09-07T08:35:00Z,147.32,147.32,147.31,147.31,0.26,38.3006
1788770400000,2026-09-07T08:40:00Z,147.31,147.31,147.31,147.31,0.12,17.6772
1788770700000,2026-09-07T08:45:00Z,147.31,147.31,147.31,147.31,0,0
1788771000000,2026-09-07T08:50:00Z,147.31,147.31,147.31,147.31,0,0
1788771300000,2026-09-07T08:55:00Z,147.31,147.31,147.31,147.31,0,0
1788771600000,2026-09-07T09:00:00Z,147.31,147.35,147.31,147.35,0.22,32.417
1788771900000,2026-09-07T09:05:00Z,147.35,147.35,147.35,147.35,0,0
1788772200000,2026-09-07T09:10:00Z,147.35,147.35,147.35,147.35,0,0
1788772500000,2026-09-07T09:15:00Z,147.35,147.35,147.35,147.35,0.08,11.788
1788772800000,2026-09-07T09:20:00Z,147.35,147.35,147.35,147.35,0,0
1788773100000,2026-09-07T09:25:00Z,147.35,147.35,147.35,147.35,0,0
1788773400000,2026-09-07T09:30:00Z,147.35,147.35,147.34,147.34,0.18,26.5212
1788773700000,2026-09-07T09:35:00Z,147.34,147.34,147.34,147.34,0,0
1788774000000,2026-09-07T09:40:00Z,147.34,147.34,147.34,147.34,0.14,20.6276
1788774300000,2026-09-07T09:45:00Z,147.34,147.34,147.34,147.34,0,0
1788774600000,2026-09-07T09:50:00Z,147.34,147.35,147.34,147.35,0.1,14.735
1788774900000,2026-09-07T09:55:00Z,147.35,147.35,147.35,147.35,0.18,26.523
1788775200000,2026-09-07T10:00:00Z,147.35,147.35,147.34,147.34,0.17,25.0478
1788775500000,2026-09-07T10:05:00Z,147.34,147.34,147.34,147.34,0,0
1788775800000,2026-09-07T10:10:00Z,147.34,147.34,147.34,147.34,0,0
1788776100000,2026-09-07T10:15:00Z,147.34,147.34,147.34,147.34,0,0
1788776400000,2026-09-07T10:20:00Z,147.34,147.34,147.34,147.34,0,0
1788776700000,2026-09-07T10:25:00Z,147.34,147.34,147.34,147.34,0,0
1788777000000,2026-09-07T10:30:00Z,147.34,147.34,147.34,147.34,0,0
1788777300000,2026-09-07T10:35:00Z,147.34,147.34,147.34,147.34,0,0
1788777600000,2026-09-07T10:40:00Z,147.34,147.34,147.34,147.34,0,0
1788777900000,2026-09-07T10:45:00Z,147.34,147.34,147.34,147.34,0,0
1788778200000,2026-09-07T10:50:00Z,147.34,147.34,147.34,147.34,0,0
1788778500000,2026-09-07T10:55:00Z,147.34,147.34,147.31,147.31,0.08,11.7848
1788778800000,2026-09-07T11:00:00Z,147.31,147.35,147.31,147.35,0.12,17.682
1788779100000,2026-09-07T11:05:00Z,147.35,147.35,147.34,147.34,0.09,13.2606
1788779400000,2026-09-07T11:10:00Z,147.34,147.34,147.34,147.34,0,0
1788779700000,2026-09-07T11:15:00Z,147.34,147.34,147.34,147.34,0,0
1788780000000,2026-09-07T11:20:00Z,147.34,147.34,147.34,147.34,0,0
1788780300000,2026-09-07T11:25:00Z,147.34,147.34,147.34,147.34,0,0
1788780600000,2026-09-07T11:30:00Z,147.34,147.34,147.34,147.34,0,0
1788780900000,2026-09-07T11:35:00Z,147.34,147.34,147.34,147.34,0,0
1788781200000,2026-09-07T11:40:00Z,147.34,147.35,147.34,147.35,0.12,17.682
1788781500000,2026-09-07T11:45:00Z,147.35,147.35,147.35,147.35,0,0
1788781800000,2026-09-07T11:50:00Z,147.35,147.35,147.35,147.35,0,0
1788782100000,2026-09-07T11:55:00Z,147.35,147.35,147.35,147.35,0,0
1788782400000,2026-09-07T12:00:00Z,147.35,147.35,147.34,147.34,0.26,38.3084
1788782700000,2026-09-07T12:05:00Z,147.34,147.35,147.34,147.35,0.25,36.8375
1788783000000,2026-09-07T12:10:00Z,147.35,147.35,147.35,147.35,0,0
1788783300000,2026-09-07T12:15:00Z,147.35,147.35,147.35,147.35,0,0
1788783600000,2026-09-07T12:20:00Z,147.35,147.35,147.35,147.35,0,0
1788783900000,2026-09-07T12:25:00Z,147.35,147.36,146.21,147.05,13.23,1938.5185
1788784200000,2026-09-07T12:30:00Z,147.05,147.05,147.05,147.05,0,0
1788784500000,2026-09-07T12:35:00Z,147.05,147.05,145.76,145.76,0.38,55.5648
1788784800000,2026-09-07T12:40:00Z,145.76,145.76,145.76,145.76,0,0
1788785100000,2026-09-07T12:45:00Z,145.76,145.76,145.76,145.76,0,0
1788785400000,2026-09-07T12:50:00Z,145.76,145.76,145.76,145.76,0,0
1788785700000,2026-09-07T12:55:00Z,145.76,145.76,145.76,145.76,0,0
1788786000000,2026-09-07T13:00:00Z,145.76,146.35,145.76,146.35,0.11,16.0985
1788786300000,2026-09-07T13:05:00Z,146.35,146.35,146.35,146.35,0,0
1788786600000,2026-09-07T13:10:00Z,146.35,146.35,146.35,146.35,0,0
1788786900000,2026-09-07T13:15:00Z,146.35,146.35,146.35,146.35,0,0
1788787200000,2026-09-07T13:20:00Z,146.35,146.35,146.35,146.35,0,0
1788787500000,2026-09-07T13:25:00Z,146.35,147.03,146.35,147.03,0.64,94.0775
1788787800000,2026-09-07T13:30:00Z,147.03,147.03,145.7,146.52,0.56,81.8952
1788788100000,2026-09-07T13:35:00Z,146.52,146.52,146.52,146.52,0,0
1788788400000,2026-09-07T13:40:00Z,146.52,146.52,146.52,146.52,0,0
1788788700000,2026-09-07T13:45:00Z,146.52,146.52,146.33,146.33,0.06,8.7798
1788789000000,2026-09-07T13:50:00Z,146.33,146.33,146.33,146.33,0,0
1788789300000,2026-09-07T13:55:00Z,146.33,146.33,146.33,146.33,0,0
1788789600000,2026-09-07T14:00:00Z,146.33,146.33,146.33,146.33,0,0
1788789900000,2026-09-07T14:05:00Z,146.33,146.33,146.04,146.24,0.4,58.456
1788790200000,2026-09-07T14:10:00Z,146.24,146.24,146.09,146.09,0.23,33.6007
1788790500000,2026-09-07T14:15:00Z,146.09,146.09,146.09,146.09,0,0
1788790800000,2026-09-07T14:20:00Z,146.09,146.09,146.04,146.04,0.32,46.7328
1788791100000,2026-09-07T14:25:00Z,146.04,146.21,145.63,145.63,0.28,40.8576
1788791400000,2026-09-07T14:30:00Z,145.63,146.2,145.63,146.2,0.08,11.696
1788791700000,2026-09-07T14:35:00Z,146.2,146.2,145.81,145.81,0.17,24.7877
1788792000000,2026-09-07T14:40:00Z,145.81,145.81,145.81,145.81,0.07,10.2067
1788792300000,2026-09-07T14:45:00Z,145.81,145.81,145.81,145.81,0,0
1788792600000,2026-09-07T14:50:00Z,145.81,145.81,145.81,145.81,0,0
1788792900000,2026-09-07T14:55:00Z,145.81,145.82,145.81,145.82,0.19,27.7058
1788793200000,2026-09-07T15:00:00Z,145.82,146.05,145.82,146.05,0.18,26.289
1788793500000,2026-09-07T15:05:00Z,146.05,146.05,146.05,146.05,0,0
1788793800000,2026-09-07T15:10:00Z,146.05,146.05,145.84,145.84,0.22,32.0848
1788794100000,2026-09-07T15:15:00Z,145.84,145.84,145.84,145.84,0,0
1788794400000,2026-09-07T15:20:00Z,145.84,145.84,145.36,145.65,1.34,194.8487
1788794700000,2026-09-07T15:25:00Z,145.65,145.65,145.64,145.64,0.23,33.4972
1788795000000,2026-09-07T15:30:00Z,145.64,145.65,145.64,145.65,2.63,383.0595
1788795300000,2026-09-07T15:35:00Z,145.65,145.77,145.65,145.77,0.1,14.577
1788795600000,2026-09-07T15:40:00Z,145.77,145.77,145.75,145.75,0.27,39.3525
1788795900000,2026-09-07T15:45:00Z,145.75,145.79,145.75,145.79,0.26,37.9054
1788796200000,2026-09-07T15:50:00Z,145.79,145.79,145.79,145.79,0.19,27.7001
1788796500000,2026-09-07T15:55:00Z,145.79,145.79,145.79,145.79,0,0
1788796800000,2026-09-07T16:00:00Z,145.79,145.79,145.79,145.79,0,0
1788797100000,2026-09-07T16:05:00Z,145.79,145.79,145.79,145.79,0.24,34.9896
1788797400000,2026-09-07T16:10:00Z,145.79,146.49,145.79,146.49,0.17,24.9033
1788797700000,2026-09-07T16:15:00Z,146.49,146.49,146.49,146.49,0,0
1788798000000,2026-09-07T16:20:00Z,146.49,146.49,146.49,146.49,0,0
1788798300000,2026-09-07T16:25:00Z,146.49,146.49,146.49,146.49,0,0
1788798600000,2026-09-07T16:30:00Z,146.49,146.49,145.49,145.49,1.23,179.2927
1788798900000,2026-09-07T16:35:00Z,145.49,145.49,145.49,145.49,0,0
1788799200000,2026-09-07T16:40:00Z,145.49,146.26,145.49,146.26,0.08,11.7008
1788799500000,2026-09-07T16:45:00Z,146.26,146.26,146.23,146.23,0.07,10.2361
1788799800000,2026-09-07T16:50:00Z,146.23,146.23,146.23,146.23,0,0
1788800100000,2026-09-07T16:55:00Z,146.23,146.23,146.23,146.23,0,0
1788800400000,2026-09-07T17:00:00Z,146.23,146.48,146.07,146.48,0.26,38.0315
1788800700000,2026-09-07T17:05:00Z,146.48,146.48,145.91,145.91,0.28,40.9248
1788801000000,2026-09-07T17:10:00Z,145.91,146.22,145.91,146.22,0.1,14.622
1788801300000,2026-09-07T17:15:00Z,146.22,146.3,146.22,146.3,0.08,11.704
1788801600000,2026-09-07T17:20:00Z,146.3,146.3,146.3,146.3,0,0
1788801900000,2026-09-07T17:25:00Z,146.3,146.3,146.3,146.3,0,0
1788802200000,2026-09-07T17:30:00Z,146.3,146.3,146.3,146.3,0,0
1788802500000,2026-09-07T17:35:00Z,146.3,146.3,146.3,146.3,0,0
1788802800000,2026-09-07T17:40:00Z,146.3,146.3,146.3,146.3,0,0
1788803100000,2026-09-07T17:45:00Z,146.3,146.3,146.3,146.3,0,0
1788803400000,2026-09-07T17:50:00Z,146.3,146.3,146.3,146.3,0,0
1788803700000,2026-09-07T17:55:00Z,146.3,146.3,146.3,146.3,0,0
1788804000000,2026-09-07T18:00:00Z,146.3,146.3,146.23,146.23,0.2,29.246
1788804300000,2026-09-07T18:05:00Z,146.23,146.23,146.23,146.23,0,0
1788804600000,2026-09-07T18:10:00Z,146.23,146.23,146.23,146.23,0,0
1788804900000,2026-09-07T18:15:00Z,146.23,146.23,146.23,146.23,0,0
1788805200000,2026-09-07T18:20:00Z,146.23,146.23,146.23,146.23,0,0
1788805500000,2026-09-07T18:25:00Z,146.23,146.23,146.23,146.23,0,0
1788805800000,2026-09-07T18:30:00Z,146.23,146.23,146.23,146.23,0,0
1788806100000,2026-09-07T18:35:00Z,146.23,146.53,145.95,146.53,0.28,40.9472
1788806400000,2026-09-07T18:40:00Z,146.53,146.53,146.53,146.53,0,0
1788806700000,2026-09-07T18:45:00Z,146.53,146.53,146.08,146.08,0.15,21.912
1788807000000,2026-09-07T18:50:00Z,146.08,146.26,146.08,146.26,0.25,36.565
1788807300000,2026-09-07T18:55:00Z,146.26,146.26,146.2,146.2,0.18,26.316
1788807600000,2026-09-07T19:00:00Z,146.2,146.2,146.2,146.2,0,0
1788807900000,2026-09-07T19:05:00Z,146.2,146.35,146.2,146.35,0.18,26.343
1788808200000,2026-09-07T19:10:00Z,146.35,146.35,146.35,146.35,0,0
1788808500000,2026-09-07T19:15:00Z,146.35,146.35,146.32,146.32,0.2,29.264
1788808800000,2026-09-07T19:20:00Z,146.32,146.32,146.32,146.32,0,0
1788809100000,2026-09-07T19:25:00Z,146.32,146.32,146.32,146.32,0,0
1788809400000,2026-09-07T19:30:00Z,146.32,146.32,146.32,146.32,0,0
1788809700000,2026-09-07T19:35:00Z,146.32,146.57,146.32,146.57,12.4,1817.374
1788810000000,2026-09-07T19:40:00Z,146.57,146.73,146.57,146.73,0.06,8.8038
1788810300000,2026-09-07T19:45:00Z,146.73,146.73,146.73,146.73,0,0
1788810600000,2026-09-07T19:50:00Z,146.73,146.73,146.73,146.73,0,0
1788810900000,2026-09-07T19:55:00Z,146.73,146.73,146.73,146.73,0,0
1788811200000,2026-09-07T20:00:00Z,146.73,147.46,146.24,146.52,0.26,38.1968
1788811500000,2026-09-07T20:05:00Z,146.52,146.52,146.52,146.52,0,0
1788811800000,2026-09-07T20:10:00Z,146.52,146.55,146.52,146.55,0.11,16.1205
1788812100000,2026-09-07T20:15:00Z,146.55,146.55,146.55,146.55,0,0
1788812400000,2026-09-07T20:20:00Z,146.55,146.55,146.55,146.55,0,0
1788812700000,2026-09-07T20:25:00Z,146.55,146.55,146.55,146.55,0,0
1788813000000,2026-09-07T20:30:00Z,146.55,146.68,146.55,146.68,0.12,17.6016
1788813300000,2026-09-07T20:35:00Z,146.68,146.69,146.68,146.69,0.13,19.0697
1788813600000,2026-09-07T20:40:00Z,146.69,146.69,146.69,146.69,0,0
1788813900000,2026-09-07T20:45:00Z,146.69,146.69,146.69,146.69,0,0
1788814200000,2026-09-07T20:50:00Z,146.69,146.69,146.69,146.69,0,0
1788814500000,2026-09-07T20:55:00Z,146.69,146.69,146.69,146.69,0,0
1788814800000,2026-09-07T21:00:00Z,146.69,146.71,146.69,146.71,0.11,16.1381
1788815100000,2026-09-07T21:05:00Z,146.71,146.71,146.7,146.7,0.14,20.538
1788815400000,2026-09-07T21:10:00Z,146.7,146.7,146.7,146.7,0,0
1788815700000,2026-09-07T21:15:00Z,146.7,146.7,146.7,146.7,0,0
1788816000000,2026-09-07T21:20:00Z,146.7,146.7,146.7,146.7,0,0
1788816300000,2026-09-07T21:25:00Z,146.7,146.8,146.17,146.17,0.41,60.0152
1788816600000,2026-09-07T21:30:00Z,146.17,146.17,146.17,146.17,0,0
1788816900000,2026-09-07T21:35:00Z,146.17,146.17,146.17,146.17,0,0
1788817200000,2026-09-07T21:40:00Z,146.17,146.17,146.17,146.17,0,0
1788817500000,2026-09-07T21:45:00Z,146.17,146.17,146.17,146.17,0,0
1788817800000,2026-09-07T21:50:00Z,146.17,146.17,146.17,146.17,0,0
1788818100000,2026-09-07T21:55:00Z,146.17,147.35,146.17,146.3,2.54,372.7439
1788818400000,2026-09-07T22:00:00Z,146.3,146.3,146.3,146.3,0,0
1788818700000,2026-09-07T22:05:00Z,146.3,146.3,146.3,146.3,0,0
1788819000000,2026-09-07T22:10:00Z,146.3,146.3,146.3,146.3,0,0
1788819300000,2026-09-07T22:15:00Z,146.3,146.3,146.3,146.3,0,0
1788819600000,2026-09-07T22:20:00Z,146.3,146.3,146.3,146.3,0,0
1788819900000,2026-09-07T22:25:00Z,146.3,146.3,146.3,146.3,0,0
1788820200000,2026-09-07T22:30:00Z,146.3,146.3,146.3,146.3,0,0
1788820500000,2026-09-07T22:35:00Z,146.3,146.3,146.3,146.3,0,0
1788820800000,2026-09-07T22:40:00Z,146.3,146.3,146.3,146.3,0,0
1788821100000,2026-09-07T22:45:00Z,146.3,146.3,146.3,146.3,0,0
1788821400000,2026-09-07T22:50:00Z,146.3,146.3,146.3,146.3,0,0
1788821700000,2026-09-07T22:55:00Z,146.3,146.55,146.3,146.55,0.14,20.517
1788822000000,2026-09-07T23:00:00Z,146.55,146.55,146.55,146.55,0,0
1788822300000,2026-09-07T23:05:00Z,146.55,146.55,146.55,146.55,0,0
1788822600000,2026-09-07T23:10:00Z,146.55,146.55,146.55,146.55,0,0
1788822900000,2026-09-07T23:15:00Z,146.55,146.55,146.55,146.55,0,0
1788823200000,2026-09-07T23:20:00Z,146.55,146.71,146.55,146.71,0.25,36.6775
1788823500000,2026-09-07T23:25:00Z,146.71,146.71,146.71,146.71,0,0
1788823800000,2026-09-07T23:30:00Z,146.71,146.71,146.71,146.71,0,0
1788824100000,2026-09-07T23:35:00Z,146.71,146.72,146.71,146.72,0.25,36.68
1788824400000,2026-09-07T23:40:00Z,146.72,146.73,146.72,146.73,0.1,14.673
1788824700000,2026-09-07T23:45:00Z,146.73,146.73,146.73,146.73,0,0
1788825000000,2026-09-07T23:50:00Z,146.73,146.73,146.73,146.73,0,0
1788825300000,2026-09-07T23:55:00Z,146.73,146.73,146.73,146.73,0,0
1788825600000,2026-09-08T00:00:00Z,146.73,146.77,146.67,146.67,0.72,105.6394
1788825900000,2026-09-08T00:05:00Z,146.67,146.67,146.67,146.67,0,0
1788826200000,2026-09-08T00:10:00Z,146.67,147.5,146.67,147.5,4.8,707.6158
1788826500000,2026-09-08T00:15:00Z,147.5,147.5,147.5,147.5,0,0
1788826800000,2026-09-08T00:20:00Z,147.5,147.5,146.55,146.55,0.23,33.7065
1788827100000,2026-09-08T00:25:00Z,146.55,147.13,146.05,146.05,0.48,70.3632
1788827400000,2026-09-08T00:30:00Z,146.05,146.84,146.05,146.41,1.34,196.2644
1788827700000,2026-09-08T00:35:00Z,146.41,146.41,146.41,146.41,0,0
1788828000000,2026-09-08T00:40:00Z,146.41,146.41,146.41,146.41,0,0
1788828300000,2026-09-08T00:45:00Z,146.41,146.41,146.41,146.41,0,0
1788828600000,2026-09-08T00:50:00Z,146.41,146.41,146.17,146.17,1.14,166.6452
1788828900000,2026-09-08T00:55:00Z,146.17,146.17,146.08,146.08,0.16,23.3728
1788829200000,2026-09-08T01:00:00Z,146.08,146.8,146.07,146.07,0.24,35.1517
1788829500000,2026-09-08T01:05:00Z,146.07,146.07,146.07,146.07,0,0
1788829800000,2026-09-08T01:10:00Z,146.07,147.27,146.07,147.27,0.4,58.694
1788830100000,2026-09-08T01:15:00Z,147.27,147.27,147.27,147.27,0,0
1788830400000,2026-09-08T01:20:00Z,147.27,147.27,146.3,146.3,0.19,27.797
1788830700000,2026-09-08T01:25:00Z,146.3,147.2,145.92,147.2,0.14,20.5184
1788831000000,2026-09-08T01:30:00Z,147.2,147.2,147.2,147.2,0,0
1788831300000,2026-09-08T01:35:00Z,147.2,147.27,145.56,145.68,0.12,17.5404
1788831600000,2026-09-08T01:40:00Z,145.68,147.15,145.68,145.83,3.49,510.8575
1788831900000,2026-09-08T01:45:00Z,145.83,146.85,145.83,145.92,1.41,206.191
1788832200000,2026-09-08T01:50:00Z,145.92,145.92,145.92,145.92,0,0
1788832500000,2026-09-08T01:55:00Z,145.92,146.13,145.92,146.13,0.23,33.6099
1788832800000,2026-09-08T02:00:00Z,146.13,146.13,146.13,146.13,0,0
1788833100000,2026-09-08T02:05:00Z,146.13,146.13,146.13,146.13,0,0
1788833400000,2026-09-08T02:10:00Z,146.13,146.91,146.13,146.91,0.17,24.9149
1788833700000,2026-09-08T02:15:00Z,146.91,146.91,146.01,146.01,0.04,5.8404
1788834000000,2026-09-08T02:20:00Z,146.01,146.58,146.01,146.58,0.08,11.7264
1788834300000,2026-09-08T02:25:00Z,146.58,146.58,146.58,146.58,0,0
1788834600000,2026-09-08T02:30:00Z,146.58,146.63,146.58,146.63,0.25,36.6575
1788834900000,2026-09-08T02:35:00Z,146.63,146.63,146.63,146.63,0,0
1788835200000,2026-09-08T02:40:00Z,146.63,146.86,146.35,146.86,0.32,46.9136
1788835500000,2026-09-08T02:45:00Z,146.86,146.86,146.38,146.38,0.37,54.1637
1788835800000,2026-09-08T02:50:00Z,146.38,146.43,146.38,146.43,0.31,45.3933
1788836100000,2026-09-08T02:55:00Z,146.43,146.43,146.43,146.43,0,0
1788836400000,2026-09-08T03:00:00Z,146.43,146.62,146.3,146.62,0.38,55.6548
1788836700000,2026-09-08T03:05:00Z,146.62,146.81,146.36,146.81,0.22,32.2487
1788837000000,2026-09-08T03:10:00Z,146.81,146.81,146.56,146.56,0.14,20.5184
1788837300000,2026-09-08T03:15:00Z,146.56,146.56,146.27,146.27,0.54,79.0452
1788837600000,2026-09-08T03:20:00Z,146.27,146.27,146.27,146.27,0,0
1788837900000,2026-09-08T03:25:00Z,146.27,146.27,146.27,146.27,0,0
1788838200000,2026-09-08T03:30:00Z,146.27,146.77,146.13,146.19,2.99,437.8791
1788838500000,2026-09-08T03:35:00Z,146.19,146.19,146.19,146.19,0,0
1788838800000,2026-09-08T03:40:00Z,146.19,146.19,146.19,146.19,0,0
1788839100000,2026-09-08T03:45:00Z,146.19,146.21,146.19,146.21,0.21,30.7041
1788839400000,2026-09-08T03:50:00Z,146.21,146.21,146.21,146.21,0,0
1788839700000,2026-09-08T03:55:00Z,146.21,146.4,146.21,146.4,0.08,11.712
1788840000000,2026-09-08T04:00:00Z,146.4,146.4,145.84,145.84,0.14,20.4505
1788840300000,2026-09-08T04:05:00Z,145.84,145.84,145.84,145.84,0,0
1788840600000,2026-09-08T04:10:00Z,145.84,145.84,145.84,145.84,0,0
1788840900000,2026-09-08T04:15:00Z,145.84,145.84,145.84,145.84,0,0
1788841200000,2026-09-08T04:20:00Z,145.84,145.84,145.84,145.84,0,0
1788841500000,2026-09-08T04:25:00Z,145.84,146.16,145.84,146.16,0.07,10.2312
1788841800000,2026-09-08T04:30:00Z,146.16,146.16,146.16,146.16,0,0
1788842100000,2026-09-08T04:35:00Z,146.16,146.16,146.16,146.16,0,0
1788842400000,2026-09-08T04:40:00Z,146.16,146.56,146.16,146.56,0.3,43.914
1788842700000,2026-09-08T04:45:00Z,146.56,146.56,146.23,146.23,0.27,39.4821
1788843000000,2026-09-08T04:50:00Z,146.23,146.64,146.23,146.64,0.16,23.4368
1788843300000,2026-09-08T04:55:00Z,146.64,146.64,146.35,146.35,0.11,16.0985
1788843600000,2026-09-08T05:00:00Z,146.35,146.35,146.18,146.18,0.42,61.3966
1788843900000,2026-09-08T05:05:00Z,146.18,146.18,146.18,146.18,0,0
1788844200000,2026-09-08T05:10:00Z,146.18,146.18,146.18,146.18,0,0
1788844500000,2026-09-08T05:15:00Z,146.18,146.18,146.18,146.18,0,0
1788844800000,2026-09-08T05:20:00Z,146.18,146.18,146.18,146.18,0,0
1788845100000,2026-09-08T05:25:00Z,146.18,146.39,146.18,146.39,0.16,23.4224
1788845400000,2026-09-08T05:30:00Z,146.39,146.39,146.39,146.39,0,0
1788845700000,2026-09-08T05:35:00Z,146.39,146.39,146.38,146.38,0.25,36.595
1788846000000,2026-09-08T05:40:00Z,146.38,146.38,146.38,146.38,0,0
1788846300000,2026-09-08T05:45:00Z,146.38,146.38,146.38,146.38,0,0
1788846600000,2026-09-08T05:50:00Z,146.38,146.38,146.19,146.19,0.16,23.3904
1788846900000,2026-09-08T05:55:00Z,146.19,146.19,146.04,146.04,0.11,16.0644
1788847200000,2026-09-08T06:00:00Z,146.04,146.04,146.04,146.04,0,0
1788847500000,2026-09-08T06:05:00Z,146.04,146.04,146.04,146.04,0,0
1788847800000,2026-09-08T06:10:00Z,146.04,146.04,146.04,146.04,0,0
1788848100000,2026-09-08T06:15:00Z,146.04,146.25,146.04,146.25,0.18,26.325
1788848400000,2026-09-08T06:20:00Z,146.25,146.25,146.13,146.13,0.4,58.4552
1788848700000,2026-09-08T06:25:00Z,146.13,146.13,146.13,146.13,0,0
1788849000000,2026-09-08T06:30:00Z,146.13,146.13,146.08,146.08,0.22,32.1376
1788849300000,2026-09-08T06:35:00Z,146.08,146.31,145.15,145.15,0.4,58.292
1788849600000,2026-09-08T06:40:00Z,145.15,146.16,145.15,146.16,0.13,19.0008
1788849900000,2026-09-08T06:45:00Z,146.16,146.16,146.16,146.16,0,0
1788850200000,2026-09-08T06:50:00Z,146.16,146.16,145.34,145.34,0.22,31.9748
1788850500000,2026-09-08T06:55:00Z,145.34,145.34,145.34,145.34,0,0
1788850800000,2026-09-08T07:00:00Z,145.34,145.34,145.34,145.34,0,0
1788851100000,2026-09-08T07:05:00Z,145.34,145.34,145.34,145.34,0,0
1788851400000,2026-09-08T07:10:00Z,145.34,146.07,145.34,146.07,1.23,179.6373
1788851700000,2026-09-08T07:15:00Z,146.07,146.07,146.07,146.07,0,0
1788852000000,2026-09-08T07:20:00Z,146.07,146.4,145.59,145.59,0.24,35.0268
1788852300000,2026-09-08T07:25:00Z,145.59,145.59,145.59,145.59,0,0
1788852600000,2026-09-08T07:30:00Z,145.59,145.59,145.59,145.59,0,0
1788852900000,2026-09-08T07:35:00Z,145.59,145.59,145.59,145.59,0,0
1788853200000,2026-09-08T07:40:00Z,145.59,145.59,145.59,145.59,0,0
1788853500000,2026-09-08T07:45:00Z,145.59,145.59,145.59,145.59,0,0
1788853800000,2026-09-08T07:50:00Z,145.59,146.01,145.59,146.01,0.24,35.0424
1788854100000,2026-09-08T07:55:00Z,146.01,146.04,146.01,146.04,0.08,11.6832
1788854400000,2026-09-08T08:00:00Z,146.04,146.37,145.58,145.58,3.74,545.9166
1788854700000,2026-09-08T08:05:00Z,145.58,146.37,145.12,146.37,0.24,34.9852
1788855000000,2026-09-08T08:10:00Z,146.37,146.44,145.32,145.53,0.24,35.0154
1788855300000,2026-09-08T08:15:00Z,145.53,146.23,145.53,145.53,0.12,17.5056
1788855600000,2026-09-08T08:20:00Z,145.53,146.12,145.53,146.12,5.23,764.2076
1788855900000,2026-09-08T08:25:00Z,146.12,146.12,146.12,146.12,0,0
1788856200000,2026-09-08T08:30:00Z,146.12,146.12,146.12,146.12,0,0
1788856500000,2026-09-08T08:35:00Z,146.12,146.12,146.12,146.12,0,0
1788856800000,2026-09-08T08:40:00Z,146.12,146.12,146.12,146.12,0,0
1788857100000,2026-09-08T08:45:00Z,146.12,146.12,145.66,145.66,0.07,10.1962
1788857400000,2026-09-08T08:50:00Z,145.66,145.66,145.66,145.66,0,0
1788857700000,2026-09-08T08:55:00Z,145.66,145.77,145.66,145.77,0.09,13.1193
1788858000000,2026-09-08T09:00:00Z,145.77,145.77,145.44,145.44,0.15,21.816
1788858300000,2026-09-08T09:05:00Z,145.44,145.66,145.44,145.66,0.24,34.9584
1788858600000,2026-09-08T09:10:00Z,145.66,145.66,145.66,145.66,0,0
1788858900000,2026-09-08T09:15:00Z,145.66,145.66,145.66,145.66,0,0
1788859200000,2026-09-08T09:20:00Z,145.66,145.66,145.66,145.66,0,0
1788859500000,2026-09-08T09:25:00Z,145.66,145.66,145.6,145.6,0.18,26.208
1788859800000,2026-09-08T09:30:00Z,145.6,145.86,145.6,145.86,0.31,45.2166
1788860100000,2026-09-08T09:35:00Z,145.86,145.86,145.86,145.86,0,0
1788860400000,2026-09-08T09:40:00Z,145.86,145.86,145.86,145.86,0,0
1788860700000,2026-09-08T09:45:00Z,145.86,145.86,145.86,145.86,0,0
1788861000000,2026-09-08T09:50:00Z,145.86,145.86,145.86,145.86,0,0
1788861300000,2026-09-08T09:55:00Z,145.86,145.86,145.86,145.86,0,0
1788861600000,2026-09-08T10:00:00Z,145.86,146.15,145.86,146.15,0.1,14.615
1788861900000,2026-09-08T10:05:00Z,146.15,146.15,146.15,146.15,0,0
1788862200000,2026-09-08T10:10:00Z,146.15,146.15,146,146,0.2,29.2
1788862500000,2026-09-08T10:15:00Z,146,146,145.95,145.95,0.08,11.676
1788862800000,2026-09-08T10:20:00Z,145.95,145.95,145.95,145.95,0,0
1788863100000,2026-09-08T10:25:00Z,145.95,146.18,145.95,146.18,0.25,36.545
1788863400000,2026-09-08T10:30:00Z,146.18,146.43,146.18,146.43,0.23,33.6789
1788863700000,2026-09-08T10:35:00Z,146.43,146.43,146.24,146.36,2.07,302.9546
1788864000000,2026-09-08T10:40:00Z,146.36,146.36,146.36,146.36,0,0
1788864300000,2026-09-08T10:45:00Z,146.36,146.36,146.16,146.16,0.07,10.2312
1788864600000,2026-09-08T10:50:00Z,146.16,146.4,146.16,146.4,0.24,35.136
1788864900000,2026-09-08T10:55:00Z,146.4,146.44,146.4,146.44,0.26,38.0744
1788865200000,2026-09-08T11:00:00Z,146.44,146.44,146.2,146.2,0.15,21.93
1788865500000,2026-09-08T11:05:00Z,146.2,146.2,146.2,146.2,0,0
1788865800000,2026-09-08T11:10:00Z,146.2,146.48,145.98,146.48,0.32,46.7936
1788866100000,2026-09-08T11:15:00Z,146.48,146.48,146.21,146.21,0.23,33.6283
1788866400000,2026-09-08T11:20:00Z,146.21,146.21,146.21,146.21,0,0
1788866700000,2026-09-08T11:25:00Z,146.21,146.23,146.21,146.23,0.17,24.8591
1788867000000,2026-09-08T11:30:00Z,146.23,146.23,146.23,146.23,0,0
1788867300000,2026-09-08T11:35:00Z,146.23,146.23,146.23,146.23,0,0
1788867600000,2026-09-08T11:40:00Z,146.23,146.42,146.04,146.04,0.4,58.4502
1788867900000,2026-09-08T11:45:00Z,146.04,146.04,146.04,146.04,0,0
1788868200000,2026-09-08T11:50:00Z,146.04,146.13,145.85,145.85,0.14,20.4386
1788868500000,2026-09-08T11:55:00Z,145.85,145.85,145.85,145.85,0,0
1788868800000,2026-09-08T12:00:00Z,145.85,146.69,145.85,146.69,0.88,128.826
1788869100000,2026-09-08T12:05:00Z,146.69,146.69,146.69,146.69,0,0
1788869400000,2026-09-08T12:10:00Z,146.69,146.69,146.69,146.69,0,0
1788869700000,2026-09-08T12:15:00Z,146.69,146.69,146.69,146.69,0,0
1788870000000,2026-09-08T12:20:00Z,146.69,146.69,146.69,146.69,0,0
1788870300000,2026-09-08T12:25:00Z,146.69,146.69,146.69,146.69,0,0
1788870600000,2026-09-08T12:30:00Z,146.69,146.69,146.69,146.69,0,0
1788870900000,2026-09-08T12:35:00Z,146.69,146.69,146.69,146.69,0,0
1788871200000,2026-09-08T12:40:00Z,146.69,146.69,146.26,146.26,0.19,27.7894
1788871500000,2026-09-08T12:45:00Z,146.26,146.26,146.09,146.09,0.11,16.0699
1788871800000,2026-09-08T12:50:00Z,146.09,146.32,146.09,146.09,0.29,42.3868
1788872100000,2026-09-08T12:55:00Z,146.09,146.09,146.09,146.09,0,0
1788872400000,2026-09-08T13:00:00Z,146.09,146.09,146.09,146.09,0,0
1788872700000,2026-09-08T13:05:00Z,146.09,146.09,146.09,146.09,0,0
1788873000000,2026-09-08T13:10:00Z,146.09,146.09,146.09,146.09,0,0
1788873300000,2026-09-08T13:15:00Z,146.09,146.35,146.09,146.35,10,1463.35
1788873600000,2026-09-08T13:20:00Z,146.35,146.35,146.35,146.35,0,0
1788873900000,2026-09-08T13:25:00Z,146.35,147.75,146.35,147.31,0.44,64.8544
1788874200000,2026-09-08T13:30:00Z,147.31,151.56,146.89,149.2,14.09,2092.2314
1788874500000,2026-09-08T13:35:00Z,149.2,151.8,147.36,149.4,4.49,670.9866
1788874800000,2026-09-08T13:40:00Z,149.4,151.21,148.9,150.1,10.32,1550.3231
1788875100000,2026-09-08T13:45:00Z,150.1,152.4,150.1,151.56,1.56,235.9608
1788875400000,2026-09-08T13:50:00Z,151.56,151.95,150.12,151.95,2.64,397.6144
1788875700000,2026-09-08T13:55:00Z,151.95,152.1,150.28,150.28,1.61,242.9534
1788876000000,2026-09-08T14:00:00Z,150.28,150.66,147.54,147.54,5.37,800.6595
1788876300000,2026-09-08T14:05:00Z,147.54,149.64,147.24,147.95,7.07,1048.9386
1788876600000,2026-09-08T14:10:00Z,147.95,148.43,147.48,148.43,0.62,91.6806
1788876900000,2026-09-08T14:15:00Z,148.43,148.43,148.43,148.43,0,0
1788877200000,2026-09-08T14:20:00Z,148.43,149.52,148.43,148.74,0.31,46.2391
1788877500000,2026-09-08T14:25:00Z,148.74,148.82,148.57,148.82,0.82,121.8299
1788877800000,2026-09-08T14:30:00Z,148.82,148.82,148.82,148.82,0,0
1788878100000,2026-09-08T14:35:00Z,148.82,148.82,148.82,148.82,0,0
1788878400000,2026-09-08T14:40:00Z,148.82,148.82,148.82,148.82,0,0
1788878700000,2026-09-08T14:45:00Z,148.82,148.82,148.79,148.79,0.14,20.8306
1788879000000,2026-09-08T14:50:00Z,148.79,148.79,148.79,148.79,0,0
1788879300000,2026-09-08T14:55:00Z,148.79,148.79,148.79,148.79,0,0
1788879600000,2026-09-08T15:00:00Z,148.79,148.79,148.79,148.79,0,0
1788879900000,2026-09-08T15:05:00Z,148.79,149.73,148.79,149.73,0.1,14.973
1788880200000,2026-09-08T15:10:00Z,149.73,149.73,149.57,149.57,0.11,16.4527
1788880500000,2026-09-08T15:15:00Z,149.57,150.11,149.57,149.77,0.26,38.9844
1788880800000,2026-09-08T15:20:00Z,149.77,150.14,149.77,150.14,0.16,24.0224
1788881100000,2026-09-08T15:25:00Z,150.14,150.62,150.14,150.62,0.2,30.124
1788881400000,2026-09-08T15:30:00Z,150.62,150.85,150.62,150.85,0.11,16.5935
1788881700000,2026-09-08T15:35:00Z,150.85,150.85,150.3,150.3,0.22,33.066
1788882000000,2026-09-08T15:40:00Z,150.3,150.3,149.99,149.99,1,149.99
1788882300000,2026-09-08T15:45:00Z,149.99,149.99,149.43,149.83,0.36,53.8668
1788882600000,2026-09-08T15:50:00Z,149.83,149.83,149.83,149.83,0,0
1788882900000,2026-09-08T15:55:00Z,149.83,149.83,149.45,149.45,10,1494.5
1788883200000,2026-09-08T16:00:00Z,149.45,150.01,149.45,150.01,0.68,101.996
1788883500000,2026-09-08T16:05:00Z,150.01,150.01,150.01,150.01,0,0
1788883800000,2026-09-08T16:10:00Z,150.01,150.01,148.99,148.99,3.39,506.5938
1788884100000,2026-09-08T16:15:00Z,148.99,148.99,148.99,148.99,0,0
1788884400000,2026-09-08T16:20:00Z,148.99,148.99,148.99,148.99,0,0
1788884700000,2026-09-08T16:25:00Z,148.99,149.2,148.79,149.2,0.42,62.5779
1788885000000,2026-09-08T16:30:00Z,149.2,149.2,149.2,149.2,0,0
1788885300000,2026-09-08T16:35:00Z,149.2,149.2,149.2,149.2,0,0
1788885600000,2026-09-08T16:40:00Z,149.2,149.52,149.2,149.52,0.62,92.7024
1788885900000,2026-09-08T16:45:00Z,149.52,149.52,149.52,149.52,0,0
1788886200000,2026-09-08T16:50:00Z,149.52,150.44,149.52,150.44,0.32,48.1408
1788886500000,2026-09-08T16:55:00Z,150.44,150.44,150.44,150.44,0,0
1788886800000,2026-09-08T17:00:00Z,150.44,150.44,150.1,150.1,0.2,30.052
1788887100000,2026-09-08T17:05:00Z,150.1,150.1,150.1,150.1,0,0
1788887400000,2026-09-08T17:10:00Z,150.1,150.15,149.59,149.59,0.34,50.9558
1788887700000,2026-09-08T17:15:00Z,149.59,150.38,149.59,150.38,0.28,42.104
1788888000000,2026-09-08T17:20:00Z,150.38,150.38,150.02,150.33,0.22,33.0385
1788888300000,2026-09-08T17:25:00Z,150.33,150.33,149.6,149.6,0.09,13.464
1788888600000,2026-09-08T17:30:00Z,149.6,149.6,149.6,149.6,0,0
1788888900000,2026-09-08T17:35:00Z,149.6,150.11,149.6,150.11,0.26,38.9688
1788889200000,2026-09-08T17:40:00Z,150.11,150.11,149.68,149.68,0.19,28.4546
1788889500000,2026-09-08T17:45:00Z,149.68,149.68,149.68,149.68,0,0
1788889800000,2026-09-08T17:50:00Z,149.68,149.68,149.62,149.62,0.82,122.6884
1788890100000,2026-09-08T17:55:00Z,149.62,149.62,149.62,149.62,0,0
1788890400000,2026-09-08T18:00:00Z,149.62,149.62,149.35,149.35,0.81,120.9735
1788890700000,2026-09-08T18:05:00Z,149.35,149.35,149.35,149.35,0,0
1788891000000,2026-09-08T18:10:00Z,149.35,149.35,149.35,149.35,0,0
1788891300000,2026-09-08T18:15:00Z,149.35,149.35,149.35,149.35,0,0
1788891600000,2026-09-08T18:20:00Z,149.35,149.63,149.35,149.63,0.2,29.926
1788891900000,2026-09-08T18:25:00Z,149.63,149.63,149.41,149.41,0.11,16.4351
1788892200000,2026-09-08T18:30:00Z,149.41,149.41,149.41,149.41,0,0
1788892500000,2026-09-08T18:35:00Z,149.41,149.41,149.41,149.41,0,0
1788892800000,2026-09-08T18:40:00Z,149.41,149.43,149.41,149.43,0.31,46.3233
1788893100000,2026-09-08T18:45:00Z,149.43,149.43,149.43,149.43,0,0
1788893400000,2026-09-08T18:50:00Z,149.43,149.43,149.43,149.43,0,0
1788893700000,2026-09-08T18:55:00Z,149.43,149.43,148.97,148.97,0.12,17.8764
1788894000000,2026-09-08T19:00:00Z,148.97,149.58,148.97,149.58,0.46,68.7508
1788894300000,2026-09-08T19:05:00Z,149.58,149.58,149.58,149.58,0,0
1788894600000,2026-09-08T19:10:00Z,149.58,149.58,149.58,149.58,0,0
1788894900000,2026-09-08T19:15:00Z,149.58,149.58,149.58,149.58,0,0
1788895200000,2026-09-08T19:20:00Z,149.58,149.62,149.58,149.62,9.54,1427.3748
1788895500000,2026-09-08T19:25:00Z,149.62,149.62,149.62,149.62,0,0
1788895800000,2026-09-08T19:30:00Z,149.62,149.62,149.62,149.62,0,0
1788896100000,2026-09-08T19:35:00Z,149.62,149.62,149.34,149.34,0.18,26.8812
1788896400000,2026-09-08T19:40:00Z,149.34,149.52,149.08,149.08,0.55,82.0996
1788896700000,2026-09-08T19:45:00Z,149.08,149.08,149.08,149.08,0,0
1788897000000,2026-09-08T19:50:00Z,149.08,150.36,149.08,149.61,3.8,568.8406
1788897300000,2026-09-08T19:55:00Z,149.61,149.84,148.55,148.55,1.14,169.759
1788897600000,2026-09-08T20:00:00Z,148.55,149.5,148.47,148.47,0.1,14.8985
1788897900000,2026-09-08T20:05:00Z,148.47,148.47,148.47,148.47,0,0
1788898200000,2026-09-08T20:10:00Z,148.47,148.47,148.47,148.47,0,0
1788898500000,2026-09-08T20:15:00Z,148.47,148.47,148.47,148.47,0,0
1788898800000,2026-09-08T20:20:00Z,148.47,149.26,148.47,149.26,0.23,34.3298
1788899100000,2026-09-08T20:25:00Z,149.26,149.36,149.26,149.35,2.3,343.5081
1788899400000,2026-09-08T20:30:00Z,149.35,149.35,149.35,149.35,0,0
1788899700000,2026-09-08T20:35:00Z,149.35,149.35,149.35,149.35,0,0
1788900000000,2026-09-08T20:40:00Z,149.35,149.35,149.35,149.35,0,0
1788900300000,2026-09-08T20:45:00Z,149.35,149.35,149.35,149.35,0,0
1788900600000,2026-09-08T20:50:00Z,149.35,149.62,149.35,149.62,0.42,62.7921
1788900900000,2026-09-08T20:55:00Z,149.62,149.62,149.38,149.38,0.12,17.9256
1788901200000,2026-09-08T21:00:00Z,149.38,149.38,149.24,149.24,0.21,31.3404
1788901500000,2026-09-08T21:05:00Z,149.24,149.27,149.24,149.27,0.22,32.8394
1788901800000,2026-09-08T21:10:00Z,149.27,149.7,149.27,149.7,0.16,23.9272
1788902100000,2026-09-08T21:15:00Z,149.7,149.7,149.7,149.7,0,0
1788902400000,2026-09-08T21:20:00Z,149.7,149.7,149.7,149.7,0,0
1788902700000,2026-09-08T21:25:00Z,149.7,149.9,149.7,149.9,0.57,85.443
1788903000000,2026-09-08T21:30:00Z,149.9,149.9,149.9,149.9,0,0
1788903300000,2026-09-08T21:35:00Z,149.9,149.9,148.8,148.8,0.08,11.9456
1788903600000,2026-09-08T21:40:00Z,148.8,148.8,148.8,148.8,0,0
1788903900000,2026-09-08T21:45:00Z,148.8,148.8,148.8,148.8,0,0
1788904200000,2026-09-08T21:50:00Z,148.8,149.71,148.8,149.71,0.12,17.964
1788904500000,2026-09-08T21:55:00Z,149.71,149.71,149.71,149.71,0,0
1788904800000,2026-09-08T22:00:00Z,149.71,149.81,149.71,149.81,0.08,11.9844
1788905100000,2026-09-08T22:05:00Z,149.81,149.81,149.81,149.81,0,0
1788905400000,2026-09-08T22:10:00Z,149.81,149.81,149.81,149.81,0,0
1788905700000,2026-09-08T22:15:00Z,149.81,149.81,149.81,149.81,0,0
1788906000000,2026-09-08T22:20:00Z,149.81,149.81,149.81,149.81,0,0
1788906300000,2026-09-08T22:25:00Z,149.81,150.14,149.81,150.14,0.43,64.5571
1788906600000,2026-09-08T22:30:00Z,150.14,150.14,150.14,150.14,0,0
1788906900000,2026-09-08T22:35:00Z,150.14,150.14,150.14,150.14,0,0
1788907200000,2026-09-08T22:40:00Z,150.14,150.14,150.14,150.14,0,0
1788907500000,2026-09-08T22:45:00Z,150.14,150.14,150.14,150.14,0,0
1788907800000,2026-09-08T22:50:00Z,150.14,150.6,149.82,150.6,0.87,130.7506
1788908100000,2026-09-08T22:55:00Z,150.6,150.6,150.28,150.36,0.33,49.618
1788908400000,2026-09-08T23:00:00Z,150.36,150.36,150.1,150.36,0.4,60.1206
1788908700000,2026-09-08T23:05:00Z,150.36,150.36,150.36,150.36,0,0
1788909000000,2026-09-08T23:10:00Z,150.36,150.89,150.36,150.89,0.24,36.2136
1788909300000,2026-09-08T23:15:00Z,150.89,150.89,150.4,150.4,0.09,13.536
1788909600000,2026-09-08T23:20:00Z,150.4,150.4,150.4,150.4,0,0
1788909900000,2026-09-08T23:25:00Z,150.4,150.4,150.31,150.31,0.21,31.5651
1788910200000,2026-09-08T23:30:00Z,150.31,150.31,150.31,150.31,0,0
1788910500000,2026-09-08T23:35:00Z,150.31,150.38,150.31,150.38,0.31,46.6178
1788910800000,2026-09-08T23:40:00Z,150.38,150.49,150.38,150.49,0.09,13.5441
1788911100000,2026-09-08T23:45:00Z,150.49,150.49,150.47,150.47,0.21,31.5987
1788911400000,2026-09-08T23:50:00Z,150.47,150.49,150.25,150.25,0.4,60.148
1788911700000,2026-09-08T23:55:00Z,150.25,150.39,150.25,150.38,0.2,30.077
1788912000000,2026-09-09T00:00:00Z,150.38,150.87,150.23,150.87,7.53,1131.7709
1788912300000,2026-09-09T00:05:00Z,150.87,150.87,148.96,149.79,0.8,119.787
1788912600000,2026-09-09T00:10:00Z,149.79,150.78,149.79,150.34,1.03,155.2878
1788912900000,2026-09-09T00:15:00Z,150.34,150.34,150.34,150.34,0,0
1788913200000,2026-09-09T00:20:00Z,150.34,150.34,150.34,150.34,0,0
1788913500000,2026-09-09T00:25:00Z,150.34,150.34,149.97,149.97,0.6,89.9852
1788913800000,2026-09-09T00:30:00Z,149.97,149.97,149.97,149.97,0,0
1788914100000,2026-09-09T00:35:00Z,149.97,149.97,149.97,149.97,0,0
1788914400000,2026-09-09T00:40:00Z,149.97,150.35,149.97,150.3,0.77,115.7415
1788914700000,2026-09-09T00:45:00Z,150.3,150.3,150.26,150.26,0.31,46.5806
1788915000000,2026-09-09T00:50:00Z,150.26,150.26,150.16,150.16,0.31,46.5496
1788915300000,2026-09-09T00:55:00Z,150.16,150.19,150.16,150.19,0.32,48.0608
1788915600000,2026-09-09T01:00:00Z,150.19,150.33,150.19,150.33,0.87,130.7759
1788915900000,2026-09-09T01:05:00Z,150.33,150.39,150.33,150.39,0.31,46.6209
1788916200000,2026-09-09T01:10:00Z,150.39,150.39,150.39,150.39,0,0
1788916500000,2026-09-09T01:15:00Z,150.39,150.39,150.38,150.38,0.09,13.5342
1788916800000,2026-09-09T01:20:00Z,150.38,150.38,150.38,150.38,0,0
1788917100000,2026-09-09T01:25:00Z,150.38,150.38,150.38,150.38,0,0
1788917400000,2026-09-09T01:30:00Z,150.38,150.56,150.38,150.56,0.08,12.0448
1788917700000,2026-09-09T01:35:00Z,150.56,150.56,150.56,150.56,0,0
1788918000000,2026-09-09T01:40:00Z,150.56,150.56,150.52,150.52,0.81,121.9212
1788918300000,2026-09-09T01:45:00Z,150.52,150.52,150.52,150.52,0,0
1788918600000,2026-09-09T01:50:00Z,150.52,150.52,150.52,150.52,0,0
1788918900000,2026-09-09T01:55:00Z,150.52,150.57,150.52,150.57,0.31,46.6767
1788919200000,2026-09-09T02:00:00Z,150.57,150.57,150.57,150.57,0,0
1788919500000,2026-09-09T02:05:00Z,150.57,150.76,150.57,150.76,0.14,21.1054
1788919800000,2026-09-09T02:10:00Z,150.76,150.78,150.76,150.78,0.24,36.1872
1788920100000,2026-09-09T02:15:00Z,150.78,150.78,150.7,150.7,0.13,19.591
1788920400000,2026-09-09T02:20:00Z,150.7,150.7,150.7,150.7,0,0
1788920700000,2026-09-09T02:25:00Z,150.7,150.82,150.7,150.82,0.14,21.1148
1788921000000,2026-09-09T02:30:00Z,150.82,150.83,150.82,150.83,0.04,6.0332
1788921300000,2026-09-09T02:35:00Z,150.83,150.83,150.83,150.83,0,0
1788921600000,2026-09-09T02:40:00Z,150.83,150.83,150.61,150.61,0.31,46.6891
1788921900000,2026-09-09T02:45:00Z,150.61,150.63,150.61,150.63,0.82,123.5166
1788922200000,2026-09-09T02:50:00Z,150.63,150.63,150.63,150.63,0,0
1788922500000,2026-09-09T02:55:00Z,150.63,151.09,150.57,151.09,0.63,95.0255
1788922800000,2026-09-09T03:00:00Z,151.09,151.09,151.09,151.09,0,0
1788923100000,2026-09-09T03:05:00Z,151.09,151.09,151.09,151.09,0,0
1788923400000,2026-09-09T03:10:00Z,151.09,151.09,151.09,151.09,0,0
1788923700000,2026-09-09T03:15:00Z,151.09,151.09,151.09,151.09,0,0
1788924000000,2026-09-09T03:20:00Z,151.09,151.09,150.54,150.54,0.1,15.054
1788924300000,2026-09-09T03:25:00Z,150.54,150.72,150.28,150.28,0.46,69.23
1788924600000,2026-09-09T03:30:00Z,150.28,150.78,150.21,150.68,0.8,120.5144
1788924900000,2026-09-09T03:35:00Z,150.68,150.68,150.68,150.68,0,0
1788925200000,2026-09-09T03:40:00Z,150.68,150.68,150.52,150.52,0.07,10.5364
1788925500000,2026-09-09T03:45:00Z,150.52,150.52,150.52,150.52,0,0
1788925800000,2026-09-09T03:50:00Z,150.52,150.52,150.52,150.52,0,0
1788926100000,2026-09-09T03:55:00Z,150.52,150.68,150.51,150.68,0.36,54.2142
1788926400000,2026-09-09T04:00:00Z,150.68,150.68,150.62,150.62,0.32,48.1984
1788926700000,2026-09-09T04:05:00Z,150.62,150.62,150.62,150.62,0,0
1788927000000,2026-09-09T04:10:00Z,150.62,150.62,150.53,150.53,0.14,21.0742
1788927300000,2026-09-09T04:15:00Z,150.53,150.53,150.5,150.5,0.1,15.05
1788927600000,2026-09-09T04:20:00Z,150.5,150.76,150.12,150.68,5.8,872.777
1788927900000,2026-09-09T04:25:00Z,150.68,150.68,150.68,150.68,0,0
1788928200000,2026-09-09T04:30:00Z,150.68,151.1,150.34,150.34,3.85,580.5489
1788928500000,2026-09-09T04:35:00Z,150.34,150.34,150.34,150.34,0,0
1788928800000,2026-09-09T04:40:00Z,150.34,150.34,150.13,150.13,0.07,10.5091
1788929100000,2026-09-09T04:45:00Z,150.13,150.44,150.13,150.44,0.15,22.566
1788929400000,2026-09-09T04:50:00Z,150.44,150.44,150.39,150.39,0.12,18.0468
1788929700000,2026-09-09T04:55:00Z,150.39,150.39,150.39,150.39,0,0
1788930000000,2026-09-09T05:00:00Z,150.39,150.58,150.39,150.58,0.15,22.587
1788930300000,2026-09-09T05:05:00Z,150.58,150.58,150.58,150.58,0,0
1788930600000,2026-09-09T05:10:00Z,150.58,150.58,150.58,150.58,0,0
1788930900000,2026-09-09T05:15:00Z,150.58,150.58,150.58,150.58,0,0
1788931200000,2026-09-09T05:20:00Z,150.58,150.58,150.24,150.24,0.08,12.0192
1788931500000,2026-09-09T05:25:00Z,150.24,150.39,150.24,150.39,0.31,46.6209
1788931800000,2026-09-09T05:30:00Z,150.39,150.39,150.39,150.39,0,0
1788932100000,2026-09-09T05:35:00Z,150.39,150.78,150.1,150.1,0.42,63.1848
1788932400000,2026-09-09T05:40:00Z,150.1,150.1,150.1,150.1,0,0
1788932700000,2026-09-09T05:45:00Z,150.1,150.1,150.1,150.1,0,0
1788933000000,2026-09-09T05:50:00Z,150.1,150.51,150.1,150.51,0.32,48.1632
1788933300000,2026-09-09T05:55:00Z,150.51,150.51,150.51,150.51,0,0
1788933600000,2026-09-09T06:00:00Z,150.51,150.51,150.51,150.51,0,0
1788933900000,2026-09-09T06:05:00Z,150.51,150.51,150.51,150.51,0,0
1788934200000,2026-09-09T06:10:00Z,150.51,150.8,150.46,150.8,0.52,78.3276
1788934500000,2026-09-09T06:15:00Z,150.8,150.8,150.8,150.8,0,0
1788934800000,2026-09-09T06:20:00Z,150.8,150.8,150.17,150.63,0.46,69.184
1788935100000,2026-09-09T06:25:00Z,150.63,150.73,150.19,150.73,0.48,72.2208
1788935400000,2026-09-09T06:30:00Z,150.73,150.73,150.73,150.73,0,0
1788935700000,2026-09-09T06:35:00Z,150.73,150.73,150.73,150.73,0,0
1788936000000,2026-09-09T06:40:00Z,150.73,150.73,150.73,150.73,0,0
1788936300000,2026-09-09T06:45:00Z,150.73,150.79,150.53,150.79,0.26,39.1716
1788936600000,2026-09-09T06:50:00Z,150.79,150.79,150.79,150.79,0,0
1788936900000,2026-09-09T06:55:00Z,150.79,150.79,150.79,150.79,0,0
1788937200000,2026-09-09T07:00:00Z,150.79,150.79,150.42,150.42,0.13,19.5546
1788937500000,2026-09-09T07:05:00Z,150.42,150.58,150.42,150.58,0.11,16.5638
1788937800000,2026-09-09T07:10:00Z,150.58,150.58,150.58,150.58,0,0
1788938100000,2026-09-09T07:15:00Z,150.58,150.74,150.39,150.39,0.26,39.1469
1788938400000,2026-09-09T07:20:00Z,150.39,150.39,150.39,150.39,0,0
1788938700000,2026-09-09T07:25:00Z,150.39,150.45,150.39,150.45,0.22,33.099
1788939000000,2026-09-09T07:30:00Z,150.45,150.45,150.45,150.45,0,0
1788939300000,2026-09-09T07:35:00Z,150.45,150.69,150.41,150.69,0.38,57.209
1788939600000,2026-09-09T07:40:00Z,150.69,150.86,150.39,150.39,0.4,60.2547
1788939900000,2026-09-09T07:45:00Z,150.39,150.71,149.66,149.66,0.08,12.0148
1788940200000,2026-09-09T07:50:00Z,149.66,150.53,149.66,149.73,0.22,33.0286
1788940500000,2026-09-09T07:55:00Z,149.73,150.02,149.73,150.02,0.18,27.0036
1788940800000,2026-09-09T08:00:00Z,150.02,150.15,150.02,150.15,0.09,13.5135
1788941100000,2026-09-09T08:05:00Z,150.15,150.45,150.15,150.45,0.11,16.5495
1788941400000,2026-09-09T08:10:00Z,150.45,151.68,149.77,150.92,1.75,263.6086
1788941700000,2026-09-09T08:15:00Z,150.92,151.25,150.55,151.05,0.48,72.429
1788942000000,2026-09-09T08:20:00Z,151.05,151.05,151.05,151.05,0,0
1788942300000,2026-09-09T08:25:00Z,151.05,151.05,151.05,151.05,0,0
1788942600000,2026-09-09T08:30:00Z,151.05,151.28,150.97,151.28,0.46,69.5175
1788942900000,2026-09-09T08:35:00Z,151.28,151.28,151.28,151.28,0,0
1788943200000,2026-09-09T08:40:00Z,151.28,151.28,151.28,151.28,0,0
1788943500000,2026-09-09T08:45:00Z,151.28,151.28,150.94,150.94,0.11,16.6034
1788943800000,2026-09-09T08:50:00Z,150.94,150.94,150.94,150.94,0,0
1788944100000,2026-09-09T08:55:00Z,150.94,151.39,150.94,151.1,0.34,51.4233
1788944400000,2026-09-09T09:00:00Z,151.1,151.73,150.62,151.73,0.22,33.2585
1788944700000,2026-09-09T09:05:00Z,151.73,151.73,151.09,151.09,0.09,13.5981
1788945000000,2026-09-09T09:10:00Z,151.09,151.09,150.36,150.36,8.43,1268.2287
1788945300000,2026-09-09T09:15:00Z,150.36,150.36,150.36,150.36,0,0
1788945600000,2026-09-09T09:20:00Z,150.36,150.36,150.36,150.36,0,0
1788945900000,2026-09-09T09:25:00Z,150.36,150.66,150.36,150.66,0.81,122.0346
1788946200000,2026-09-09T09:30:00Z,150.66,151.9,150.45,151.9,0.42,63.4935
1788946500000,2026-09-09T09:35:00Z,151.9,151.9,151.9,151.9,0,0
1788946800000,2026-09-09T09:40:00Z,151.9,151.9,149.75,149.75,0.26,39.0195
1788947100000,2026-09-09T09:45:00Z,149.75,150.89,149.75,150.56,12.5,1881.8066
1788947400000,2026-09-09T09:50:00Z,150.56,150.56,150.54,150.56,3.67,552.5157
1788947700000,2026-09-09T09:55:00Z,150.56,150.56,150.56,150.56,0,0
1788948000000,2026-09-09T10:00:00Z,150.56,150.56,149.35,149.35,0.09,13.4415
1788948300000,2026-09-09T10:05:00Z,149.35,149.35,149.35,149.35,0,0
1788948600000,2026-09-09T10:10:00Z,149.35,150.38,149.35,150.38,0.98,146.72
1788948900000,2026-09-09T10:15:00Z,150.38,150.38,150.38,150.38,0,0
1788949200000,2026-09-09T10:20:00Z,150.38,151.41,149.8,150.09,2.37,356.3023
1788949500000,2026-09-09T10:25:00Z,150.09,150.09,150.09,150.09,0,0
1788949800000,2026-09-09T10:30:00Z,150.09,150.09,149.83,149.83,0.94,140.8514
1788950100000,2026-09-09T10:35:00Z,149.83,150.01,149.83,150.01,0.08,12.0008
1788950400000,2026-09-09T10:40:00Z,150.01,150.01,150.01,150.01,0,0
1788950700000,2026-09-09T10:45:00Z,150.01,150.01,149.86,149.86,0.23,34.4678
1788951000000,2026-09-09T10:50:00Z,149.86,149.86,149.33,149.33,9.93,1483.0698
1788951300000,2026-09-09T10:55:00Z,149.33,149.33,149.33,149.33,0,0
1788951600000,2026-09-09T11:00:00Z,149.33,149.33,149.33,149.33,0,0
1788951900000,2026-09-09T11:05:00Z,149.33,149.66,149.33,149.66,0.32,47.8912
1788952200000,2026-09-09T11:10:00Z,149.66,149.66,149.66,149.66,0,0
1788952500000,2026-09-09T11:15:00Z,149.66,149.66,149.66,149.66,0,0
1788952800000,2026-09-09T11:20:00Z,149.66,149.66,149.66,149.66,0,0
1788953100000,2026-09-09T11:25:00Z,149.66,149.66,149.66,149.66,0,0
1788953400000,2026-09-09T11:30:00Z,149.66,150.01,149.33,149.33,0.26,38.9142
1788953700000,2026-09-09T11:35:00Z,149.33,149.33,149.33,149.33,0,0
1788954000000,2026-09-09T11:40:00Z,149.33,149.88,149.25,149.25,0.26,38.8869
1788954300000,2026-09-09T11:45:00Z,149.25,150.38,149.25,150.38,0.81,121.6906
1788954600000,2026-09-09T11:50:00Z,150.38,150.38,150.38,150.38,0,0
1788954900000,2026-09-09T11:55:00Z,150.38,150.38,150.38,150.38,0,0
1788955200000,2026-09-09T12:00:00Z,150.38,150.38,150.38,150.38,0,0
1788955500000,2026-09-09T12:05:00Z,150.38,150.38,149.43,149.43,0.13,19.4259
1788955800000,2026-09-09T12:10:00Z,149.43,149.43,149.43,149.43,0,0
1788956100000,2026-09-09T12:15:00Z,149.43,150.1,149.43,150.1,0.14,20.9678
1788956400000,2026-09-09T12:20:00Z,150.1,150.1,149.21,149.21,0.24,35.862
1788956700000,2026-09-09T12:25:00Z,149.21,149.21,149.21,149.21,0,0
1788957000000,2026-09-09T12:30:00Z,149.21,149.21,149.21,149.21,0,0
1788957300000,2026-09-09T12:35:00Z,149.21,149.57,149.21,149.57,0.08,11.9656
1788957600000,2026-09-09T12:40:00Z,149.57,149.57,149.57,149.57,0,0
1788957900000,2026-09-09T12:45:00Z,149.57,150.12,149.57,150.12,2.45,367.5715
1788958200000,2026-09-09T12:50:00Z,150.12,150.12,150.12,150.12,0,0
1788958500000,2026-09-09T12:55:00Z,150.12,150.12,150.12,150.12,0,0
1788958800000,2026-09-09T13:00:00Z,150.12,150.12,150.12,150.12,0,0
1788959100000,2026-09-09T13:05:00Z,150.12,150.12,150.12,150.12,0,0
1788959400000,2026-09-09T13:10:00Z,150.12,150.12,149.97,149.97,0.19,28.4943
1788959700000,2026-09-09T13:15:00Z,149.97,150.01,149.83,149.83,0.34,50.9728
1788960000000,2026-09-09T13:20:00Z,149.83,150.03,149.83,150.03,0.09,13.5027
1788960300000,2026-09-09T13:25:00Z,150.03,150.04,148.98,149.11,13.25,1980.1465
1788960600000,2026-09-09T13:30:00Z,149.11,149.14,145.59,146.5,21.8,3215.5217
1788960900000,2026-09-09T13:35:00Z,146.5,149.4,146.5,146.6,2,295.4232
1788961200000,2026-09-09T13:40:00Z,146.6,148.9,143.55,144.2,15.91,2331.6609
1788961500000,2026-09-09T13:45:00Z,144.2,147.6,143.2,145,4.69,680.5461
1788961800000,2026-09-09T13:50:00Z,145,145,143.1,143.89,1.92,276.2995
1788962100000,2026-09-09T13:55:00Z,143.89,144.1,143.7,144.1,1.66,238.8754
1788962400000,2026-09-09T14:00:00Z,144.1,144.23,144.03,144.03,4.01,577.8803
1788962700000,2026-09-09T14:05:00Z,144.03,144.61,144.01,144.05,0.79,113.8958
1788963000000,2026-09-09T14:10:00Z,144.05,144.55,144.05,144.55,0.48,69.286
1788963300000,2026-09-09T14:15:00Z,144.55,144.55,143.58,143.99,208.7,30065.8613
1788963600000,2026-09-09T14:20:00Z,143.99,144.25,143.25,144.11,24.21,3480.0596
1788963900000,2026-09-09T14:25:00Z,144.11,144.21,143.66,143.66,72.26,10381.5576
1788964200000,2026-09-09T14:30:00Z,143.66,143.66,142.1,142.6,69.01,9885.2759
1788964500000,2026-09-09T14:35:00Z,142.6,142.6,142.6,142.6,0,0
1788964800000,2026-09-09T14:40:00Z,142.6,143.09,142.6,142.98,6.05,865.1503
1788965100000,2026-09-09T14:45:00Z,142.98,142.98,142.7,142.7,68.35,9761.1242
1788965400000,2026-09-09T14:50:00Z,142.7,143.2,142.6,142.6,42.04,5995.3713
1788965700000,2026-09-09T14:55:00Z,142.6,142.6,141.95,142.48,48.33,6878.4129
1788966000000,2026-09-09T15:00:00Z,142.48,142.87,142.32,142.8,26.16,3730.0859
1788966300000,2026-09-09T15:05:00Z,142.8,142.8,142.67,142.68,1.81,258.2386
1788966600000,2026-09-09T15:10:00Z,142.68,142.68,142.03,142.03,8.32,1181.8135
1788966900000,2026-09-09T15:15:00Z,142.03,142.23,141.68,141.68,42.84,6081.1177
1788967200000,2026-09-09T15:20:00Z,141.68,141.88,141.68,141.75,36.62,5191.2704
1788967500000,2026-09-09T15:25:00Z,141.75,142.16,141.68,142.16,0.63,89.3284
1788967800000,2026-09-09T15:30:00Z,142.16,142.16,142.16,142.16,0,0
1788968100000,2026-09-09T15:35:00Z,142.16,142.16,142.07,142.07,8.48,1204.7536
1788968400000,2026-09-09T15:40:00Z,142.07,142.07,142.07,142.07,0,0
1788968700000,2026-09-09T15:45:00Z,142.07,142.72,142.07,142.72,0.05,7.136
1788969000000,2026-09-09T15:50:00Z,142.72,142.81,142.64,142.81,1.14,162.749
1788969300000,2026-09-09T15:55:00Z,142.81,142.81,142.81,142.81,0,0
1788969600000,2026-09-09T16:00:00Z,142.81,142.81,142.81,142.81,0,0
1788969900000,2026-09-09T16:05:00Z,142.81,142.81,142.81,142.81,0,0
1788970200000,2026-09-09T16:10:00Z,142.81,142.87,142.39,142.8,8.36,1192.905
1788970500000,2026-09-09T16:15:00Z,142.8,142.87,142.8,142.87,2.6,371.4467
1788970800000,2026-09-09T16:20:00Z,142.87,142.94,142.56,142.56,2.09,298.5196
1788971100000,2026-09-09T16:25:00Z,142.56,142.8,142.51,142.58,3.8,542.2135
1788971400000,2026-09-09T16:30:00Z,142.58,142.76,142.58,142.68,1.35,192.5686
1788971700000,2026-09-09T16:35:00Z,142.68,142.68,142.68,142.68,0,0
1788972000000,2026-09-09T16:40:00Z,142.68,143.31,142.68,143.31,0.82,117.4617
1788972300000,2026-09-09T16:45:00Z,143.31,143.31,143.08,143.08,0.1,14.308
1788972600000,2026-09-09T16:50:00Z,143.08,143.08,143.02,143.02,0.18,25.7436
1788972900000,2026-09-09T16:55:00Z,143.02,143.02,142.5,142.5,0.08,11.4
1788973200000,2026-09-09T17:00:00Z,142.5,142.64,142.5,142.64,0.34,48.4976
1788973500000,2026-09-09T17:05:00Z,142.64,142.64,142.04,142.04,0.16,22.7264
1788973800000,2026-09-09T17:10:00Z,142.04,142.04,142.04,142.04,0,0
1788974100000,2026-09-09T17:15:00Z,142.04,142.04,142.04,142.04,0,0
1788974400000,2026-09-09T17:20:00Z,142.04,142.33,142.04,142.33,0.13,18.5029
1788974700000,2026-09-09T17:25:00Z,142.33,142.57,142.33,142.33,0.73,103.9177
1788975000000,2026-09-09T17:30:00Z,142.33,142.33,142.33,142.33,0,0
1788975300000,2026-09-09T17:35:00Z,142.33,142.33,141.93,141.93,0.24,34.0632
1788975600000,2026-09-09T17:40:00Z,141.93,141.93,141.93,141.93,0,0
1788975900000,2026-09-09T17:45:00Z,141.93,142.42,141.93,142.42,11.22,1597.8884
1788976200000,2026-09-09T17:50:00Z,142.42,142.42,142.42,142.42,0,0
1788976500000,2026-09-09T17:55:00Z,142.42,142.42,142.42,142.42,0,0
1788976800000,2026-09-09T18:00:00Z,142.42,142.42,142.16,142.16,0.21,29.8536
1788977100000,2026-09-09T18:05:00Z,142.16,142.16,142.01,142.01,0.31,44.0231
1788977400000,2026-09-09T18:10:00Z,142.01,142.03,141.88,141.95,46.12,6544.1146
1788977700000,2026-09-09T18:15:00Z,141.95,141.95,141.95,141.95,15.91,2258.4245
1788978000000,2026-09-09T18:20:00Z,141.95,141.95,141.91,141.91,0.71,100.7561
1788978300000,2026-09-09T18:25:00Z,141.91,141.91,141.85,141.85,0.22,31.2088
1788978600000,2026-09-09T18:30:00Z,141.85,141.85,141.51,141.51,61.37,8684.4687
1788978900000,2026-09-09T18:35:00Z,141.51,141.51,141.51,141.51,0,0
1788979200000,2026-09-09T18:40:00Z,141.51,141.51,141.51,141.51,0,0
1788979500000,2026-09-09T18:45:00Z,141.51,141.61,141.51,141.61,1.13,159.9373
1788979800000,2026-09-09T18:50:00Z,141.61,141.61,141.61,141.61,0,0
1788980100000,2026-09-09T18:55:00Z,141.61,141.61,141.38,141.38,0.23,32.5174
1788980400000,2026-09-09T19:00:00Z,141.38,141.38,140.76,140.78,9.12,1283.8629
1788980700000,2026-09-09T19:05:00Z,140.78,140.98,140.78,140.95,0.21,29.5981
1788981000000,2026-09-09T19:10:00Z,140.95,140.98,140.95,140.98,0.57,80.3586
1788981300000,2026-09-09T19:15:00Z,140.98,140.98,140.8,140.89,0.43,60.5725
1788981600000,2026-09-09T19:20:00Z,140.89,140.89,140.79,140.79,0.1,14.079
1788981900000,2026-09-09T19:25:00Z,140.79,140.88,140.79,140.88,5,704.4
1788982200000,2026-09-09T19:30:00Z,140.88,140.88,140.54,140.55,2.58,363.1622
1788982500000,2026-09-09T19:35:00Z,140.55,140.55,140.55,140.55,0,0
1788982800000,2026-09-09T19:40:00Z,140.55,140.7,140,140.37,712.75,100261.738
1788983100000,2026-09-09T19:45:00Z,140.37,140.37,140.37,140.37,16.08,2257.1496
1788983400000,2026-09-09T19:50:00Z,140.37,140.7,140.37,140.7,9.68,1361.9061
1788983700000,2026-09-09T19:55:00Z,140.7,142.3,140.65,142.08,45.14,6374.1631
1788984000000,2026-09-09T20:00:00Z,142.08,151.07,141.04,147.26,2552.58,369264.474
1788984300000,2026-09-09T20:05:00Z,147.26,151.75,138.41,147.6,4974.42,722411.9841
1788984600000,2026-09-09T20:10:00Z,147.6,148.9,142.47,143.09,336.94,48546.9257
1788984900000,2026-09-09T20:15:00Z,143.09,146,141.51,145.11,302.87,43759.9044
1788985200000,2026-09-09T20:20:00Z,145.11,145.11,143.2,143.2,0.4,57.543
1788985500000,2026-09-09T20:25:00Z,143.2,149.4,143.2,145.8,356.34,51787.0311
1788985800000,2026-09-09T20:30:00Z,145.8,148.7,145.14,145.9,10.53,1540.498
1788986100000,2026-09-09T20:35:00Z,145.9,147.88,143.33,146.05,6.78,985.9784
1788986400000,2026-09-09T20:40:00Z,146.05,146.8,144.76,145.09,15.92,2311.1416
1788986700000,2026-09-09T20:45:00Z,145.09,145.29,144.03,144.39,50.34,7282.015
1788987000000,2026-09-09T20:50:00Z,144.39,144.76,142.93,143.59,65.2,9363.2746
1788987300000,2026-09-09T20:55:00Z,143.59,144.42,143.59,143.94,42.28,6087.6962
1788987600000,2026-09-09T21:00:00Z,143.94,143.94,143.94,143.94,0,0
1788987900000,2026-09-09T21:05:00Z,143.94,144.33,143.92,144.33,4.59,660.9938
1788988200000,2026-09-09T21:10:00Z,144.33,145.6,144.33,145.6,0.38,55.328
1788988500000,2026-09-09T21:15:00Z,145.6,145.6,144.71,144.71,0.06,8.6826
1788988800000,2026-09-09T21:20:00Z,144.71,146.37,144.71,146.09,6.07,885.3201
1788989100000,2026-09-09T21:25:00Z,146.09,146.15,145.5,145.74,8.06,1175.563
1788989400000,2026-09-09T21:30:00Z,145.74,145.74,145.02,145.02,6.87,997.165
1788989700000,2026-09-09T21:35:00Z,145.02,145.47,145.02,145.47,12.93,1879.0645
1788990000000,2026-09-09T21:40:00Z,145.47,145.59,145.27,145.31,2.21,321.1671
1788990300000,2026-09-09T21:45:00Z,145.31,145.31,144.59,144.59,4.22,611.8813
1788990600000,2026-09-09T21:50:00Z,144.59,144.71,144.37,144.71,14.68,2121.2981
1788990900000,2026-09-09T21:55:00Z,144.71,144.94,144.5,144.94,63.16,9128.9585
1788991200000,2026-09-09T22:00:00Z,144.94,144.94,144.24,144.24,0.36,52.0069
1788991500000,2026-09-09T22:05:00Z,144.24,144.87,143.94,144.01,22.54,3260.4636
1788991800000,2026-09-09T22:10:00Z,144.01,144.55,143.93,144.14,0.75,108.238
1788992100000,2026-09-09T22:15:00Z,144.14,144.44,144.14,144.44,1.56,225.2206
1788992400000,2026-09-09T22:20:00Z,144.44,144.44,144.44,144.44,0,0
1788992700000,2026-09-09T22:25:00Z,144.44,144.44,144.44,144.44,0,0
1788993000000,2026-09-09T22:30:00Z,144.44,144.84,144.44,144.52,0.52,75.2336
1788993300000,2026-09-09T22:35:00Z,144.52,144.79,144.52,144.78,0.5,72.3925
1788993600000,2026-09-09T22:40:00Z,144.78,145.08,144.78,145.08,2.29,332.108
1788993900000,2026-09-09T22:45:00Z,145.08,145.19,144.89,144.89,56.38,8169.0867
1788994200000,2026-09-09T22:50:00Z,144.89,144.89,144.89,144.89,0,0
1788994500000,2026-09-09T22:55:00Z,144.89,144.89,144.89,144.89,0,0
1788994800000,2026-09-09T23:00:00Z,144.89,145.25,144.89,145.25,0.46,66.769
1788995100000,2026-09-09T23:05:00Z,145.25,145.28,145.25,145.28,0.33,47.9424
1788995400000,2026-09-09T23:10:00Z,145.28,145.71,144.85,145.35,2.82,409.5956
1788995700000,2026-09-09T23:15:00Z,145.35,145.35,145.35,145.35,0,0
1788996000000,2026-09-09T23:20:00Z,145.35,145.74,145.14,145.59,0.3,43.6222
1788996300000,2026-09-09T23:25:00Z,145.59,145.59,145.59,145.59,0,0
1788996600000,2026-09-09T23:30:00Z,145.59,145.59,145.18,145.18,0.34,49.4309
1788996900000,2026-09-09T23:35:00Z,145.18,145.39,145.18,145.39,0.11,15.9929
1788997200000,2026-09-09T23:40:00Z,145.39,145.39,145.39,145.39,0,0
1788997500000,2026-09-09T23:45:00Z,145.39,145.97,145.39,145.97,0.62,90.481
1788997800000,2026-09-09T23:50:00Z,145.97,145.97,145.97,145.97,0,0
1788998100000,2026-09-09T23:55:00Z,145.97,146.25,145.97,146.25,0.1,14.625
1788998400000,2026-09-10T00:00:00Z,146.25,146.77,146.15,146.15,1.1,160.8196
1788998700000,2026-09-10T00:05:00Z,146.15,146.15,145.33,145.73,300.2,43646.5098
1788999000000,2026-09-10T00:10:00Z,145.73,145.73,145.73,145.73,0,0
1788999300000,2026-09-10T00:15:00Z,145.73,145.77,145.71,145.72,1.29,188.0004
1788999600000,2026-09-10T00:20:00Z,145.72,145.78,145.54,145.55,300.32,43723.7668
1788999900000,2026-09-10T00:25:00Z,145.55,146.22,145.38,145.5,0.6,87.4566
1789000200000,2026-09-10T00:30:00Z,145.5,145.5,145.5,145.5,0,0
1789000500000,2026-09-10T00:35:00Z,145.5,145.5,145.5,145.5,0,0
1789000800000,2026-09-10T00:40:00Z,145.5,145.7,145.5,145.7,0.33,48.081
1789001100000,2026-09-10T00:45:00Z,145.7,145.72,145.13,145.72,0.24,34.8902
1789001400000,2026-09-10T00:50:00Z,145.72,145.72,145.72,145.72,0,0
1789001700000,2026-09-10T00:55:00Z,145.72,145.72,145.72,145.72,0,0
1789002000000,2026-09-10T01:00:00Z,145.72,145.72,145.15,145.15,0.19,27.5785
1789002300000,2026-09-10T01:05:00Z,145.15,145.51,145.15,145.19,0.42,61.047
1789002600000,2026-09-10T01:10:00Z,145.19,145.47,145.19,145.47,0.24,34.9128
1789002900000,2026-09-10T01:15:00Z,145.47,145.47,145.47,145.47,0,0
1789003200000,2026-09-10T01:20:00Z,145.47,145.99,145.47,145.7,1.13,164.8784
1789003500000,2026-09-10T01:25:00Z,145.7,145.7,145.7,145.7,0,0
1789003800000,2026-09-10T01:30:00Z,145.7,145.7,145.7,145.7,0,0
1789004100000,2026-09-10T01:35:00Z,145.7,146.5,145.7,146.5,0.4,58.4912
1789004400000,2026-09-10T01:40:00Z,146.5,146.7,145.11,145.66,1.08,157.654
1789004700000,2026-09-10T01:45:00Z,145.66,145.66,145.66,145.66,0,0
1789005000000,2026-09-10T01:50:00Z,145.66,145.66,145.66,145.66,0,0
1789005300000,2026-09-10T01:55:00Z,145.66,146.14,145.66,146.14,0.26,37.9964
1789005600000,2026-09-10T02:00:00Z,146.14,146.31,146.14,146.31,0.11,16.0941
1789005900000,2026-09-10T02:05:00Z,146.31,146.31,145.91,145.91,0.15,21.8865
1789006200000,2026-09-10T02:10:00Z,145.91,146.38,145.91,146.38,0.07,10.2466
1789006500000,2026-09-10T02:15:00Z,146.38,146.38,146.15,146.15,0.25,36.5375
1789006800000,2026-09-10T02:20:00Z,146.15,146.15,146.15,146.15,0,0
1789007100000,2026-09-10T02:25:00Z,146.15,146.15,146.05,146.05,0.09,13.1445
1789007400000,2026-09-10T02:30:00Z,146.05,146.05,146,146,0.18,26.28
1789007700000,2026-09-10T02:35:00Z,146,146,146,146,0,0
1789008000000,2026-09-10T02:40:00Z,146,146,146,146,0,0
1789008300000,2026-09-10T02:45:00Z,146,146.41,146,146.41,0.82,120.0562
1789008600000,2026-09-10T02:50:00Z,146.41,146.41,146.41,146.41,0,0
1789008900000,2026-09-10T02:55:00Z,146.41,146.41,146.41,146.41,0,0
1789009200000,2026-09-10T03:00:00Z,146.41,146.41,146.41,146.41,0,0
1789009500000,2026-09-10T03:05:00Z,146.41,146.41,146.41,146.41,0,0
1789009800000,2026-09-10T03:10:00Z,146.41,146.56,146.23,146.56,0.31,45.361
1789010100000,2026-09-10T03:15:00Z,146.56,146.56,146.37,146.37,0.08,11.7096
1789010400000,2026-09-10T03:20:00Z,146.37,146.37,146.37,146.37,0,0
1789010700000,2026-09-10T03:25:00Z,146.37,146.37,146.37,146.37,0,0
1789011000000,2026-09-10T03:30:00Z,146.37,146.37,146.37,146.37,0,0
1789011300000,2026-09-10T03:35:00Z,146.37,146.37,146,146.3,0.5,73.075
1789011600000,2026-09-10T03:40:00Z,146.3,146.3,145.97,145.97,0.22,32.142
1789011900000,2026-09-10T03:45:00Z,145.97,146.22,145.97,146.22,0.07,10.2354
1789012200000,2026-09-10T03:50:00Z,146.22,146.29,146.22,146.29,0.33,48.2757
1789012500000,2026-09-10T03:55:00Z,146.29,146.36,146.17,146.17,0.3,43.8795
1789012800000,2026-09-10T04:00:00Z,146.17,146.32,146.05,146.05,0.28,40.9318
1789013100000,2026-09-10T04:05:00Z,146.05,146.05,146.05,146.05,0,0
1789013400000,2026-09-10T04:10:00Z,146.05,146.05,146.05,146.05,0,0
1789013700000,2026-09-10T04:15:00Z,146.05,146.05,146.05,146.05,0,0
1789014000000,2026-09-10T04:20:00Z,146.05,146.33,146.01,146.01,0.28,40.9276
1789014300000,2026-09-10T04:25:00Z,146.01,146.01,146.01,146.01,0,0
1789014600000,2026-09-10T04:30:00Z,146.01,146.01,146.01,146.01,0,0
1789014900000,2026-09-10T04:35:00Z,146.01,146.3,146,146,0.42,61.383
1789015200000,2026-09-10T04:40:00Z,146,146.52,146,146.52,0.33,48.3516
1789015500000,2026-09-10T04:45:00Z,146.52,146.57,146.48,146.48,1.47,215.3544
1789015800000,2026-09-10T04:50:00Z,146.48,146.72,146.48,146.72,2.71,397.6112
1789016100000,2026-09-10T04:55:00Z,146.72,146.72,146.72,146.72,0,0
1789016400000,2026-09-10T05:00:00Z,146.72,147.53,146.72,146.88,0.3,44.1615
1789016700000,2026-09-10T05:05:00Z,146.88,147.29,146.88,147.28,30.17,4443.4393
1789017000000,2026-09-10T05:10:00Z,147.28,147.28,147.28,147.28,0,0
1789017300000,2026-09-10T05:15:00Z,147.28,147.84,147.18,147.18,0.08,11.8008
1789017600000,2026-09-10T05:20:00Z,147.18,147.18,147.18,147.18,0,0
1789017900000,2026-09-10T05:25:00Z,147.18,147.18,147.18,147.18,0,0
1789018200000,2026-09-10T05:30:00Z,147.18,147.18,147.18,147.18,0,0
1789018500000,2026-09-10T05:35:00Z,147.18,147.18,147.17,147.17,0.22,32.3774
1789018800000,2026-09-10T05:40:00Z,147.17,147.31,147.17,147.31,0.26,38.3006
1789019100000,2026-09-10T05:45:00Z,147.31,147.35,147.31,147.35,0.22,32.417
1789019400000,2026-09-10T05:50:00Z,147.35,147.42,147.35,147.42,0.32,47.1744
1789019700000,2026-09-10T05:55:00Z,147.42,147.42,147.42,147.42,0,0
1789020000000,2026-09-10T06:00:00Z,147.42,147.42,147.42,147.42,0,0
1789020300000,2026-09-10T06:05:00Z,147.42,147.42,147.42,147.42,0,0
1789020600000,2026-09-10T06:10:00Z,147.42,147.47,147.28,147.28,0.28,41.265
1789020900000,2026-09-10T06:15:00Z,147.28,147.61,147.28,147.28,0.32,47.1824
1789021200000,2026-09-10T06:20:00Z,147.28,147.57,147.28,147.57,0.46,67.879
1789021500000,2026-09-10T06:25:00Z,147.57,147.57,147.45,147.45,0.18,26.541
1789021800000,2026-09-10T06:30:00Z,147.45,147.45,147.45,147.45,0,0
1789022100000,2026-09-10T06:35:00Z,147.45,147.45,147.45,147.45,0,0
1789022400000,2026-09-10T06:40:00Z,147.45,147.56,147.42,147.56,0.42,61.9458
1789022700000,2026-09-10T06:45:00Z,147.56,147.68,147.5,147.61,657.4,97040.7115
1789023000000,2026-09-10T06:50:00Z,147.61,147.91,147.6,147.63,349.74,51682.9481
1789023300000,2026-09-10T06:55:00Z,147.63,147.63,147.52,147.59,1.65,243.4654
1789023600000,2026-09-10T07:00:00Z,147.59,147.59,147.46,147.46,0.33,48.6618
1789023900000,2026-09-10T07:05:00Z,147.46,147.46,147.46,147.46,0,0
1789024200000,2026-09-10T07:10:00Z,147.46,147.46,147.46,147.46,0,0
1789024500000,2026-09-10T07:15:00Z,147.46,147.46,147.46,147.46,0,0
1789024800000,2026-09-10T07:20:00Z,147.46,147.46,147.46,147.46,0,0
1789025100000,2026-09-10T07:25:00Z,147.46,147.65,147.46,147.51,0.4,59.032
1789025400000,2026-09-10T07:30:00Z,147.51,147.61,147.51,147.61,0.21,30.9981
1789025700000,2026-09-10T07:35:00Z,147.61,147.61,147.6,147.6,0.22,32.472
1789026000000,2026-09-10T07:40:00Z,147.6,147.6,147.6,147.6,0,0
1789026300000,2026-09-10T07:45:00Z,147.6,147.6,147.36,147.36,0.08,11.7936
1789026600000,2026-09-10T07:50:00Z,147.36,147.36,147.36,147.36,0,0
1789026900000,2026-09-10T07:55:00Z,147.36,147.47,147.36,147.39,2.25,331.6754
1789027200000,2026-09-10T08:00:00Z,147.39,147.46,147.18,147.46,1.93,284.2449
1789027500000,2026-09-10T08:05:00Z,147.46,147.94,147.46,147.94,0.36,53.2344
1789027800000,2026-09-10T08:10:00Z,147.94,152.09,147.94,149.96,5.42,815.0887
1789028100000,2026-09-10T08:15:00Z,149.96,150.04,149.11,149.11,0.42,62.8348
1789028400000,2026-09-10T08:20:00Z,149.11,149.51,149.11,149.51,0.11,16.4381
1789028700000,2026-09-10T08:25:00Z,149.51,149.51,149.51,149.51,0,0
1789029000000,2026-09-10T08:30:00Z,149.51,149.51,149.51,149.51,0,0
1789029300000,2026-09-10T08:35:00Z,149.51,149.51,148.45,149.09,102.83,15288.9349
1789029600000,2026-09-10T08:40:00Z,149.09,149.55,148.62,148.62,5.9,878.0228
1789029900000,2026-09-10T08:45:00Z,148.62,148.62,148.62,148.62,0,0
1789030200000,2026-09-10T08:50:00Z,148.62,149.14,148.62,149.14,2.23,332.2785
1789030500000,2026-09-10T08:55:00Z,149.14,149.14,148.53,148.62,2.02,300.1369
1789030800000,2026-09-10T09:00:00Z,148.62,148.9,148.48,148.9,2.79,414.8603
1789031100000,2026-09-10T09:05:00Z,148.9,149.35,148.9,149.35,0.64,95.584
1789031400000,2026-09-10T09:10:00Z,149.35,149.35,146.9,148.23,15.74,2325.7416
1789031700000,2026-09-10T09:15:00Z,148.23,149.78,148.23,149.72,5.69,850.9774
1789032000000,2026-09-10T09:20:00Z,149.72,150.27,149.72,150.27,0.26,39.0624
1789032300000,2026-09-10T09:25:00Z,150.27,150.27,149.9,149.9,0.08,11.992
1789032600000,2026-09-10T09:30:00Z,149.9,149.9,149.52,149.52,0.08,11.9616
1789032900000,2026-09-10T09:35:00Z,149.52,149.52,149.15,149.15,0.16,23.864
1789033200000,2026-09-10T09:40:00Z,149.15,149.15,149.15,149.15,0,0
1789033500000,2026-09-10T09:45:00Z,149.15,149.75,149.15,149.75,0.79,118.2299
1789033800000,2026-09-10T09:50:00Z,149.75,149.75,149.75,149.75,0,0
1789034100000,2026-09-10T09:55:00Z,149.75,149.75,149.75,149.75,0,0
1789034400000,2026-09-10T10:00:00Z,149.75,150.49,149.75,150.49,102.16,15331.3936
1789034700000,2026-09-10T10:05:00Z,150.49,150.49,149.35,149.35,8.33,1244.4146
1789035000000,2026-09-10T10:10:00Z,149.35,149.35,149.35,149.35,0,0
1789035300000,2026-09-10T10:15:00Z,149.35,150.28,149.35,150.28,1.62,243.2222
1789035600000,2026-09-10T10:20:00Z,150.28,150.28,150.28,150.28,0,0
1789035900000,2026-09-10T10:25:00Z,150.28,150.28,149.84,149.84,0.07,10.4888
1789036200000,2026-09-10T10:30:00Z,149.84,149.84,149.64,149.64,0.14,20.9496
1789036500000,2026-09-10T10:35:00Z,149.64,149.87,149.64,149.87,0.11,16.4857
1789036800000,2026-09-10T10:40:00Z,149.87,150.61,149.87,150.61,1.11,166.9346
1789037100000,2026-09-10T10:45:00Z,150.61,150.61,150.23,150.23,0.07,10.5161
1789037400000,2026-09-10T10:50:00Z,150.23,150.61,150.23,150.61,6.6,993.7648
1789037700000,2026-09-10T10:55:00Z,150.61,150.78,150.61,150.78,0.25,37.695
1789038000000,2026-09-10T11:00:00Z,150.78,150.78,150.18,150.18,0.21,31.5413
1789038300000,2026-09-10T11:05:00Z,150.18,150.18,150.18,150.18,0,0
1789038600000,2026-09-10T11:10:00Z,150.18,150.18,148.12,148.85,3.87,573.2976
1789038900000,2026-09-10T11:15:00Z,148.85,148.85,148.85,148.85,0,0
1789039200000,2026-09-10T11:20:00Z,148.85,148.85,148.85,148.85,0,0
1789039500000,2026-09-10T11:25:00Z,148.85,148.85,147.66,147.66,0.13,19.1958
1789039800000,2026-09-10T11:30:00Z,147.66,148.04,147.59,147.96,411.36,60870.2761
1789040100000,2026-09-10T11:35:00Z,147.96,148.31,147.79,148.12,3.58,529.5697
1789040400000,2026-09-10T11:40:00Z,148.12,148.17,147.74,147.88,0.27,39.9332
1789040700000,2026-09-10T11:45:00Z,147.88,148.28,147.88,148.01,0.28,41.4659
1789041000000,2026-09-10T11:50:00Z,148.01,148.03,147.64,148.03,0.33,48.8016
1789041300000,2026-09-10T11:55:00Z,148.03,148.08,147.93,148.08,0.2,29.6055
1789041600000,2026-09-10T12:00:00Z,148.08,148.08,146.91,147.36,1.9,279.8576
1789041900000,2026-09-10T12:05:00Z,147.36,147.36,146.69,146.69,25.83,3800.4282
1789042200000,2026-09-10T12:10:00Z,146.69,147.16,146.58,147.16,8.39,1229.8468
1789042500000,2026-09-10T12:15:00Z,147.16,147.28,147.09,147.28,0.28,41.2048
1789042800000,2026-09-10T12:20:00Z,147.28,148.03,147.21,148.03,2.56,378.168
1789043100000,2026-09-10T12:25:00Z,148.03,149.56,146.98,148.65,8.36,1243.3942
1789043400000,2026-09-10T12:30:00Z,148.65,148.65,147.2,147.2,14.95,2212.144
1789043700000,2026-09-10T12:35:00Z,147.2,147.55,147,147.55,1.94,285.3684
1789044000000,2026-09-10T12:40:00Z,147.55,147.55,147.55,147.55,0,0
1789044300000,2026-09-10T12:45:00Z,147.55,147.55,146.29,146.29,0.64,93.6256
1789044600000,2026-09-10T12:50:00Z,146.29,147.27,146.29,147.27,1.76,258.7674
1789044900000,2026-09-10T12:55:00Z,147.27,147.27,146.26,147.05,2.23,327.7882
1789045200000,2026-09-10T13:00:00Z,147.05,147.05,147.05,147.05,0,0
1789045500000,2026-09-10T13:05:00Z,147.05,147.05,147.05,147.05,0,0
1789045800000,2026-09-10T13:10:00Z,147.05,147.05,147.05,147.05,0,0
1789046100000,2026-09-10T13:15:00Z,147.05,147.05,145.99,145.99,0.18,26.2782
1789046400000,2026-09-10T13:20:00Z,145.99,145.99,145.77,145.93,1.32,192.4964
1789046700000,2026-09-10T13:25:00Z,145.93,148,145.93,147.75,16.51,2417.6233
1789047000000,2026-09-10T13:30:00Z,147.75,154,142.64,148.35,845.28,124005.5173
1789047300000,2026-09-10T13:35:00Z,148.35,157.2,147.71,153.34,125.97,18935.3379
1789047600000,2026-09-10T13:40:00Z,153.34,153.34,146.63,149.16,79.36,11866.8927
1789047900000,2026-09-10T13:45:00Z,149.16,150.81,147.95,149.72,9.3,1387.7343
1789048200000,2026-09-10T13:50:00Z,149.72,152.53,148.5,150.36,695.13,104572.9468
1789048500000,2026-09-10T13:55:00Z,150.36,152.05,148.61,151.27,53.66,8046.2344
1789048800000,2026-09-10T14:00:00Z,151.27,153.6,150.7,150.81,26.3,3994.2859
1789049100000,2026-09-10T14:05:00Z,150.81,151.7,150.7,151.65,0.7,106.0902
1789049400000,2026-09-10T14:10:00Z,151.65,152.9,151.25,151.8,1.58,240.445
1789049700000,2026-09-10T14:15:00Z,151.8,154.26,151.8,153.26,32.05,4923.7906
1789050000000,2026-09-10T14:20:00Z,153.26,155.65,153.12,155.65,13.79,2131.7263
1789050300000,2026-09-10T14:25:00Z,155.65,158.85,155.65,157.17,231.92,36750.3927
1789050600000,2026-09-10T14:30:00Z,157.17,157.42,155.34,156.51,55.35,8652.9925
1789050900000,2026-09-10T14:35:00Z,156.51,157.87,156.33,156.33,2.53,398.8572
1789051200000,2026-09-10T14:40:00Z,156.33,156.89,155.68,156.52,4.37,682.349
1789051500000,2026-09-10T14:45:00Z,156.52,158.08,156.41,157.75,11.43,1798.9146
1789051800000,2026-09-10T14:50:00Z,157.75,157.91,156.89,157.1,4.99,784.6612
1789052100000,2026-09-10T14:55:00Z,157.1,157.59,155.94,155.99,3.76,589.2423
1789052400000,2026-09-10T15:00:00Z,155.99,156.02,155.69,156.02,3.02,470.9648
1789052700000,2026-09-10T15:05:00Z,156.02,156.02,155.41,155.51,3.15,490.8015
1789053000000,2026-09-10T15:10:00Z,155.51,156.85,155.51,156.85,10.8,1685.9753
1789053300000,2026-09-10T15:15:00Z,156.85,156.99,156.21,156.21,1.16,181.8314
1789053600000,2026-09-10T15:20:00Z,156.21,156.21,154.36,155.41,13.78,2143.3641
1789053900000,2026-09-10T15:25:00Z,155.41,155.71,155.13,155.63,1.87,290.3689
1789054200000,2026-09-10T15:30:00Z,155.63,155.9,155.5,155.5,0.82,127.695
1789054500000,2026-09-10T15:35:00Z,155.5,155.84,155.13,155.84,1.64,255.367
1789054800000,2026-09-10T15:40:00Z,155.84,156.35,155.84,156.35,0.26,40.6029
1789055100000,2026-09-10T15:45:00Z,156.35,157.04,156.27,157.04,15.06,2357.883
1789055400000,2026-09-10T15:50:00Z,157.04,157.04,156.65,156.65,0.44,68.9741
1789055700000,2026-09-10T15:55:00Z,156.65,156.65,155.91,156.16,0.72,112.4205
1789056000000,2026-09-10T16:00:00Z,156.16,156.31,155.88,155.88,0.34,53.0391
1789056300000,2026-09-10T16:05:00Z,155.88,156.13,155.66,156.13,1.39,216.6994
1789056600000,2026-09-10T16:10:00Z,156.13,156.59,156.1,156.59,1.46,228.5234
1789056900000,2026-09-10T16:15:00Z,156.59,156.59,155.99,155.99,0.64,100.0338
1789057200000,2026-09-10T16:20:00Z,155.99,155.99,155.98,155.98,1.13,176.2574
1789057500000,2026-09-10T16:25:00Z,155.98,155.98,154.33,155.08,37.98,5875.24
1789057800000,2026-09-10T16:30:00Z,155.08,155.08,153.93,154.32,3.48,536.8488
1789058100000,2026-09-10T16:35:00Z,154.32,154.81,154.1,154.81,1.66,256.0454
1789058400000,2026-09-10T16:40:00Z,154.81,155.42,154.81,155.25,5.11,793.3502
1789058700000,2026-09-10T16:45:00Z,155.25,155.25,154.82,154.82,0.26,40.2792
1789059000000,2026-09-10T16:50:00Z,154.82,154.82,154.37,154.37,0.13,20.0681
1789059300000,2026-09-10T16:55:00Z,154.37,154.37,154.11,154.11,0.13,20.0343
1789059600000,2026-09-10T17:00:00Z,154.11,154.45,154.11,154.21,0.39,60.1692
1789059900000,2026-09-10T17:05:00Z,154.21,154.21,154.21,154.21,0,0
1789060200000,2026-09-10T17:10:00Z,154.21,154.21,154.21,154.21,0,0
1789060500000,2026-09-10T17:15:00Z,154.21,154.3,154.21,154.3,0.56,86.4056
1789060800000,2026-09-10T17:20:00Z,154.3,154.3,154.3,154.3,0,0
1789061100000,2026-09-10T17:25:00Z,154.3,154.3,153.86,153.86,4.72,726.2848
1789061400000,2026-09-10T17:30:00Z,153.86,154.07,153.85,154,2.55,392.8258
1789061700000,2026-09-10T17:35:00Z,154,154,153.08,153.57,0.67,102.7603
1789062000000,2026-09-10T17:40:00Z,153.57,155.07,153.57,154.29,65.08,10069.4425
1789062300000,2026-09-10T17:45:00Z,154.29,154.29,154.1,154.1,2.39,368.4115
1789062600000,2026-09-10T17:50:00Z,154.1,154.13,154.1,154.13,1.13,174.1669
1789062900000,2026-09-10T17:55:00Z,154.13,154.13,153.62,153.62,1.49,229.1306
1789063200000,2026-09-10T18:00:00Z,153.62,153.93,152.82,153.93,4.82,738.935
1789063500000,2026-09-10T18:05:00Z,153.93,153.93,153.93,153.93,0,0
1789063800000,2026-09-10T18:10:00Z,153.93,154.67,153.93,154.06,10.11,1561.3913
1789064100000,2026-09-10T18:15:00Z,154.06,154.41,153.28,154.41,6.26,961.9513
1789064400000,2026-09-10T18:20:00Z,154.41,154.41,153.96,153.96,0.44,67.8249
1789064700000,2026-09-10T18:25:00Z,153.96,153.96,153.96,153.96,0,0
1789065000000,2026-09-10T18:30:00Z,153.96,153.96,153.19,153.19,0.11,16.8509
1789065300000,2026-09-10T18:35:00Z,153.19,153.19,150.86,151.49,23.26,3526.164
1789065600000,2026-09-10T18:40:00Z,151.49,151.5,151.06,151.5,0.2,30.263
1789065900000,2026-09-10T18:45:00Z,151.5,151.5,149.75,150.16,23.38,3504.5305
1789066200000,2026-09-10T18:50:00Z,150.16,150.96,149.51,150.96,0.84,126.2361
1789066500000,2026-09-10T18:55:00Z,150.96,151.52,150.96,151.29,0.35,52.9663
1789066800000,2026-09-10T19:00:00Z,151.29,151.29,150.63,150.63,0.53,79.9676
1789067100000,2026-09-10T19:05:00Z,150.63,151.29,150.63,151.29,1.23,185.5252
1789067400000,2026-09-10T19:10:00Z,151.29,151.29,151.29,151.29,0,0
1789067700000,2026-09-10T19:15:00Z,151.29,151.29,149.46,149.49,2.23,334.8213
1789068000000,2026-09-10T19:20:00Z,149.49,150.48,149.34,149.34,14.18,2120.2292
1789068300000,2026-09-10T19:25:00Z,149.34,149.52,148.44,149.52,8.7,1297.6198
1789068600000,2026-09-10T19:30:00Z,149.52,149.64,148.58,148.91,9.37,1397.0135
1789068900000,2026-09-10T19:35:00Z,148.91,149.65,148.86,149.65,7.54,1125.4287
1789069200000,2026-09-10T19:40:00Z,149.65,150.03,149.65,149.88,0.76,113.9834
1789069500000,2026-09-10T19:45:00Z,149.88,149.88,149.81,149.82,26.36,3949.1692
1789069800000,2026-09-10T19:50:00Z,149.82,150.41,149.65,149.65,2.59,388.841
1789070100000,2026-09-10T19:55:00Z,149.65,149.65,147.41,147.41,0.96,142.9156
1789070400000,2026-09-10T20:00:00Z,147.41,147.78,147.41,147.78,0.06,8.8668
1789070700000,2026-09-10T20:05:00Z,147.78,147.78,147.78,147.78,0,0
1789071000000,2026-09-10T20:10:00Z,147.78,147.78,147.78,147.78,0,0
1789071300000,2026-09-10T20:15:00Z,147.78,147.78,147.78,147.78,0,0
1789071600000,2026-09-10T20:20:00Z,147.78,147.78,147.78,147.78,0,0
1789071900000,2026-09-10T20:25:00Z,147.78,147.78,147.78,147.78,0,0
1789072200000,2026-09-10T20:30:00Z,147.78,147.78,147.53,147.53,1.12,165.3079
1789072500000,2026-09-10T20:35:00Z,147.53,147.84,147.53,147.83,0.55,81.3087
1789072800000,2026-09-10T20:40:00Z,147.83,147.83,147.79,147.79,0.5,73.895
1789073100000,2026-09-10T20:45:00Z,147.79,147.79,147.79,147.79,0,0
1789073400000,2026-09-10T20:50:00Z,147.79,147.79,147.69,147.7,1.49,220.1073
1789073700000,2026-09-10T20:55:00Z,147.7,147.7,147.7,147.7,0,0
1789074000000,2026-09-10T21:00:00Z,147.7,147.7,147.7,147.7,0,0
1789074300000,2026-09-10T21:05:00Z,147.7,147.7,147.7,147.7,0,0
1789074600000,2026-09-10T21:10:00Z,147.7,147.75,147.63,147.75,0.3,44.307
1789074900000,2026-09-10T21:15:00Z,147.75,147.92,147.68,147.91,0.92,136.0207
1789075200000,2026-09-10T21:20:00Z,147.91,147.91,147.91,147.91,0,0
1789075500000,2026-09-10T21:25:00Z,147.91,148.45,147.79,148.37,5.7,845.7497
1789075800000,2026-09-10T21:30:00Z,148.37,148.37,148.09,148.09,7.36,1089.9424
1789076100000,2026-09-10T21:35:00Z,148.09,148.09,148.09,148.09,0,0
1789076400000,2026-09-10T21:40:00Z,148.09,148.73,148.09,148.37,69.76,10361.6385
1789076700000,2026-09-10T21:45:00Z,148.37,148.37,148.37,148.37,0,0
1789077000000,2026-09-10T21:50:00Z,148.37,148.37,147.89,148.27,1.11,164.4638
1789077300000,2026-09-10T21:55:00Z,148.27,148.27,148.02,148.02,0.24,35.5248
1789077600000,2026-09-10T22:00:00Z,148.02,148.02,147.83,147.83,5.19,767.2437
1789077900000,2026-09-10T22:05:00Z,147.83,147.83,147.83,147.83,0,0
1789078200000,2026-09-10T22:10:00Z,147.83,147.83,147.83,147.83,0,0
1789078500000,2026-09-10T22:15:00Z,147.83,148.23,147.68,148.23,211.35,31231.2233
1789078800000,2026-09-10T22:20:00Z,148.23,148.23,148.23,148.23,0,0
1789079100000,2026-09-10T22:25:00Z,148.23,148.23,147.86,147.86,0.07,10.3502
1789079400000,2026-09-10T22:30:00Z,147.86,147.86,147.86,147.86,0,0
1789079700000,2026-09-10T22:35:00Z,147.86,147.86,147.82,147.82,0.09,13.3038
1789080000000,2026-09-10T22:40:00Z,147.82,148.03,147.6,147.6,0.52,76.8638
1789080300000,2026-09-10T22:45:00Z,147.6,147.6,147.6,147.6,0,0
1789080600000,2026-09-10T22:50:00Z,147.6,148.09,147.6,148.09,0.07,10.3663
1789080900000,2026-09-10T22:55:00Z,148.09,148.09,148.09,148.09,0,0
1789081200000,2026-09-10T23:00:00Z,148.09,148.09,148.09,148.09,0,0
1789081500000,2026-09-10T23:05:00Z,148.09,148.09,147.87,147.87,0.18,26.6166
1789081800000,2026-09-10T23:10:00Z,147.87,147.87,147.87,147.87,0,0
1789082100000,2026-09-10T23:15:00Z,147.87,147.87,147.87,147.87,0,0
1789082400000,2026-09-10T23:20:00Z,147.87,147.87,147.87,147.87,0,0
1789082700000,2026-09-10T23:25:00Z,147.87,147.87,147.85,147.85,0.24,35.484
1789083000000,2026-09-10T23:30:00Z,147.85,147.85,147.85,147.85,0,0
1789083300000,2026-09-10T23:35:00Z,147.85,147.85,147.85,147.85,0,0
1789083600000,2026-09-10T23:40:00Z,147.85,147.85,147.85,147.85,0,0
1789083900000,2026-09-10T23:45:00Z,147.85,148.02,147.85,148.02,9.81,1452.0645
1789084200000,2026-09-10T23:50:00Z,148.02,148.02,148.02,148.02,0,0
1789084500000,2026-09-10T23:55:00Z,148.02,148.02,148.02,148.02,0,0
1789084800000,2026-09-11T00:00:00Z,148.02,148.2,147.92,148.2,0.86,127.312
1789085100000,2026-09-11T00:05:00Z,148.2,148.87,148.2,148.33,2.56,380.9691
1789085400000,2026-09-11T00:10:00Z,148.33,148.56,147.96,148.3,0.23,34.0922
1789085700000,2026-09-11T00:15:00Z,148.3,148.37,148.3,148.37,0.32,47.4784
1789086000000,2026-09-11T00:20:00Z,148.37,148.37,148.37,148.37,0,0
1789086300000,2026-09-11T00:25:00Z,148.37,148.37,147.99,148.26,0.34,50.3625
1789086600000,2026-09-11T00:30:00Z,148.26,148.26,148.26,148.26,0,0
1789086900000,2026-09-11T00:35:00Z,148.26,148.43,148.01,148.43,0.14,20.7508
1789087200000,2026-09-11T00:40:00Z,148.43,148.43,148.16,148.16,0.18,26.6688
1789087500000,2026-09-11T00:45:00Z,148.16,148.16,148.16,148.16,0,0
1789087800000,2026-09-11T00:50:00Z,148.16,148.34,148.16,148.34,0.31,45.9854
1789088100000,2026-09-11T00:55:00Z,148.34,148.5,148.34,148.5,1.63,241.8494
1789088400000,2026-09-11T01:00:00Z,148.5,148.5,148.42,148.42,0.32,47.4944
1789088700000,2026-09-11T01:05:00Z,148.42,148.42,148.42,148.42,0,0
1789089000000,2026-09-11T01:10:00Z,148.42,148.42,148.41,148.41,0.11,16.3251
1789089300000,2026-09-11T01:15:00Z,148.41,148.42,148.41,148.42,0.31,46.0102
1789089600000,2026-09-11T01:20:00Z,148.42,148.42,148.42,148.42,0,0
1789089900000,2026-09-11T01:25:00Z,148.42,148.58,148.26,148.58,0.42,62.3364
1789090200000,2026-09-11T01:30:00Z,148.58,148.58,148.58,148.58,0,0
1789090500000,2026-09-11T01:35:00Z,148.58,148.58,148.58,148.58,0,0
1789090800000,2026-09-11T01:40:00Z,148.58,148.58,148.26,148.26,0.52,77.0983
1789091100000,2026-09-11T01:45:00Z,148.26,148.26,148.11,148.11,0.25,37.0275
1789091400000,2026-09-11T01:50:00Z,148.11,148.12,148.11,148.12,0.07,10.3684
1789091700000,2026-09-11T01:55:00Z,148.12,148.12,148.1,148.1,0.19,28.139
1789092000000,2026-09-11T02:00:00Z,148.1,148.25,148.1,148.25,0.14,20.748
1789092300000,2026-09-11T02:05:00Z,148.25,148.25,148.06,148.06,0.52,77.0406
1789092600000,2026-09-11T02:10:00Z,148.06,148.06,148.06,148.06,0,0
1789092900000,2026-09-11T02:15:00Z,148.06,148.06,148.06,148.06,0,0
1789093200000,2026-09-11T02:20:00Z,148.06,148.06,148.06,148.06,0,0
1789093500000,2026-09-11T02:25:00Z,148.06,148.3,148.06,148.3,0.34,50.3897
1789093800000,2026-09-11T02:30:00Z,148.3,148.3,148.3,148.3,0,0
1789094100000,2026-09-11T02:35:00Z,148.3,148.3,147.84,147.84,0.09,13.3056
1789094400000,2026-09-11T02:40:00Z,147.84,148.03,147.84,148.03,0.22,32.5666
1789094700000,2026-09-11T02:45:00Z,148.03,148.03,147.78,147.78,0.12,17.7336
1789095000000,2026-09-11T02:50:00Z,147.78,147.78,147.78,147.78,0,0
1789095300000,2026-09-11T02:55:00Z,147.78,147.78,147.78,147.78,0,0
1789095600000,2026-09-11T03:00:00Z,147.78,147.93,147.77,147.93,0.2,29.57
1789095900000,2026-09-11T03:05:00Z,147.93,147.93,147.93,147.93,0,0
1789096200000,2026-09-11T03:10:00Z,147.93,147.93,147.93,147.93,0,0
1789096500000,2026-09-11T03:15:00Z,147.93,147.93,147.48,147.48,3.83,565.1944
1789096800000,2026-09-11T03:20:00Z,147.48,147.48,147.48,147.48,0,0
1789097100000,2026-09-11T03:25:00Z,147.48,147.48,146.9,147.42,0.42,61.8072
1789097400000,2026-09-11T03:30:00Z,147.42,147.42,147.42,147.42,0,0
1789097700000,2026-09-11T03:35:00Z,147.42,147.42,147.42,147.42,0,0
1789098000000,2026-09-11T03:40:00Z,147.42,147.51,147.42,147.51,0.31,45.7281
1789098300000,2026-09-11T03:45:00Z,147.51,147.51,147.51,147.51,0,0
1789098600000,2026-09-11T03:50:00Z,147.51,147.59,147.51,147.59,1.45,213.9609
1789098900000,2026-09-11T03:55:00Z,147.59,147.59,147.59,147.59,0,0
1789099200000,2026-09-11T04:00:00Z,147.59,147.59,147.13,147.36,1.28,188.6111
1789099500000,2026-09-11T04:05:00Z,147.36,147.36,147.36,147.36,0,0
1789099800000,2026-09-11T04:10:00Z,147.36,147.36,147.36,147.36,0,0
1789100100000,2026-09-11T04:15:00Z,147.36,147.36,147.36,147.36,0,0
1789100400000,2026-09-11T04:20:00Z,147.36,147.52,147.36,147.52,1.94,286.0992
1789100700000,2026-09-11T04:25:00Z,147.52,147.53,147.52,147.53,0.01,1.4753
1789101000000,2026-09-11T04:30:00Z,147.53,147.61,147.53,147.61,0.81,119.5641
1789101300000,2026-09-11T04:35:00Z,147.61,147.61,147.61,147.61,0,0
1789101600000,2026-09-11T04:40:00Z,147.61,147.63,147.48,147.63,0.3,44.2665
1789101900000,2026-09-11T04:45:00Z,147.63,147.63,147.63,147.63,0,0
1789102200000,2026-09-11T04:50:00Z,147.63,147.63,147.63,147.63,0,0
1789102500000,2026-09-11T04:55:00Z,147.63,147.63,147.63,147.63,0,0
1789102800000,2026-09-11T05:00:00Z,147.63,147.63,147.48,147.57,1.92,283.2326
1789103100000,2026-09-11T05:05:00Z,147.57,147.57,147.57,147.57,0,0
1789103400000,2026-09-11T05:10:00Z,147.57,147.76,147.57,147.76,2.3,339.7542
1789103700000,2026-09-11T05:15:00Z,147.76,147.76,147.48,147.48,1.17,172.5806
1789104000000,2026-09-11T05:20:00Z,147.48,147.48,147.48,147.48,0,0
1789104300000,2026-09-11T05:25:00Z,147.48,147.69,147.48,147.69,0.15,22.1535
1789104600000,2026-09-11T05:30:00Z,147.69,147.72,147.59,147.59,0.26,38.3903
1789104900000,2026-09-11T05:35:00Z,147.59,147.87,147.59,147.87,1.33,196.5302
1789105200000,2026-09-11T05:40:00Z,147.87,147.87,147.87,147.87,0,0
1789105500000,2026-09-11T05:45:00Z,147.87,147.87,147.81,147.82,0.33,48.7782
1789105800000,2026-09-11T05:50:00Z,147.82,147.96,147.81,147.81,0.34,50.2809
1789106100000,2026-09-11T05:55:00Z,147.81,147.81,147.81,147.81,0,0
1789106400000,2026-09-11T06:00:00Z,147.81,147.94,147.81,147.94,1.44,213.0018
1789106700000,2026-09-11T06:05:00Z,147.94,148.01,147.94,148,0.41,60.6831
1789107000000,2026-09-11T06:10:00Z,148,148,148,148,0,0
1789107300000,2026-09-11T06:15:00Z,148,148,147.94,147.94,0.26,38.4644
1789107600000,2026-09-11T06:20:00Z,147.94,148.06,147.94,148.06,0.71,105.1149
1789107900000,2026-09-11T06:25:00Z,148.06,148.11,147.92,148.11,2.93,433.8807
1789108200000,2026-09-11T06:30:00Z,148.11,148.11,148.11,148.11,0,0
1789108500000,2026-09-11T06:35:00Z,148.11,148.11,148.11,148.11,0,0
1789108800000,2026-09-11T06:40:00Z,148.11,148.28,148.11,148.28,0.2,29.656
1789109100000,2026-09-11T06:45:00Z,148.28,148.42,148.28,148.42,0.1,14.842
1789109400000,2026-09-11T06:50:00Z,148.42,148.42,148.42,148.42,0,0
1789109700000,2026-09-11T06:55:00Z,148.42,148.42,148.42,148.42,0,0
1789110000000,2026-09-11T07:00:00Z,148.42,148.42,148.42,148.42,0,0
1789110300000,2026-09-11T07:05:00Z,148.42,148.42,148.42,148.42,0,0
1789110600000,2026-09-11T07:10:00Z,148.42,148.53,148.42,148.53,0.1,14.853
1789110900000,2026-09-11T07:15:00Z,148.53,148.56,148.47,148.56,0.51,75.7476
1789111200000,2026-09-11T07:20:00Z,148.56,148.56,148.56,148.56,0,0
1789111500000,2026-09-11T07:25:00Z,148.56,148.56,148.56,148.56,0,0
1789111800000,2026-09-11T07:30:00Z,148.56,148.56,148.56,148.56,0,0
1789112100000,2026-09-11T07:35:00Z,148.56,148.56,148.56,148.56,0,0
1789112400000,2026-09-11T07:40:00Z,148.56,148.56,148.47,148.47,0.46,68.2993
1789112700000,2026-09-11T07:45:00Z,148.47,148.5,148.47,148.49,0.51,75.733
1789113000000,2026-09-11T07:50:00Z,148.49,148.49,148.49,148.49,0,0
1789113300000,2026-09-11T07:55:00Z,148.49,148.49,148.39,148.39,0.31,46.0009
1789113600000,2026-09-11T08:00:00Z,148.39,149.84,148.39,148.75,14.49,2162.4552
1789113900000,2026-09-11T08:05:00Z,148.75,148.75,148.75,148.75,0,0
1789114200000,2026-09-11T08:10:00Z,148.75,148.75,148.1,148.11,0.32,47.3944
1789114500000,2026-09-11T08:15:00Z,148.11,148.59,148.11,148.59,0.53,78.6639
1789114800000,2026-09-11T08:20:00Z,148.59,148.66,148.59,148.66,0.09,13.3794
1789115100000,2026-09-11T08:25:00Z,148.66,148.66,148.66,148.66,0,0
1789115400000,2026-09-11T08:30:00Z,148.66,149.43,148.66,149.43,0.59,88.0558
1789115700000,2026-09-11T08:35:00Z,149.43,149.43,149.43,149.43,0,0
1789116000000,2026-09-11T08:40:00Z,149.43,149.6,149.43,149.6,0.09,13.464
1789116300000,2026-09-11T08:45:00Z,149.6,149.6,149.6,149.6,0,0
1789116600000,2026-09-11T08:50:00Z,149.6,150.13,149.6,149.99,2.74,410.9935
1789116900000,2026-09-11T08:55:00Z,149.99,149.99,149.84,149.84,0.27,40.4631
1789117200000,2026-09-11T09:00:00Z,149.84,149.84,149.63,149.63,0.24,35.924
1789117500000,2026-09-11T09:05:00Z,149.63,149.87,149.21,149.87,0.4,59.807
1789117800000,2026-09-11T09:10:00Z,149.87,149.87,149.27,149.27,0.2,29.854
1789118100000,2026-09-11T09:15:00Z,149.27,149.27,149.27,149.27,0,0
1789118400000,2026-09-11T09:20:00Z,149.27,149.42,149.27,149.42,0.26,38.8492
1789118700000,2026-09-11T09:25:00Z,149.42,149.42,149.42,149.42,0,0
1789119000000,2026-09-11T09:30:00Z,149.42,149.42,149.05,149.05,0.13,19.3765
1789119300000,2026-09-11T09:35:00Z,149.05,149.05,149.05,149.05,0,0
1789119600000,2026-09-11T09:40:00Z,149.05,149.05,149.05,149.05,0,0
1789119900000,2026-09-11T09:45:00Z,149.05,149.26,149.05,149.26,0.04,5.9704
1789120200000,2026-09-11T09:50:00Z,149.26,149.26,149.26,149.26,0,0
1789120500000,2026-09-11T09:55:00Z,149.26,149.26,149.26,149.26,0,0
1789120800000,2026-09-11T10:00:00Z,149.26,149.26,149.23,149.23,0.08,11.9384
1789121100000,2026-09-11T10:05:00Z,149.23,149.56,149.16,149.56,0.4,59.744
1789121400000,2026-09-11T10:10:00Z,149.56,149.56,149.16,149.16,0.25,37.29
1789121700000,2026-09-11T10:15:00Z,149.16,149.55,149.16,149.55,0.2,29.873
1789122000000,2026-09-11T10:20:00Z,149.55,149.55,149.03,149.03,0.76,113.3515
1789122300000,2026-09-11T10:25:00Z,149.03,149.03,148.88,148.88,2.29,341.0807
1789122600000,2026-09-11T10:30:00Z,148.88,148.88,148.88,148.88,0,0
1789122900000,2026-09-11T10:35:00Z,148.88,149.35,148.88,149.35,0.54,80.6006
1789123200000,2026-09-11T10:40:00Z,149.35,149.35,149.32,149.32,0.1,14.932
1789123500000,2026-09-11T10:45:00Z,149.32,149.32,149.32,149.32,0,0
1789123800000,2026-09-11T10:50:00Z,149.32,149.32,149.32,149.32,0,0
1789124100000,2026-09-11T10:55:00Z,149.32,149.76,149.32,149.76,34.24,5126.0392
1789124400000,2026-09-11T11:00:00Z,149.76,149.76,149.76,149.76,0,0
1789124700000,2026-09-11T11:05:00Z,149.76,149.76,148.95,148.95,0.26,38.727
1789125000000,2026-09-11T11:10:00Z,148.95,148.95,148.95,148.95,0,0
1789125300000,2026-09-11T11:15:00Z,148.95,148.95,148.91,148.91,1.12,166.7966
1789125600000,2026-09-11T11:20:00Z,148.91,149.06,148.91,149.06,0.01,1.4906
1789125900000,2026-09-11T11:25:00Z,149.06,149.06,149.06,149.06,0,0
1789126200000,2026-09-11T11:30:00Z,149.06,149.07,149.06,149.07,0.17,25.3419
1789126500000,2026-09-11T11:35:00Z,149.07,149.11,149.07,149.11,0.23,34.2953
1789126800000,2026-09-11T11:40:00Z,149.11,149.11,149.11,149.11,0,0
1789127100000,2026-09-11T11:45:00Z,149.11,149.2,149.11,149.2,0.12,17.904
1789127400000,2026-09-11T11:50:00Z,149.2,149.2,149.09,149.09,0.14,20.8726
1789127700000,2026-09-11T11:55:00Z,149.09,149.09,149.09,149.09,0,0
1789128000000,2026-09-11T12:00:00Z,149.09,149.09,148.49,148.49,37.56,5578.1135
1789128300000,2026-09-11T12:05:00Z,148.49,148.49,148.49,148.49,0,0
1789128600000,2026-09-11T12:10:00Z,148.49,148.49,148.49,148.49,0,0
1789128900000,2026-09-11T12:15:00Z,148.49,148.49,148.27,148.27,0.07,10.3789
1789129200000,2026-09-11T12:20:00Z,148.27,148.52,148.23,148.52,0.42,62.3175
1789129500000,2026-09-11T12:25:00Z,148.52,148.52,147.23,147.23,4.44,654.3542
1789129800000,2026-09-11T12:30:00Z,147.23,147.93,145.76,146.75,15.94,2351.4421
1789130100000,2026-09-11T12:35:00Z,146.75,147.88,146.75,147.88,1.11,163.8903
1789130400000,2026-09-11T12:40:00Z,147.88,149.12,147.88,148,0.8,118.8202
1789130700000,2026-09-11T12:45:00Z,148,148.15,148,148.15,0.15,22.2225
1789131000000,2026-09-11T12:50:00Z,148.15,148.15,148.15,148.15,0,0
1789131300000,2026-09-11T12:55:00Z,148.15,148.95,148.15,148.95,0.26,38.6588
1789131600000,2026-09-11T13:00:00Z,148.95,149.55,148.74,148.74,1.75,260.8219
1789131900000,2026-09-11T13:05:00Z,148.74,148.74,148.74,148.74,0,0
1789132200000,2026-09-11T13:10:00Z,148.74,148.74,147.83,147.83,0.15,22.1745
1789132500000,2026-09-11T13:15:00Z,147.83,148.54,147.83,148.54,1.31,194.5874
1789132800000,2026-09-11T13:20:00Z,148.54,148.54,147.83,147.83,1.96,290.484
1789133100000,2026-09-11T13:25:00Z,147.83,147.83,145.13,145.48,18.09,2637.7981
1789133400000,2026-09-11T13:30:00Z,145.48,148.04,144.24,144.98,13.36,1940.3376
1789133700000,2026-09-11T13:35:00Z,144.98,145.32,142.43,142.8,5.95,855.7559
1789134000000,2026-09-11T13:40:00Z,142.8,145.32,141.01,143.52,62.67,9000.3505
1789134300000,2026-09-11T13:45:00Z,143.52,146.48,142.92,145.98,32.84,4752.4804
1789134600000,2026-09-11T13:50:00Z,145.98,146.32,144.88,145.61,95.82,13955.7735
1789134900000,2026-09-11T13:55:00Z,145.61,145.96,145.25,145.96,0.94,136.8946
1789135200000,2026-09-11T14:00:00Z,145.96,147.04,144.88,144.88,3.11,454.126
1789135500000,2026-09-11T14:05:00Z,144.88,145.24,144.52,145.24,1.06,153.5944
1789135800000,2026-09-11T14:10:00Z,145.24,146.94,144.88,146.01,11.29,1644.9207
1789136100000,2026-09-11T14:15:00Z,146.01,146.67,144.87,145.28,5.65,822.4223
1789136400000,2026-09-11T14:20:00Z,145.28,146.31,145.25,145.25,1.53,222.8327
1789136700000,2026-09-11T14:25:00Z,145.25,145.89,145.24,145.24,1.36,198.0162
1789137000000,2026-09-11T14:30:00Z,145.24,145.24,140.55,141.47,31.71,4499.2293
1789137300000,2026-09-11T14:35:00Z,141.47,141.76,138.95,138.95,92.3,12984.6082
1789137600000,2026-09-11T14:40:00Z,138.95,140.26,138.79,139.3,12.5,1744.0216
1789137900000,2026-09-11T14:45:00Z,139.3,139.65,138.95,139.64,16.02,2230.0003
1789138200000,2026-09-11T14:50:00Z,139.64,139.65,139.06,139.65,0.13,18.1132
1789138500000,2026-09-11T14:55:00Z,139.65,139.65,139.08,139.65,4.03,560.6498
1789138800000,2026-09-11T15:00:00Z,139.65,141.05,139.24,140.94,13.24,1852.7768
1789139100000,2026-09-11T15:05:00Z,140.94,141.72,140.74,141.01,8.1,1143.7143
1789139400000,2026-09-11T15:10:00Z,141.01,141.72,140.53,140.7,1.71,241.2533
1789139700000,2026-09-11T15:15:00Z,140.7,141.05,140.7,141.05,0.06,8.463
1789140000000,2026-09-11T15:20:00Z,141.05,141.75,141.05,141.75,13.78,1951.9058
1789140300000,2026-09-11T15:25:00Z,141.75,141.88,141.4,141.4,0.16,22.672
1789140600000,2026-09-11T15:30:00Z,141.4,141.4,141.05,141.05,0.06,8.463
1789140900000,2026-09-11T15:35:00Z,141.05,142.1,141.05,142.1,3.63,513.6814
1789141200000,2026-09-11T15:40:00Z,142.1,142.1,142.1,142.1,0,0
1789141500000,2026-09-11T15:45:00Z,142.1,142.1,142.1,142.1,0,0
1789141800000,2026-09-11T15:50:00Z,142.1,142.1,141.75,141.75,0.37,52.4506
1789142100000,2026-09-11T15:55:00Z,141.75,141.75,141.75,141.75,0,0
1789142400000,2026-09-11T16:00:00Z,141.75,142.1,141.75,142.1,0.69,97.9979
1789142700000,2026-09-11T16:05:00Z,142.1,142.77,142.1,142.77,1.19,169.679
1789143000000,2026-09-11T16:10:00Z,142.77,142.77,141.2,141.33,79.75,11272.5737
1789143300000,2026-09-11T16:15:00Z,141.33,141.75,141.33,141.75,0.56,79.38
1789143600000,2026-09-11T16:20:00Z,141.75,141.97,141.75,141.97,2.06,292.3472
1789143900000,2026-09-11T16:25:00Z,141.97,141.97,141.54,141.55,69.78,9882.837
1789144200000,2026-09-11T16:30:00Z,141.55,141.63,141.54,141.63,20.28,2870.46
1789144500000,2026-09-11T16:35:00Z,141.63,141.63,141.4,141.4,40.31,5701.9365
1789144800000,2026-09-11T16:40:00Z,141.4,141.4,141.4,141.4,0,0
1789145100000,2026-09-11T16:45:00Z,141.4,142.07,141.4,142.07,7.31,1036.9693
1789145400000,2026-09-11T16:50:00Z,142.07,142.07,142.07,142.07,0,0
1789145700000,2026-09-11T16:55:00Z,142.07,142.37,142.07,142.37,5.52,785.677
1789146000000,2026-09-11T17:00:00Z,142.37,142.61,142.36,142.61,45.51,6479.9015
1789146300000,2026-09-11T17:05:00Z,142.61,142.83,142.61,142.83,3.15,449.7264
1789146600000,2026-09-11T17:10:00Z,142.83,143.82,142.83,143.67,78.94,11334.0017
1789146900000,2026-09-11T17:15:00Z,143.67,143.94,143.67,143.94,0.08,11.5152
1789147200000,2026-09-11T17:20:00Z,143.94,144.86,143.8,144.86,149.04,21471.1747
1789147500000,2026-09-11T17:25:00Z,144.86,145.51,144.75,144.75,5.08,736.9212
1789147800000,2026-09-11T17:30:00Z,144.75,145.43,144.72,145.43,1.83,265.2632
1789148100000,2026-09-11T17:35:00Z,145.43,145.56,145.4,145.56,1.02,148.4296
1789148400000,2026-09-11T17:40:00Z,145.56,145.56,145.56,145.56,0,0
1789148700000,2026-09-11T17:45:00Z,145.56,145.56,145.56,145.56,0,0
1789149000000,2026-09-11T17:50:00Z,145.56,145.98,145.39,145.98,4.8,699.2513
1789149300000,2026-09-11T17:55:00Z,145.98,146.22,145.8,145.8,0.08,11.6808
1789149600000,2026-09-11T18:00:00Z,145.8,145.81,145.5,145.5,0.27,39.312
1789149900000,2026-09-11T18:05:00Z,145.5,145.79,145.18,145.54,1.84,267.6146
1789150200000,2026-09-11T18:10:00Z,145.54,145.54,145.54,145.54,0,0
1789150500000,2026-09-11T18:15:00Z,145.54,145.54,145.29,145.29,0.31,45.0399
1789150800000,2026-09-11T18:20:00Z,145.29,145.29,145.13,145.13,0.43,62.4127
1789151100000,2026-09-11T18:25:00Z,145.13,145.42,145.13,145.42,1.03,149.6973
1789151400000,2026-09-11T18:30:00Z,145.42,145.42,145.28,145.28,0.06,8.7168
1789151700000,2026-09-11T18:35:00Z,145.28,145.28,145.28,145.28,0,0
1789152000000,2026-09-11T18:40:00Z,145.28,145.28,145.28,145.28,0,0
1789152300000,2026-09-11T18:45:00Z,145.28,145.28,145.28,145.28,0,0
1789152600000,2026-09-11T18:50:00Z,145.28,145.28,144.88,144.88,0.12,17.3874
1789152900000,2026-09-11T18:55:00Z,144.88,144.88,144.88,144.88,0,0
1789153200000,2026-09-11T19:00:00Z,144.88,145.31,144.88,145.31,0.23,33.3901
1789153500000,2026-09-11T19:05:00Z,145.31,145.49,145.31,145.49,0.15,21.8214
1789153800000,2026-09-11T19:10:00Z,145.49,145.62,145.25,145.25,2.34,340.3503
1789154100000,2026-09-11T19:15:00Z,145.25,145.25,145.25,145.25,0,0
1789154400000,2026-09-11T19:20:00Z,145.25,145.27,145.25,145.27,0.06,8.7162
1789154700000,2026-09-11T19:25:00Z,145.27,145.59,144.83,144.83,6.88,998.383
1789155000000,2026-09-11T19:30:00Z,144.83,144.83,144.83,144.83,0,0
1789155300000,2026-09-11T19:35:00Z,144.83,144.83,144.54,144.54,0.26,37.5804
1789155600000,2026-09-11T19:40:00Z,144.54,144.82,144.54,144.82,0.27,39.0718
1789155900000,2026-09-11T19:45:00Z,144.82,144.82,144.41,144.7,0.24,34.6932
1789156200000,2026-09-11T19:50:00Z,144.7,145.39,144.64,145.39,21,3041.6619
1789156500000,2026-09-11T19:55:00Z,145.39,146.77,145.39,146.77,7.75,1132.2189
1789156800000,2026-09-11T20:00:00Z,146.77,146.77,145.06,145.64,2.76,402.3433
1789157100000,2026-09-11T20:05:00Z,145.64,145.64,145.64,145.64,0,0
1789157400000,2026-09-11T20:10:00Z,145.64,146.1,145.5,145.5,1.69,246.3262
1789157700000,2026-09-11T20:15:00Z,145.5,145.5,145.5,145.5,0,0
1789158000000,2026-09-11T20:20:00Z,145.5,145.5,145.5,145.5,0,0
1789158300000,2026-09-11T20:25:00Z,145.5,145.5,145.5,145.5,0,0
1789158600000,2026-09-11T20:30:00Z,145.5,146.04,145.5,146.04,0.28,40.8646
1789158900000,2026-09-11T20:35:00Z,146.04,146.04,145.83,145.83,1.93,281.5544
1789159200000,2026-09-11T20:40:00Z,145.83,145.83,145.76,145.76,0.17,24.7792
1789159500000,2026-09-11T20:45:00Z,145.76,145.93,145.76,145.93,0.1,14.593
1789159800000,2026-09-11T20:50:00Z,145.93,145.93,145.87,145.87,0.11,16.0457
1789160100000,2026-09-11T20:55:00Z,145.87,145.87,145.87,145.87,0,0
1789160400000,2026-09-11T21:00:00Z,145.87,145.93,145.87,145.93,0.07,10.2151
1789160700000,2026-09-11T21:05:00Z,145.93,145.96,145.93,145.96,0.07,10.2172
1789161000000,2026-09-11T21:10:00Z,145.96,145.96,145.96,145.96,0,0
1789161300000,2026-09-11T21:15:00Z,145.96,146,145.96,146,0.18,26.28
1789161600000,2026-09-11T21:20:00Z,146,146,146,146,0,0
1789161900000,2026-09-11T21:25:00Z,146,146.01,145.14,145.74,35.83,5216.7778
1789162200000,2026-09-11T21:30:00Z,145.74,145.93,145.52,145.93,8.61,1252.9559
1789162500000,2026-09-11T21:35:00Z,145.93,145.93,145.93,145.93,0,0
1789162800000,2026-09-11T21:40:00Z,145.93,146.09,145.47,145.47,13.42,1952.2901
1789163100000,2026-09-11T21:45:00Z,145.47,146.12,145.47,146.12,0.06,8.7672
1789163400000,2026-09-11T21:50:00Z,146.12,146.27,146.12,146.27,0.28,40.936
1789163700000,2026-09-11T21:55:00Z,146.27,146.48,146.27,146.48,0.61,89.2559
1789164000000,2026-09-11T22:00:00Z,146.48,146.48,145.68,145.68,0.04,5.8272
1789164300000,2026-09-11T22:05:00Z,145.68,146.3,145.68,146.3,0.19,27.797
1789164600000,2026-09-11T22:10:00Z,146.3,146.3,146.3,146.3,0,0
1789164900000,2026-09-11T22:15:00Z,146.3,146.3,146.3,146.3,0,0
1789165200000,2026-09-11T22:20:00Z,146.3,146.3,146.3,146.3,0,0
1789165500000,2026-09-11T22:25:00Z,146.3,146.3,146.14,146.25,0.38,55.5673
1789165800000,2026-09-11T22:30:00Z,146.25,146.26,146.09,146.09,0.3,43.8525
1789166100000,2026-09-11T22:35:00Z,146.09,146.2,146.09,146.2,0.09,13.158
1789166400000,2026-09-11T22:40:00Z,146.2,146.36,146.2,146.36,1.56,228.2586
1789166700000,2026-09-11T22:45:00Z,146.36,146.36,146.36,146.36,0,0
1789167000000,2026-09-11T22:50:00Z,146.36,146.36,146.36,146.36,0,0
1789167300000,2026-09-11T22:55:00Z,146.36,146.36,146.36,146.36,0,0
1789167600000,2026-09-11T23:00:00Z,146.36,146.36,146.36,146.36,0,0
1789167900000,2026-09-11T23:05:00Z,146.36,146.36,146.33,146.33,0.23,33.6559
1789168200000,2026-09-11T23:10:00Z,146.33,146.33,146.33,146.33,0,0
1789168500000,2026-09-11T23:15:00Z,146.33,146.33,146.33,146.33,0,0
1789168800000,2026-09-11T23:20:00Z,146.33,146.43,146.28,146.43,0.34,49.7607
1789169100000,2026-09-11T23:25:00Z,146.43,146.55,146.23,146.55,0.26,38.0614
1789169400000,2026-09-11T23:30:00Z,146.55,146.55,146.55,146.55,0,0
1789169700000,2026-09-11T23:35:00Z,146.55,146.55,146.55,146.55,0,0
1789170000000,2026-09-11T23:40:00Z,146.55,146.55,146.28,146.28,0.23,33.6444
1789170300000,2026-09-11T23:45:00Z,146.28,146.39,146.28,146.39,0.08,11.7112
1789170600000,2026-09-11T23:50:00Z,146.39,146.39,146.39,146.39,0,0
1789170900000,2026-09-11T23:55:00Z,146.39,146.39,146.39,146.39,0,0
1789171200000,2026-09-12T00:00:00Z,146.39,146.39,146.39,146.39,0,0
1789171500000,2026-09-12T00:05:00Z,146.39,146.47,146.34,146.47,0.14,20.4967
1789171800000,2026-09-12T00:10:00Z,146.47,146.48,146.35,146.48,0.4,58.566
1789172100000,2026-09-12T00:15:00Z,146.48,146.48,146.48,146.48,0,0
1789172400000,2026-09-12T00:20:00Z,146.48,146.48,146.3,146.32,1,146.3134
1789172700000,2026-09-12T00:25:00Z,146.32,146.32,146.32,146.32,0,0
1789173000000,2026-09-12T00:30:00Z,146.32,146.32,146.32,146.32,0,0
1789173300000,2026-09-12T00:35:00Z,146.32,146.32,146.32,146.32,0,0
1789173600000,2026-09-12T00:40:00Z,146.32,146.32,146.32,146.32,0,0
1789173900000,2026-09-12T00:45:00Z,146.32,146.4,146.32,146.4,0.18,26.352
1789174200000,2026-09-12T00:50:00Z,146.4,146.4,146.39,146.4,0.46,67.3409
1789174500000,2026-09-12T00:55:00Z,146.4,146.4,146.35,146.35,0.22,32.197
1789174800000,2026-09-12T01:00:00Z,146.35,146.35,146.35,146.35,0,0
1789175100000,2026-09-12T01:05:00Z,146.35,146.35,146.35,146.35,0,0
1789175400000,2026-09-12T01:10:00Z,146.35,146.35,146.35,146.35,0,0
1789175700000,2026-09-12T01:15:00Z,146.35,146.41,146.35,146.41,0.2,29.282
1789176000000,2026-09-12T01:20:00Z,146.41,146.41,146.41,146.41,0,0
1789176300000,2026-09-12T01:25:00Z,146.41,146.41,146.41,146.41,0,0
1789176600000,2026-09-12T01:30:00Z,146.41,146.47,146.41,146.47,0.16,23.4352
1789176900000,2026-09-12T01:35:00Z,146.47,146.47,146.47,146.47,0,0
1789177200000,2026-09-12T01:40:00Z,146.47,146.47,146.47,146.47,0,0
1789177500000,2026-09-12T01:45:00Z,146.47,146.47,146.47,146.47,0,0
1789177800000,2026-09-12T01:50:00Z,146.47,146.47,146.47,146.47,0,0
1789178100000,2026-09-12T01:55:00Z,146.47,146.47,146.47,146.47,0,0
1789178400000,2026-09-12T02:00:00Z,146.47,146.47,146.35,146.46,0.48,70.292
1789178700000,2026-09-12T02:05:00Z,146.46,146.47,146.46,146.47,0.13,19.0411
1789179000000,2026-09-12T02:10:00Z,146.47,146.47,146.47,146.47,0,0
1789179300000,2026-09-12T02:15:00Z,146.47,146.47,146.47,146.47,0,0
1789179600000,2026-09-12T02:20:00Z,146.47,146.47,146.47,146.47,0,0
1789179900000,2026-09-12T02:25:00Z,146.47,146.47,146.47,146.47,0,0
1789180200000,2026-09-12T02:30:00Z,146.47,146.47,146.47,146.47,0,0
1789180500000,2026-09-12T02:35:00Z,146.47,146.47,146.47,146.47,0,0
1789180800000,2026-09-12T02:40:00Z,146.47,146.47,146.33,146.33,0.22,32.1926
1789181100000,2026-09-12T02:45:00Z,146.33,146.33,146.33,146.33,0,0
1789181400000,2026-09-12T02:50:00Z,146.33,146.33,146.33,146.33,0,0
1789181700000,2026-09-12T02:55:00Z,146.33,146.33,146.33,146.33,0,0
1789182000000,2026-09-12T03:00:00Z,146.33,146.4,146.33,146.4,0.26,38.064
1789182300000,2026-09-12T03:05:00Z,146.4,146.4,146.35,146.35,0.11,16.0985
1789182600000,2026-09-12T03:10:00Z,146.35,146.35,146.35,146.35,0,0
1789182900000,2026-09-12T03:15:00Z,146.35,146.5,146.34,146.5,1.12,163.9865
1789183200000,2026-09-12T03:20:00Z,146.5,146.5,146.5,146.5,0,0
1789183500000,2026-09-12T03:25:00Z,146.5,146.5,146.5,146.5,0,0
1789183800000,2026-09-12T03:30:00Z,146.5,146.5,146.5,146.5,0,0
1789184100000,2026-09-12T03:35:00Z,146.5,146.5,146.5,146.5,0,0
1789184400000,2026-09-12T03:40:00Z,146.5,146.5,146.5,146.5,0,0
1789184700000,2026-09-12T03:45:00Z,146.5,146.5,146.33,146.47,0.55,80.5263
1789185000000,2026-09-12T03:50:00Z,146.47,146.47,146.46,146.46,0.25,36.615
1789185300000,2026-09-12T03:55:00Z,146.46,146.46,146.46,146.46,0,0
1789185600000,2026-09-12T04:00:00Z,146.46,146.46,146.46,146.46,0,0
1789185900000,2026-09-12T04:05:00Z,146.46,146.46,146.46,146.46,0.19,27.8274
1789186200000,2026-09-12T04:10:00Z,146.46,146.46,146.46,146.46,0,0
1789186500000,2026-09-12T04:15:00Z,146.46,146.46,146.46,146.46,0,0
1789186800000,2026-09-12T04:20:00Z,146.46,146.46,146.4,146.4,0.07,10.248
1789187100000,2026-09-12T04:25:00Z,146.4,146.4,146.4,146.4,0,0
1789187400000,2026-09-12T04:30:00Z,146.4,146.42,146.4,146.42,0.11,16.1062
1789187700000,2026-09-12T04:35:00Z,146.42,146.42,146.42,146.42,0,0
1789188000000,2026-09-12T04:40:00Z,146.42,146.42,146.42,146.42,0,0
1789188300000,2026-09-12T04:45:00Z,146.42,146.42,146.4,146.4,0.12,17.568
1789188600000,2026-09-12T04:50:00Z,146.4,146.4,146.4,146.4,0,0
1789188900000,2026-09-12T04:55:00Z,146.4,146.4,146.4,146.4,0,0
1789189200000,2026-09-12T05:00:00Z,146.4,146.4,146.4,146.4,0,0
1789189500000,2026-09-12T05:05:00Z,146.4,146.46,146.36,146.46,0.14,20.4974
1789189800000,2026-09-12T05:10:00Z,146.46,146.46,146.33,146.33,0.42,61.4817
1789190100000,2026-09-12T05:15:00Z,146.33,146.48,146.33,146.48,0.29,42.47
1789190400000,2026-09-12T05:20:00Z,146.48,146.48,146.48,146.48,0,0
1789190700000,2026-09-12T05:25:00Z,146.48,146.48,146.48,146.48,0,0
1789191000000,2026-09-12T05:30:00Z,146.48,146.48,146.46,146.46,0.18,26.3628
1789191300000,2026-09-12T05:35:00Z,146.46,146.46,146.46,146.46,0,0
1789191600000,2026-09-12T05:40:00Z,146.46,146.46,146.46,146.46,0,0
1789191900000,2026-09-12T05:45:00Z,146.46,146.46,146.46,146.46,0,0
1789192200000,2026-09-12T05:50:00Z,146.46,146.46,146.46,146.46,0,0
1789192500000,2026-09-12T05:55:00Z,146.46,146.5,146.37,146.5,0.32,46.8592
1789192800000,2026-09-12T06:00:00Z,146.5,146.5,146.47,146.47,0.11,16.1117
1789193100000,2026-09-12T06:05:00Z,146.47,146.52,146.4,146.46,0.5,73.23
1789193400000,2026-09-12T06:10:00Z,146.46,146.46,146.46,146.46,0,0
1789193700000,2026-09-12T06:15:00Z,146.46,146.46,146.38,146.46,0.34,49.7828
1789194000000,2026-09-12T06:20:00Z,146.46,146.46,146.43,146.43,0.21,30.7503
1789194300000,2026-09-12T06:25:00Z,146.43,146.43,146.43,146.43,0,0
1789194600000,2026-09-12T06:30:00Z,146.43,146.43,146.43,146.43,0,0
1789194900000,2026-09-12T06:35:00Z,146.43,146.43,146.43,146.43,0,0
1789195200000,2026-09-12T06:40:00Z,146.43,146.43,146.38,146.38,0.17,24.8846
1789195500000,2026-09-12T06:45:00Z,146.38,146.43,146.38,146.43,0.53,77.6079
1789195800000,2026-09-12T06:50:00Z,146.43,146.43,146.43,146.43,0,0
1789196100000,2026-09-12T06:55:00Z,146.43,146.43,146.43,146.43,0.22,32.2146
1789196400000,2026-09-12T07:00:00Z,146.43,146.43,146.41,146.41,0.31,45.3871
1789196700000,2026-09-12T07:05:00Z,146.41,146.48,146.35,146.35,0.36,52.7094
1789197000000,2026-09-12T07:10:00Z,146.35,146.35,146.35,146.35,0,0
1789197300000,2026-09-12T07:15:00Z,146.35,146.35,146.35,146.35,0,0
1789197600000,2026-09-12T07:20:00Z,146.35,146.35,146.35,146.35,0,0
1789197900000,2026-09-12T07:25:00Z,146.35,146.35,146.35,146.35,0,0
1789198200000,2026-09-12T07:30:00Z,146.35,146.35,146.35,146.35,0,0
1789198500000,2026-09-12T07:35:00Z,146.35,146.38,146.35,146.38,0.11,16.1018
1789198800000,2026-09-12T07:40:00Z,146.38,146.4,146.38,146.4,0.07,10.248
1789199100000,2026-09-12T07:45:00Z,146.4,146.4,146.4,146.4,0,0
1789199400000,2026-09-12T07:50:00Z,146.4,146.4,146.4,146.4,0,0
1789199700000,2026-09-12T07:55:00Z,146.4,146.4,146.4,146.4,0,0
1789200000000,2026-09-12T08:00:00Z,146.4,146.4,146.39,146.39,0.09,13.1751
1789200300000,2026-09-12T08:05:00Z,146.39,146.39,146.39,146.39,0,0
1789200600000,2026-09-12T08:10:00Z,146.39,146.39,146.38,146.38,0.12,17.5656
1789200900000,2026-09-12T08:15:00Z,146.38,146.38,146.38,146.38,0,0
1789201200000,2026-09-12T08:20:00Z,146.38,146.38,146.38,146.38,0,0
1789201500000,2026-09-12T08:25:00Z,146.38,146.38,146.38,146.38,0,0
1789201800000,2026-09-12T08:30:00Z,146.38,146.38,146.36,146.36,0.08,11.7088
1789202100000,2026-09-12T08:35:00Z,146.36,146.36,146.32,146.32,0.13,19.0216
1789202400000,2026-09-12T08:40:00Z,146.32,146.43,146.29,146.29,0.63,92.198
1789202700000,2026-09-12T08:45:00Z,146.29,146.29,146.29,146.29,0,0
1789203000000,2026-09-12T08:50:00Z,146.29,146.42,146.29,146.42,0.24,35.1408
1789203300000,2026-09-12T08:55:00Z,146.42,146.42,146.42,146.42,0,0
1789203600000,2026-09-12T09:00:00Z,146.42,146.42,146.42,146.42,0,0
1789203900000,2026-09-12T09:05:00Z,146.42,146.57,146.39,146.57,0.2,29.296
1789204200000,2026-09-12T09:10:00Z,146.57,146.57,146.43,146.43,0.11,16.1073
1789204500000,2026-09-12T09:15:00Z,146.43,146.43,146.43,146.43,0,0
1789204800000,2026-09-12T09:20:00Z,146.43,146.43,146.43,146.43,0,0
1789205100000,2026-09-12T09:25:00Z,146.43,146.48,146.43,146.48,0.1,14.648
1789205400000,2026-09-12T09:30:00Z,146.48,146.48,146.47,146.47,0.15,21.9705
1789205700000,2026-09-12T09:35:00Z,146.47,146.47,146.47,146.47,0,0
1789206000000,2026-09-12T09:40:00Z,146.47,146.47,146.47,146.47,0,0
1789206300000,2026-09-12T09:45:00Z,146.47,146.49,146.47,146.48,0.27,39.5514
1789206600000,2026-09-12T09:50:00Z,146.48,146.56,146.4,146.56,0.3,43.944
1789206900000,2026-09-12T09:55:00Z,146.56,146.56,146.46,146.46,0.24,35.1504
1789207200000,2026-09-12T10:00:00Z,146.46,146.46,146.46,146.46,0,0
1789207500000,2026-09-12T10:05:00Z,146.46,146.61,146.46,146.61,0.22,32.2377
1789207800000,2026-09-12T10:10:00Z,146.61,146.61,146.61,146.61,0,0
1789208100000,2026-09-12T10:15:00Z,146.61,146.61,146.61,146.61,0,0
1789208400000,2026-09-12T10:20:00Z,146.61,146.61,146.61,146.61,0,0
1789208700000,2026-09-12T10:25:00Z,146.61,146.61,146.61,146.61,0,0
1789209000000,2026-09-12T10:30:00Z,146.61,146.61,146.61,146.61,0,0
1789209300000,2026-09-12T10:35:00Z,146.61,146.61,146.43,146.43,0.12,17.5716
1789209600000,2026-09-12T10:40:00Z,146.43,146.43,146.43,146.43,0,0
1789209900000,2026-09-12T10:45:00Z,146.43,146.43,146.43,146.43,0.08,11.7144
1789210200000,2026-09-12T10:50:00Z,146.43,146.43,146.43,146.43,0,0
1789210500000,2026-09-12T10:55:00Z,146.43,146.43,146.43,146.43,0,0
1789210800000,2026-09-12T11:00:00Z,146.43,146.52,146.39,146.52,0.22,32.2201
1789211100000,2026-09-12T11:05:00Z,146.52,146.52,146.5,146.5,0.16,23.44
1789211400000,2026-09-12T11:10:00Z,146.5,146.73,146.48,146.73,0.4,58.642
1789211700000,2026-09-12T11:15:00Z,146.73,146.73,146.49,146.49,0.16,23.4384
1789212000000,2026-09-12T11:20:00Z,146.49,146.72,146.48,146.72,0.3,43.98
1789212300000,2026-09-12T11:25:00Z,146.72,146.72,146.72,146.72,0,0
1789212600000,2026-09-12T11:30:00Z,146.72,146.72,146.72,146.72,0,0
1789212900000,2026-09-12T11:35:00Z,146.72,146.72,146.72,146.72,0,0
1789213200000,2026-09-12T11:40:00Z,146.72,146.72,146.72,146.72,0,0
1789213500000,2026-09-12T11:45:00Z,146.72,146.72,146.72,146.72,0,0
1789213800000,2026-09-12T11:50:00Z,146.72,146.72,146.72,146.72,0,0
1789214100000,2026-09-12T11:55:00Z,146.72,146.72,146.72,146.72,0,0
1789214400000,2026-09-12T12:00:00Z,146.72,146.72,146.72,146.72,0,0
1789214700000,2026-09-12T12:05:00Z,146.72,146.72,146.51,146.51,0.13,19.0463
1789215000000,2026-09-12T12:10:00Z,146.51,146.51,146.51,146.51,0,0
1789215300000,2026-09-12T12:15:00Z,146.51,146.51,146.51,146.51,0,0
1789215600000,2026-09-12T12:20:00Z,146.51,146.71,146.51,146.71,0.15,22.0065
1789215900000,2026-09-12T12:25:00Z,146.71,146.71,146.71,146.71,0,0
1789216200000,2026-09-12T12:30:00Z,146.71,146.71,146.71,146.71,0,0
1789216500000,2026-09-12T12:35:00Z,146.71,146.71,146.71,146.71,0,0
1789216800000,2026-09-12T12:40:00Z,146.71,146.71,146.52,146.52,0.14,20.5128
1789217100000,2026-09-12T12:45:00Z,146.52,146.52,146.52,146.52,0,0
1789217400000,2026-09-12T12:50:00Z,146.52,146.52,146.52,146.52,0,0
1789217700000,2026-09-12T12:55:00Z,146.52,146.52,146.52,146.52,0,0
1789218000000,2026-09-12T13:00:00Z,146.52,146.52,146.5,146.5,0.18,26.37
1789218300000,2026-09-12T13:05:00Z,146.5,146.5,146.5,146.5,0,0
1789218600000,2026-09-12T13:10:00Z,146.5,146.66,146.46,146.66,0.61,89.3531
1789218900000,2026-09-12T13:15:00Z,146.66,146.66,146.66,146.66,0,0
1789219200000,2026-09-12T13:20:00Z,146.66,146.66,146.66,146.66,0,0
1789219500000,2026-09-12T13:25:00Z,146.66,146.66,146.5,146.5,0.23,33.695
1789219800000,2026-09-12T13:30:00Z,146.5,146.69,146.49,146.69,0.5,73.295
1789220100000,2026-09-12T13:35:00Z,146.69,146.69,146.69,146.69,0,0
1789220400000,2026-09-12T13:40:00Z,146.69,146.69,146.69,146.69,0,0
1789220700000,2026-09-12T13:45:00Z,146.69,146.69,146.69,146.69,0,0
1789221000000,2026-09-12T13:50:00Z,146.69,146.69,146.51,146.51,0.16,23.4416
1789221300000,2026-09-12T13:55:00Z,146.51,146.51,146.51,146.51,0,0
1789221600000,2026-09-12T14:00:00Z,146.51,146.66,146.45,146.66,0.42,61.5531
1789221900000,2026-09-12T14:05:00Z,146.66,146.66,146.66,146.66,0,0
1789222200000,2026-09-12T14:10:00Z,146.66,146.66,146.66,146.66,0,0
1789222500000,2026-09-12T14:15:00Z,146.66,146.66,146.51,146.51,0.23,33.6973
1789222800000,2026-09-12T14:20:00Z,146.51,146.51,146.51,146.51,0,0
1789223100000,2026-09-12T14:25:00Z,146.51,146.51,146.51,146.51,0,0
1789223400000,2026-09-12T14:30:00Z,146.51,146.51,146.51,146.51,0,0
1789223700000,2026-09-12T14:35:00Z,146.51,146.51,146.5,146.5,0.12,17.58
1789224000000,2026-09-12T14:40:00Z,146.5,146.5,146.48,146.48,0.25,36.62
1789224300000,2026-09-12T14:45:00Z,146.48,146.5,146.48,146.5,0.13,19.045
1789224600000,2026-09-12T14:50:00Z,146.5,146.67,146.5,146.67,0.36,52.7706
1789224900000,2026-09-12T14:55:00Z,146.67,146.67,146.47,146.47,0.15,21.9705
1789225200000,2026-09-12T15:00:00Z,146.47,146.49,146.47,146.49,0.22,32.2278
1789225500000,2026-09-12T15:05:00Z,146.49,146.49,146.49,146.49,0,0
1789225800000,2026-09-12T15:10:00Z,146.49,146.49,146.49,146.49,0,0
1789226100000,2026-09-12T15:15:00Z,146.49,146.49,146.49,146.49,0.21,30.7629
1789226400000,2026-09-12T15:20:00Z,146.49,146.49,146.48,146.48,0.09,13.1832
1789226700000,2026-09-12T15:25:00Z,146.48,146.48,146.47,146.47,0.22,32.2234
1789227000000,2026-09-12T15:30:00Z,146.47,146.64,146.46,146.64,0.54,79.137
1789227300000,2026-09-12T15:35:00Z,146.64,146.64,146.64,146.64,0,0
